video_id,date,dur_secs,viewCount,likeCount,favoriteCount,commentCount,duration,dimension,definition,caption,licensedContent,contentRating,projection,publishedAt,channelId,title,description,thumbnails,channelTitle,tags,categoryId,liveBroadcastContent,defaultLanguage,localized,defaultAudioLanguage,regionRestriction
OnUp-0ZDiDQ,2026-08-28,611,91950,2570,0,453,PT10M11S,2d,hd,False,True,{},rectangular,2025-07-25T15:31:26Z,UCWTj3vCqkQIsrTGSm4kM34g,"Cooler than a Jazz Bass? Actually, maybe.","FREE Slap Bass Workshop – Choose Your Time Slot Below!
Join Ian Martin Allison and myself for a 90-minute live session where you’ll decode the slap bass styles of Flea, Marcus Miller, and Larry Graham.

Pick the time that works best for you:

✅ Monday, July 28 @ 3pm UK / 10am EDT / 7am PDT
👉 https://sbl.link/monday-slap-bass-workshop

✅ Tuesday, July 29 @ 8pm UK / 3pm EDT / 12pm PDT
👉 https://sbl.link/tuesday-slap-bass-workshop

*SAME session, two options* — grab your seat and get ready to groove.


GET MORE BASS TIPS 👇
_________________________________________________________________
🙌 Be the first to know - SUBSCRIBE now → https://bit.ly/sub-to-sbl-yt
🎧 Tune in to our Weekly PODCAST → https://sblpodcast.buzzsprout.com/share
📱 Try our free GrooveTrainer APP → https://scottsbasslessons.com/groove-trainer-app 


ABOUT SCOTT’S BASS LESSONS (SBL)
_________________________________________________________________
As the largest online bass education platform in the world, with an ever-expanding course library and 40,000+ active members, Scott’s Bass Lessons (SBL) has everything you need to master the bass, all in one place. 

With beginner-friendly bass lessons, interactive courses led by industry experts, structured learning paths, personalized feedback, real-time mentorship from top bassists, and a vibrant, supportive community, SBL is the ultimate destination to enhance your bass playing—whether you're starting out or already a professional.

Try SBL Membership today! → https://sbl.link/join-sbl


RECOMMENDED BASS PLAYLIST
_________________________________________________________________
Catch up with SBL Content you’ve missed:
➡️ https://youtube.com/playlist?list=PLq5Wss5r1Cvvplt7z7O45JHk2TaJ3NT53  

#bassguitarlessons #bassforbeginners #easybasslines","{'default': {'url': 'https://i.ytimg.com/vi/OnUp-0ZDiDQ/default.jpg', 'width': 120, 'height': 90}, 'medium': {'url': 'https://i.ytimg.com/vi/OnUp-0ZDiDQ/mqdefault.jpg', 'width': 320, 'height': 180}, 'high': {'url': 'https://i.ytimg.com/vi/OnUp-0ZDiDQ/hqdefault.jpg', 'width': 480, 'height': 360}, 'standard': {'url': 'https://i.ytimg.com/vi/OnUp-0ZDiDQ/sddefault.jpg', 'width': 640, 'height': 480}, 'maxres': {'url': 'https://i.ytimg.com/vi/OnUp-0ZDiDQ/maxresdefault.jpg', 'width': 1280, 'height': 720}}",Scott's Bass Lessons,"['scott devine', 'bass lessons', 'bass guitar', 'beginner', 'beginners', 'scottsbasslessons', 'scotts bass lessons', 'sbl', 'electric bass', 'bass lesson', 'beginner bass lesson', 'beginner bass lessons']",10,none,en,"{'title': 'Cooler than a Jazz Bass? Actually, maybe.', 'description': ""FREE Slap Bass Workshop – Choose Your Time Slot Below!\nJoin Ian Martin Allison and myself for a 90-minute live session where you’ll decode the slap bass styles of Flea, Marcus Miller, and Larry Graham.\n\nPick the time that works best for you:\n\n✅ Monday, July 28 @ 3pm UK / 10am EDT / 7am PDT\n👉 https://sbl.link/monday-slap-bass-workshop\n\n✅ Tuesday, July 29 @ 8pm UK / 3pm EDT / 12pm PDT\n👉 https://sbl.link/tuesday-slap-bass-workshop\n\n*SAME session, two options* — grab your seat and get ready to groove.\n\n\nGET MORE BASS TIPS 👇\n_________________________________________________________________\n🙌 Be the first to know - SUBSCRIBE now → https://bit.ly/sub-to-sbl-yt\n🎧 Tune in to our Weekly PODCAST → https://sblpodcast.buzzsprout.com/share\n📱 Try our free GrooveTrainer APP → https://scottsbasslessons.com/groove-trainer-app \n\n\nABOUT SCOTT’S BASS LESSONS (SBL)\n_________________________________________________________________\nAs the largest online bass education platform in the world, with an ever-expanding course library and 40,000+ active members, Scott’s Bass Lessons (SBL) has everything you need to master the bass, all in one place. \n\nWith beginner-friendly bass lessons, interactive courses led by industry experts, structured learning paths, personalized feedback, real-time mentorship from top bassists, and a vibrant, supportive community, SBL is the ultimate destination to enhance your bass playing—whether you're starting out or already a professional.\n\nTry SBL Membership today! → https://sbl.link/join-sbl\n\n\nRECOMMENDED BASS PLAYLIST\n_________________________________________________________________\nCatch up with SBL Content you’ve missed:\n➡️ https://youtube.com/playlist?list=PLq5Wss5r1Cvvplt7z7O45JHk2TaJ3NT53  \n\n#bassguitarlessons #bassforbeginners #easybasslines""}",en,
5UmZlya3AY8,2026-08-28,1029,165069,5428,0,469,PT17M9S,2d,hd,False,True,{},rectangular,2025-07-28T10:37:00Z,UCWTj3vCqkQIsrTGSm4kM34g,responding to the Victor Wooten video,,"{'default': {'url': 'https://i.ytimg.com/vi/5UmZlya3AY8/default.jpg', 'width': 120, 'height': 90}, 'medium': {'url': 'https://i.ytimg.com/vi/5UmZlya3AY8/mqdefault.jpg', 'width': 320, 'height': 180}, 'high': {'url': 'https://i.ytimg.com/vi/5UmZlya3AY8/hqdefault.jpg', 'width': 480, 'height': 360}, 'standard': {'url': 'https://i.ytimg.com/vi/5UmZlya3AY8/sddefault.jpg', 'width': 640, 'height': 480}, 'maxres': {'url': 'https://i.ytimg.com/vi/5UmZlya3AY8/maxresdefault.jpg', 'width': 1280, 'height': 720}}",Scott's Bass Lessons,"['scott devine', 'bass lessons', 'bass guitar', 'beginner', 'beginners', 'scottsbasslessons', 'scotts bass lessons', 'sbl', 'electric bass', 'bass lesson', 'beginner bass lesson', 'beginner bass lessons']",10,none,en,"{'title': 'responding to the Victor Wooten video', 'description': ''}",en,
-8nWeVXyXNk,2026-08-28,855,25149,932,0,90,PT14M15S,2d,hd,False,True,{},rectangular,2025-07-30T15:00:00Z,UCWTj3vCqkQIsrTGSm4kM34g,How does Victor Wooten do THIS??,"🎸 The Slap Accelerator is now OPEN for enrollment! Claim your spot before it closes to get your $100 discount + FREE bonuses → https://sbl.link/3IQanpq

🔥 Try the SBL Bass Academy FREE for 14 Days: https://sbl.link/join-sbl
🚀 Get 1-1 Bass Coaching (enrollment open now!): https://sbl.link/the-blueprint

===

Double thumb used to be my worst nightmare—until Ian dropped a course that made it look way too fun to ignore. In this video, I break down how I finally got it together, plus a slap riff to help you do the same. If you’ve ever struggled with this technique, you’re in good company!

===

00:00 - Introduction
01:43 - The Slap Accelerator
02:25 - The Basics
03:55 - Exercise 1
08:00 - The Riff Breakdown
12:00 - My Slap Bass Journey
12:40 - Final Thoughts

GET MORE BASS TIPS 👇
_________________________________________________________________
🙌 Be the first to know - SUBSCRIBE now → https://bit.ly/sub-to-sbl-yt
🎧 Tune in to our Weekly PODCAST → https://sblpodcast.buzzsprout.com/share
📱 Try our free GrooveTrainer APP → https://scottsbasslessons.com/groove-trainer-app 

ABOUT SCOTT’S BASS LESSONS (SBL)
_________________________________________________________________
As the largest online bass education platform in the world, with an ever-expanding course library and 40,000+ active members, Scott’s Bass Lessons (SBL) has everything you need to master the bass, all in one place. 

With beginner-friendly bass lessons, interactive courses led by industry experts, structured learning paths, personalized feedback, real-time mentorship from top bassists, and a vibrant, supportive community, SBL is the ultimate destination to enhance your bass playing—whether you're starting out or already a professional.

Try SBL Membership today! → https://sbl.link/join-sbl


RECOMMENDED BASS PLAYLIST
_________________________________________________________________
Catch up with SBL Content you’ve missed:
➡️ https://youtube.com/playlist?list=PLq5Wss5r1Cvvplt7z7O45JHk2TaJ3NT53  

#bassguitarlessons #bassforbeginners #easybasslines","{'default': {'url': 'https://i.ytimg.com/vi/-8nWeVXyXNk/default.jpg', 'width': 120, 'height': 90}, 'medium': {'url': 'https://i.ytimg.com/vi/-8nWeVXyXNk/mqdefault.jpg', 'width': 320, 'height': 180}, 'high': {'url': 'https://i.ytimg.com/vi/-8nWeVXyXNk/hqdefault.jpg', 'width': 480, 'height': 360}, 'standard': {'url': 'https://i.ytimg.com/vi/-8nWeVXyXNk/sddefault.jpg', 'width': 640, 'height': 480}, 'maxres': {'url': 'https://i.ytimg.com/vi/-8nWeVXyXNk/maxresdefault.jpg', 'width': 1280, 'height': 720}}",Scott's Bass Lessons,"['scott devine', 'bass lessons', 'bass guitar', 'beginner', 'beginners', 'scottsbasslessons', 'scotts bass lessons', 'sbl', 'electric bass', 'bass lesson', 'beginner bass lesson', 'beginner bass lessons']",10,none,en,"{'title': 'How does Victor Wooten do THIS??', 'description': ""🎸 The Slap Accelerator is now OPEN for enrollment! Claim your spot before it closes to get your $100 discount + FREE bonuses → https://sbl.link/3IQanpq\n\n🔥 Try the SBL Bass Academy FREE for 14 Days: https://sbl.link/join-sbl\n🚀 Get 1-1 Bass Coaching (enrollment open now!): https://sbl.link/the-blueprint\n\n===\n\nDouble thumb used to be my worst nightmare—until Ian dropped a course that made it look way too fun to ignore. In this video, I break down how I finally got it together, plus a slap riff to help you do the same. If you’ve ever struggled with this technique, you’re in good company!\n\n===\n\n00:00 - Introduction\n01:43 - The Slap Accelerator\n02:25 - The Basics\n03:55 - Exercise 1\n08:00 - The Riff Breakdown\n12:00 - My Slap Bass Journey\n12:40 - Final Thoughts\n\nGET MORE BASS TIPS 👇\n_________________________________________________________________\n🙌 Be the first to know - SUBSCRIBE now → https://bit.ly/sub-to-sbl-yt\n🎧 Tune in to our Weekly PODCAST → https://sblpodcast.buzzsprout.com/share\n📱 Try our free GrooveTrainer APP → https://scottsbasslessons.com/groove-trainer-app \n\nABOUT SCOTT’S BASS LESSONS (SBL)\n_________________________________________________________________\nAs the largest online bass education platform in the world, with an ever-expanding course library and 40,000+ active members, Scott’s Bass Lessons (SBL) has everything you need to master the bass, all in one place. \n\nWith beginner-friendly bass lessons, interactive courses led by industry experts, structured learning paths, personalized feedback, real-time mentorship from top bassists, and a vibrant, supportive community, SBL is the ultimate destination to enhance your bass playing—whether you're starting out or already a professional.\n\nTry SBL Membership today! → https://sbl.link/join-sbl\n\n\nRECOMMENDED BASS PLAYLIST\n_________________________________________________________________\nCatch up with SBL Content you’ve missed:\n➡️ https://youtube.com/playlist?list=PLq5Wss5r1Cvvplt7z7O45JHk2TaJ3NT53  \n\n#bassguitarlessons #bassforbeginners #easybasslines""}",en,
X9f7LIhEXN8,2026-08-28,829,31315,944,0,104,PT13M49S,2d,hd,False,True,{},rectangular,2025-08-01T15:00:58Z,UCWTj3vCqkQIsrTGSm4kM34g,Mark Kings’ (Level 42) GREATEST bass line ever,"🎸 The Slap Accelerator is now OPEN for enrollment! Claim your spot before it closes to get your $100 discount + FREE bonuses → https://sbl.link/3IQanpq

👉 Grab the FREE Tab & Notation here: https://sbl.link/45eTA6C
🔥 Try the SBL Bass Academy FREE for 14 Days: https://sbl.link/join-sbl
🚀 Get 1-1 Bass Coaching (enrollment open now!): https://sbl.link/the-blueprint

===

===

00:00 - Introduction
01:00 - The Fretting Hand Slap
01:29 - Fretting Hand Slap Exercise
02:02 - The Main Riff Pt. 1
04:15 - The Main Riff Pt. 2
07:40 - The Main Riff Pt. 3
08:37 - The Repeat
09:49 - Slow Version
10:21 - How To Approach The Bass Line

GET MORE BASS TIPS 👇
_________________________________________________________________
🙌 Be the first to know - SUBSCRIBE now → https://bit.ly/sub-to-sbl-yt
🎧 Tune in to our Weekly PODCAST → https://sblpodcast.buzzsprout.com/share
📱 Try our free GrooveTrainer APP → https://scottsbasslessons.com/groove-trainer-app 

ABOUT SCOTT’S BASS LESSONS (SBL)
_________________________________________________________________
As the largest online bass education platform in the world, with an ever-expanding course library and 40,000+ active members, Scott’s Bass Lessons (SBL) has everything you need to master the bass, all in one place. 

With beginner-friendly bass lessons, interactive courses led by industry experts, structured learning paths, personalized feedback, real-time mentorship from top bassists, and a vibrant, supportive community, SBL is the ultimate destination to enhance your bass playing—whether you're starting out or already a professional.

Try SBL Membership today! → https://sbl.link/join-sbl

RECOMMENDED BASS PLAYLIST
_________________________________________________________________
Catch up with SBL Content you’ve missed:
➡️ https://youtube.com/playlist?list=PLq5Wss5r1Cvvplt7z7O45JHk2TaJ3NT53  

#bassguitarlessons #bassforbeginners #easybasslines","{'default': {'url': 'https://i.ytimg.com/vi/X9f7LIhEXN8/default.jpg', 'width': 120, 'height': 90}, 'medium': {'url': 'https://i.ytimg.com/vi/X9f7LIhEXN8/mqdefault.jpg', 'width': 320, 'height': 180}, 'high': {'url': 'https://i.ytimg.com/vi/X9f7LIhEXN8/hqdefault.jpg', 'width': 480, 'height': 360}, 'standard': {'url': 'https://i.ytimg.com/vi/X9f7LIhEXN8/sddefault.jpg', 'width': 640, 'height': 480}, 'maxres': {'url': 'https://i.ytimg.com/vi/X9f7LIhEXN8/maxresdefault.jpg', 'width': 1280, 'height': 720}}",Scott's Bass Lessons,"['scott devine', 'bass lessons', 'bass guitar', 'beginner', 'beginners', 'scottsbasslessons', 'scotts bass lessons', 'sbl', 'electric bass', 'bass lesson', 'beginner bass lesson', 'beginner bass lessons']",10,none,en,"{'title': 'Mark Kings’ (Level 42) GREATEST bass line ever', 'description': ""🎸 The Slap Accelerator is now OPEN for enrollment! Claim your spot before it closes to get your $100 discount + FREE bonuses → https://sbl.link/3IQanpq\n\n👉 Grab the FREE Tab & Notation here: https://sbl.link/45eTA6C\n🔥 Try the SBL Bass Academy FREE for 14 Days: https://sbl.link/join-sbl\n🚀 Get 1-1 Bass Coaching (enrollment open now!): https://sbl.link/the-blueprint\n\n===\n\n===\n\n00:00 - Introduction\n01:00 - The Fretting Hand Slap\n01:29 - Fretting Hand Slap Exercise\n02:02 - The Main Riff Pt. 1\n04:15 - The Main Riff Pt. 2\n07:40 - The Main Riff Pt. 3\n08:37 - The Repeat\n09:49 - Slow Version\n10:21 - How To Approach The Bass Line\n\nGET MORE BASS TIPS 👇\n_________________________________________________________________\n🙌 Be the first to know - SUBSCRIBE now → https://bit.ly/sub-to-sbl-yt\n🎧 Tune in to our Weekly PODCAST → https://sblpodcast.buzzsprout.com/share\n📱 Try our free GrooveTrainer APP → https://scottsbasslessons.com/groove-trainer-app \n\nABOUT SCOTT’S BASS LESSONS (SBL)\n_________________________________________________________________\nAs the largest online bass education platform in the world, with an ever-expanding course library and 40,000+ active members, Scott’s Bass Lessons (SBL) has everything you need to master the bass, all in one place. \n\nWith beginner-friendly bass lessons, interactive courses led by industry experts, structured learning paths, personalized feedback, real-time mentorship from top bassists, and a vibrant, supportive community, SBL is the ultimate destination to enhance your bass playing—whether you're starting out or already a professional.\n\nTry SBL Membership today! → https://sbl.link/join-sbl\n\nRECOMMENDED BASS PLAYLIST\n_________________________________________________________________\nCatch up with SBL Content you’ve missed:\n➡️ https://youtube.com/playlist?list=PLq5Wss5r1Cvvplt7z7O45JHk2TaJ3NT53  \n\n#bassguitarlessons #bassforbeginners #easybasslines""}",en,
4ervOxAR1xc,2026-08-28,3558,30002,972,0,254,PT59M18S,2d,hd,False,True,{},rectangular,2025-08-04T15:00:07Z,UCWTj3vCqkQIsrTGSm4kM34g,Travel DISASTER? (6 pro-level travel hacks so you don’t have one),"🎸 The Slap Accelerator is OPEN for enrollment! One day left to sign up! → https://sbl.link/4lTQ9JS
🔥 Try the SBL Bass Academy FREE for 14 Days: https://sbl.link/join-sbl
🚀 Get 1-1 Bass Coaching (enrollment open now!): https://sbl.link/the-blueprint

Ian and Sharon swap travel horror stories and share their biggest lessons from years of touring and bass travel. From packing light to gate check debates, things get real (and occasionally frustrating). Expect strong opinions, a few surprises, and plenty of what not to do next time you fly.

===

Video Breakdown:

00:00 - Introduction  
03:30 - Travelling Light  
06:22 - Janek Gwizdala  
08:45 - Carry On VS. Gate Check  
21:16 - 1 - Do Not Fight  
25:18 - 2 - Case Recommendations  
26:42 - 3 - Smart Packing  
32:03 - Travelling with Multiple Basses  
33:53 - 4 - String Prep  
35:18 - Horror Stories  
40:48 - 5 - Small Pedal Board & Bag  
41:59 - Ian Almost Getting Cancelled  
55:05 - 6 - Sneaky Air Tag  

===

GET MORE BASS TIPS 👇
_________________________________________________________________
🙌 Be the first to know - SUBSCRIBE now → https://bit.ly/sub-to-sbl-yt
🎧 Tune in to our Weekly PODCAST → https://sblpodcast.buzzsprout.com/share
📱 Try our free GrooveTrainer APP → https://scottsbasslessons.com/groove-trainer-app 


ABOUT SCOTT'S BASS LESSONS (SBL)
_________________________________________________________________
As the largest online bass education platform in the world, with an ever-expanding course library and 40,000+ active members, Scott's Bass Lessons (SBL) has everything you need to master the bass, all in one place. 

With beginner-friendly bass lessons, interactive courses led by industry experts, structured learning paths, personalized feedback, real-time mentorship from top bassists, and a vibrant, supportive community, SBL is the ultimate destination to enhance your bass playing—whether you're starting out or already a professional.

Try SBL Membership today! → https://sbl.link/join-sbl


RECOMMENDED BASS PLAYLIST
_________________________________________________________________
Catch up with SBL Content you've missed:
➡️ https://youtube.com/playlist?list=PLq5Wss5r1Cvvplt7z7O45JHk2TaJ3NT53  

#bassguitarlessons #bassforbeginners #easybasslines","{'default': {'url': 'https://i.ytimg.com/vi/4ervOxAR1xc/default.jpg', 'width': 120, 'height': 90}, 'medium': {'url': 'https://i.ytimg.com/vi/4ervOxAR1xc/mqdefault.jpg', 'width': 320, 'height': 180}, 'high': {'url': 'https://i.ytimg.com/vi/4ervOxAR1xc/hqdefault.jpg', 'width': 480, 'height': 360}, 'standard': {'url': 'https://i.ytimg.com/vi/4ervOxAR1xc/sddefault.jpg', 'width': 640, 'height': 480}, 'maxres': {'url': 'https://i.ytimg.com/vi/4ervOxAR1xc/maxresdefault.jpg', 'width': 1280, 'height': 720}}",Scott's Bass Lessons,"['bass guitar', 'bass lesson', 'bass lessons', 'beginner', 'beginner bass lesson', 'beginner bass lessons', 'beginners', 'electric bass', 'sbl', 'scott devine', ""scott's bass lessons"", 'scotts bass lessons', 'scottsbasslessons']",10,none,en,"{'title': 'Travel DISASTER? (6 pro-level travel hacks so you don’t have one)', 'description': ""🎸 The Slap Accelerator is OPEN for enrollment! One day left to sign up! → https://sbl.link/4lTQ9JS\n🔥 Try the SBL Bass Academy FREE for 14 Days: https://sbl.link/join-sbl\n🚀 Get 1-1 Bass Coaching (enrollment open now!): https://sbl.link/the-blueprint\n\nIan and Sharon swap travel horror stories and share their biggest lessons from years of touring and bass travel. From packing light to gate check debates, things get real (and occasionally frustrating). Expect strong opinions, a few surprises, and plenty of what not to do next time you fly.\n\n===\n\nVideo Breakdown:\n\n00:00 - Introduction  \n03:30 - Travelling Light  \n06:22 - Janek Gwizdala  \n08:45 - Carry On VS. Gate Check  \n21:16 - 1 - Do Not Fight  \n25:18 - 2 - Case Recommendations  \n26:42 - 3 - Smart Packing  \n32:03 - Travelling with Multiple Basses  \n33:53 - 4 - String Prep  \n35:18 - Horror Stories  \n40:48 - 5 - Small Pedal Board & Bag  \n41:59 - Ian Almost Getting Cancelled  \n55:05 - 6 - Sneaky Air Tag  \n\n===\n\nGET MORE BASS TIPS 👇\n_________________________________________________________________\n🙌 Be the first to know - SUBSCRIBE now → https://bit.ly/sub-to-sbl-yt\n🎧 Tune in to our Weekly PODCAST → https://sblpodcast.buzzsprout.com/share\n📱 Try our free GrooveTrainer APP → https://scottsbasslessons.com/groove-trainer-app \n\n\nABOUT SCOTT'S BASS LESSONS (SBL)\n_________________________________________________________________\nAs the largest online bass education platform in the world, with an ever-expanding course library and 40,000+ active members, Scott's Bass Lessons (SBL) has everything you need to master the bass, all in one place. \n\nWith beginner-friendly bass lessons, interactive courses led by industry experts, structured learning paths, personalized feedback, real-time mentorship from top bassists, and a vibrant, supportive community, SBL is the ultimate destination to enhance your bass playing—whether you're starting out or already a professional.\n\nTry SBL Membership today! → https://sbl.link/join-sbl\n\n\nRECOMMENDED BASS PLAYLIST\n_________________________________________________________________\nCatch up with SBL Content you've missed:\n➡️ https://youtube.com/playlist?list=PLq5Wss5r1Cvvplt7z7O45JHk2TaJ3NT53  \n\n#bassguitarlessons #bassforbeginners #easybasslines""}",en-US,
99pGNiKw0-s,2026-08-28,810,76388,2425,0,400,PT13M30S,2d,hd,False,False,{},rectangular,2025-08-07T15:00:20Z,UCWTj3vCqkQIsrTGSm4kM34g,Is this the Greatest PUNK-SOUL Bass Line of 1982?,"👉 Grab the FREE Tab & Notation here: https://sbl.link/3IXdw6V
🔥 Try the SBL Bass Academy FREE for 14 Days: https://sbl.link/join-sbl
🚀 Get 1-1 Bass Coaching (enrollment open now!): https://sbl.link/the-blueprint

Punk meets Motown? In this lesson, Ian breaks down A Town Called Malice by The Jam—a bass line that’s all feel, motion, and attitude. From the jumpy, soul-inspired groove to the driving verse, there’s a lot going on under the hood. 

You’ll hear the Motown influence - but played like it’s late for a train.
Grab your bass and dig in—this one’s all about getting it in your hands and feeling it for yourself.

===

Video Breakdown:

00:00 - Introduction
00:44 - Motown Inspiration
01:22 - Intro & Chorus Riff
02:58 - Gear & Sound
06:38 - Picking Technique
08:30 - Verse
10:26 - How To Master The Feel
11:00 - Pick Technique Continued
12:40 - Wrap Up
13:05 - Outtakes

===

GET MORE BASS TIPS 👇
_________________________________________________________________
🙌 Be the first to know - SUBSCRIBE now → https://bit.ly/sub-to-sbl-yt
🎧 Tune in to our Weekly PODCAST → https://sblpodcast.buzzsprout.com/share
📱 Try our free GrooveTrainer APP → https://scottsbasslessons.com/groove-trainer-app 


ABOUT SCOTT'S BASS LESSONS (SBL)
_________________________________________________________________
As the largest online bass education platform in the world, with an ever-expanding course library and 40,000+ active members, Scott's Bass Lessons (SBL) has everything you need to master the bass, all in one place. 

With beginner-friendly bass lessons, interactive courses led by industry experts, structured learning paths, personalized feedback, real-time mentorship from top bassists, and a vibrant, supportive community, SBL is the ultimate destination to enhance your bass playing—whether you're starting out or already a professional.

Try SBL Membership today! → https://sbl.link/join-sbl


RECOMMENDED BASS PLAYLIST
_________________________________________________________________
Catch up with SBL Content you've missed:
➡️ https://youtube.com/playlist?list=PLq5Wss5r1Cvvplt7z7O45JHk2TaJ3NT53  

#bassguitarlessons #bassforbeginners #easybasslines","{'default': {'url': 'https://i.ytimg.com/vi/99pGNiKw0-s/default.jpg', 'width': 120, 'height': 90}, 'medium': {'url': 'https://i.ytimg.com/vi/99pGNiKw0-s/mqdefault.jpg', 'width': 320, 'height': 180}, 'high': {'url': 'https://i.ytimg.com/vi/99pGNiKw0-s/hqdefault.jpg', 'width': 480, 'height': 360}, 'standard': {'url': 'https://i.ytimg.com/vi/99pGNiKw0-s/sddefault.jpg', 'width': 640, 'height': 480}, 'maxres': {'url': 'https://i.ytimg.com/vi/99pGNiKw0-s/maxresdefault.jpg', 'width': 1280, 'height': 720}}",Scott's Bass Lessons,"['bass guitar', 'bass lesson', 'bass lessons', 'beginner', 'beginner bass lesson', 'beginner bass lessons', 'beginners', 'electric bass', 'sbl', 'scott devine', ""scott's bass lessons"", 'scotts bass lessons', 'scottsbasslessons']",10,none,en,"{'title': 'Is this the Greatest PUNK-SOUL Bass Line of 1982?', 'description': ""👉 Grab the FREE Tab & Notation here: https://sbl.link/3IXdw6V\n🔥 Try the SBL Bass Academy FREE for 14 Days: https://sbl.link/join-sbl\n🚀 Get 1-1 Bass Coaching (enrollment open now!): https://sbl.link/the-blueprint\n\nPunk meets Motown? In this lesson, Ian breaks down A Town Called Malice by The Jam—a bass line that’s all feel, motion, and attitude. From the jumpy, soul-inspired groove to the driving verse, there’s a lot going on under the hood. \n\nYou’ll hear the Motown influence - but played like it’s late for a train.\nGrab your bass and dig in—this one’s all about getting it in your hands and feeling it for yourself.\n\n===\n\nVideo Breakdown:\n\n00:00 - Introduction\n00:44 - Motown Inspiration\n01:22 - Intro & Chorus Riff\n02:58 - Gear & Sound\n06:38 - Picking Technique\n08:30 - Verse\n10:26 - How To Master The Feel\n11:00 - Pick Technique Continued\n12:40 - Wrap Up\n13:05 - Outtakes\n\n===\n\nGET MORE BASS TIPS 👇\n_________________________________________________________________\n🙌 Be the first to know - SUBSCRIBE now → https://bit.ly/sub-to-sbl-yt\n🎧 Tune in to our Weekly PODCAST → https://sblpodcast.buzzsprout.com/share\n📱 Try our free GrooveTrainer APP → https://scottsbasslessons.com/groove-trainer-app \n\n\nABOUT SCOTT'S BASS LESSONS (SBL)\n_________________________________________________________________\nAs the largest online bass education platform in the world, with an ever-expanding course library and 40,000+ active members, Scott's Bass Lessons (SBL) has everything you need to master the bass, all in one place. \n\nWith beginner-friendly bass lessons, interactive courses led by industry experts, structured learning paths, personalized feedback, real-time mentorship from top bassists, and a vibrant, supportive community, SBL is the ultimate destination to enhance your bass playing—whether you're starting out or already a professional.\n\nTry SBL Membership today! → https://sbl.link/join-sbl\n\n\nRECOMMENDED BASS PLAYLIST\n_________________________________________________________________\nCatch up with SBL Content you've missed:\n➡️ https://youtube.com/playlist?list=PLq5Wss5r1Cvvplt7z7O45JHk2TaJ3NT53  \n\n#bassguitarlessons #bassforbeginners #easybasslines""}",en-US,
VVMtHqlWa4k,2026-08-28,2273,42667,1338,0,134,PT37M53S,2d,hd,False,True,{},rectangular,2025-08-11T15:00:54Z,UCWTj3vCqkQIsrTGSm4kM34g,"Janek Gwizdala's Gear Confessions (Pedals, Basses and more)","🎸 Join the SBL Monthly Giveaway! → https://sbl.link/4gAF9Oj
🔥 Try the SBL Bass Academy FREE for 14 Days: https://sbl.link/join-sbl
🚀 Get 1-1 Bass Coaching (enrollment open now!): https://sbl.link/the-blueprint
💙 Follow Janek Gwizdala 👉 YT:  @janekgwizdala  | www.janekgwizdala.com

Scott sits down with Janek Gwizdala for a deep gear dive, kicking off with his go-to pedal pick for players just getting into bass effects. From there, they move through the basses, pedals, and other essentials that have earned a permanent spot in Janek’s setup. Stick around and see what made the cut.

===

Video Breakdown:

00:00 - Introduction
01:10 - Essential Bass Pedals
04:24 - Compression
05:00 - DIs
07:15 - Performance Pt. 1
08:15 - Janek’s Pedalboard Rundown
18:16 - Performance Pt. 2
19:46 - Improvisation
21:13 - Custom Mattisson Bass
23:27 - RKM Custom Bass V
27:00 - RKM Custom Bass IV
28:35 - Fender Precision Bass
29:30 - Classical Guitar Approach
33:20 - Goya Panther II
35:54 - Final Thoughts

===

GET MORE BASS TIPS 👇
_________________________________________________________________
🙌 Be the first to know - SUBSCRIBE now → https://bit.ly/sub-to-sbl-yt
🎧 Tune in to our Weekly PODCAST → https://sblpodcast.buzzsprout.com/share
📱 Try our free GrooveTrainer APP → https://scottsbasslessons.com/groove-trainer-app 


ABOUT SCOTT’S BASS LESSONS (SBL)
_________________________________________________________________
As the largest online bass education platform in the world, with an ever-expanding course library and 40,000+ active members, Scott’s Bass Lessons (SBL) has everything you need to master the bass, all in one place. 

With beginner-friendly bass lessons, interactive courses led by industry experts, structured learning paths, personalized feedback, real-time mentorship from top bassists, and a vibrant, supportive community, SBL is the ultimate destination to enhance your bass playing—whether you're starting out or already a professional.

Try SBL Membership today! → https://sbl.link/join-sbl


RECOMMENDED BASS PLAYLIST
_________________________________________________________________
Catch up with SBL Content you’ve missed:
➡️ https://youtube.com/playlist?list=PLq5Wss5r1Cvvplt7z7O45JHk2TaJ3NT53  

#bassguitarlessons #bassforbeginners #easybasslines","{'default': {'url': 'https://i.ytimg.com/vi/VVMtHqlWa4k/default.jpg', 'width': 120, 'height': 90}, 'medium': {'url': 'https://i.ytimg.com/vi/VVMtHqlWa4k/mqdefault.jpg', 'width': 320, 'height': 180}, 'high': {'url': 'https://i.ytimg.com/vi/VVMtHqlWa4k/hqdefault.jpg', 'width': 480, 'height': 360}, 'standard': {'url': 'https://i.ytimg.com/vi/VVMtHqlWa4k/sddefault.jpg', 'width': 640, 'height': 480}, 'maxres': {'url': 'https://i.ytimg.com/vi/VVMtHqlWa4k/maxresdefault.jpg', 'width': 1280, 'height': 720}}",Scott's Bass Lessons,"['scott devine', 'bass lessons', 'bass guitar', 'beginner', 'beginners', 'scottsbasslessons', 'scotts bass lessons', 'sbl', 'electric bass', 'bass lesson', 'beginner bass lesson', 'beginner bass lessons']",10,none,en,"{'title': ""Janek Gwizdala's Gear Confessions (Pedals, Basses and more)"", 'description': ""🎸 Join the SBL Monthly Giveaway! → https://sbl.link/4gAF9Oj\n🔥 Try the SBL Bass Academy FREE for 14 Days: https://sbl.link/join-sbl\n🚀 Get 1-1 Bass Coaching (enrollment open now!): https://sbl.link/the-blueprint\n💙 Follow Janek Gwizdala 👉 YT:  @janekgwizdala  | www.janekgwizdala.com\n\nScott sits down with Janek Gwizdala for a deep gear dive, kicking off with his go-to pedal pick for players just getting into bass effects. From there, they move through the basses, pedals, and other essentials that have earned a permanent spot in Janek’s setup. Stick around and see what made the cut.\n\n===\n\nVideo Breakdown:\n\n00:00 - Introduction\n01:10 - Essential Bass Pedals\n04:24 - Compression\n05:00 - DIs\n07:15 - Performance Pt. 1\n08:15 - Janek’s Pedalboard Rundown\n18:16 - Performance Pt. 2\n19:46 - Improvisation\n21:13 - Custom Mattisson Bass\n23:27 - RKM Custom Bass V\n27:00 - RKM Custom Bass IV\n28:35 - Fender Precision Bass\n29:30 - Classical Guitar Approach\n33:20 - Goya Panther II\n35:54 - Final Thoughts\n\n===\n\nGET MORE BASS TIPS 👇\n_________________________________________________________________\n🙌 Be the first to know - SUBSCRIBE now → https://bit.ly/sub-to-sbl-yt\n🎧 Tune in to our Weekly PODCAST → https://sblpodcast.buzzsprout.com/share\n📱 Try our free GrooveTrainer APP → https://scottsbasslessons.com/groove-trainer-app \n\n\nABOUT SCOTT’S BASS LESSONS (SBL)\n_________________________________________________________________\nAs the largest online bass education platform in the world, with an ever-expanding course library and 40,000+ active members, Scott’s Bass Lessons (SBL) has everything you need to master the bass, all in one place. \n\nWith beginner-friendly bass lessons, interactive courses led by industry experts, structured learning paths, personalized feedback, real-time mentorship from top bassists, and a vibrant, supportive community, SBL is the ultimate destination to enhance your bass playing—whether you're starting out or already a professional.\n\nTry SBL Membership today! → https://sbl.link/join-sbl\n\n\nRECOMMENDED BASS PLAYLIST\n_________________________________________________________________\nCatch up with SBL Content you’ve missed:\n➡️ https://youtube.com/playlist?list=PLq5Wss5r1Cvvplt7z7O45JHk2TaJ3NT53  \n\n#bassguitarlessons #bassforbeginners #easybasslines""}",en,
go6CfSD0f10,2026-08-28,1364,719971,21041,0,1269,PT22M44S,2d,hd,False,False,{},rectangular,2025-08-13T15:01:13Z,UCWTj3vCqkQIsrTGSm4kM34g,"Jazz Fusion Trio Covers The Police on the spot (ft. Hadrien Feraud, Cory Henry & Ronald Bruner Jr.)","🔥 Try the SBL Bass Academy FREE for 14 Days: https://sbl.link/join-sbl
🚀 Get 1-1 Bass Coaching (enrollment open now!): https://sbl.link/the-blueprint

What happens when Hadrien Feraud, Cory Henry, and Ronald Bruner Jr. take on a Police tune—and flip it into a brand-new arrangement on the spot? Ian and Scott watch in awe as the trio crack the harmony, lock in the groove, and bring the whole thing to life right in front of you.

===

Video Breakdown:

00:00 - Introduction
01:07 - The Track Reveal (The Police - King of Pain)
02:34 - Figuring Out The Harmony
03:25 - Finding The Groove
05:40 - Last Verse Variant
07:08 - King of Pain - Full Take
15:50 - Q&A

===

GET MORE BASS TIPS 👇
_________________________________________________________________
🙌 Be the first to know - SUBSCRIBE now → https://bit.ly/sub-to-sbl-yt
🎧 Tune in to our Weekly PODCAST → https://sblpodcast.buzzsprout.com/share
📱 Try our free GrooveTrainer APP → https://scottsbasslessons.com/groove-trainer-app 


ABOUT SCOTT’S BASS LESSONS (SBL)
_________________________________________________________________
As the largest online bass education platform in the world, with an ever-expanding course library and 40,000+ active members, Scott’s Bass Lessons (SBL) has everything you need to master the bass, all in one place. 

With beginner-friendly bass lessons, interactive courses led by industry experts, structured learning paths, personalized feedback, real-time mentorship from top bassists, and a vibrant, supportive community, SBL is the ultimate destination to enhance your bass playing—whether you're starting out or already a professional.

Try SBL Membership today! → https://sbl.link/join-sbl


RECOMMENDED BASS PLAYLIST
_________________________________________________________________
Catch up with SBL Content you’ve missed:
➡️ https://youtube.com/playlist?list=PLq5Wss5r1Cvvplt7z7O45JHk2TaJ3NT53  

#bassguitarlessons #bassforbeginners #easybasslines","{'default': {'url': 'https://i.ytimg.com/vi/go6CfSD0f10/default.jpg', 'width': 120, 'height': 90}, 'medium': {'url': 'https://i.ytimg.com/vi/go6CfSD0f10/mqdefault.jpg', 'width': 320, 'height': 180}, 'high': {'url': 'https://i.ytimg.com/vi/go6CfSD0f10/hqdefault.jpg', 'width': 480, 'height': 360}, 'standard': {'url': 'https://i.ytimg.com/vi/go6CfSD0f10/sddefault.jpg', 'width': 640, 'height': 480}, 'maxres': {'url': 'https://i.ytimg.com/vi/go6CfSD0f10/maxresdefault.jpg', 'width': 1280, 'height': 720}}",Scott's Bass Lessons,"['scott devine', 'bass lessons', 'bass guitar', 'beginner', 'beginners', 'scottsbasslessons', 'scotts bass lessons', 'sbl', 'electric bass', 'bass lesson', 'beginner bass lesson', 'beginner bass lessons']",10,none,en,"{'title': 'Jazz Fusion Trio Covers The Police on the spot (ft. Hadrien Feraud, Cory Henry & Ronald Bruner Jr.)', 'description': ""🔥 Try the SBL Bass Academy FREE for 14 Days: https://sbl.link/join-sbl\n🚀 Get 1-1 Bass Coaching (enrollment open now!): https://sbl.link/the-blueprint\n\nWhat happens when Hadrien Feraud, Cory Henry, and Ronald Bruner Jr. take on a Police tune—and flip it into a brand-new arrangement on the spot? Ian and Scott watch in awe as the trio crack the harmony, lock in the groove, and bring the whole thing to life right in front of you.\n\n===\n\nVideo Breakdown:\n\n00:00 - Introduction\n01:07 - The Track Reveal (The Police - King of Pain)\n02:34 - Figuring Out The Harmony\n03:25 - Finding The Groove\n05:40 - Last Verse Variant\n07:08 - King of Pain - Full Take\n15:50 - Q&A\n\n===\n\nGET MORE BASS TIPS 👇\n_________________________________________________________________\n🙌 Be the first to know - SUBSCRIBE now → https://bit.ly/sub-to-sbl-yt\n🎧 Tune in to our Weekly PODCAST → https://sblpodcast.buzzsprout.com/share\n📱 Try our free GrooveTrainer APP → https://scottsbasslessons.com/groove-trainer-app \n\n\nABOUT SCOTT’S BASS LESSONS (SBL)\n_________________________________________________________________\nAs the largest online bass education platform in the world, with an ever-expanding course library and 40,000+ active members, Scott’s Bass Lessons (SBL) has everything you need to master the bass, all in one place. \n\nWith beginner-friendly bass lessons, interactive courses led by industry experts, structured learning paths, personalized feedback, real-time mentorship from top bassists, and a vibrant, supportive community, SBL is the ultimate destination to enhance your bass playing—whether you're starting out or already a professional.\n\nTry SBL Membership today! → https://sbl.link/join-sbl\n\n\nRECOMMENDED BASS PLAYLIST\n_________________________________________________________________\nCatch up with SBL Content you’ve missed:\n➡️ https://youtube.com/playlist?list=PLq5Wss5r1Cvvplt7z7O45JHk2TaJ3NT53  \n\n#bassguitarlessons #bassforbeginners #easybasslines""}",en,"{'blocked': ['BY', 'RU']}"
Gbm9Zg5ww5A,2026-08-28,715,144879,5668,0,628,PT11M55S,2d,hd,False,False,{},rectangular,2025-08-20T15:00:33Z,UCWTj3vCqkQIsrTGSm4kM34g,Is this the Greatest GRUNGE Bass Line of 1992?,"👉 Grab the FREE Tab & Notation here: https://sbl.link/47avtJf
🔥 Try the SBL Bass Academy FREE for 14 Days: https://sbl.link/join-sbl
🚀 Get 1-1 Bass Coaching (enrollment open now!): https://sbl.link/the-blueprint

Is Would? The ultimate grunge bass line? Scott and Ian explore the riffs, tone, and production tricks that turned this Alice in Chains anthem into one of the most unforgettable bass moments of the '90s. Grab your bass, tune down, and play along as they unpack every detail.

===

Video Breakdown:

00:00 - Introduction
00:53 - Verse
02:25 - The Isolated Bass Part
03:00 - Verse (Continued)
04:35 - The Tone
05:34 - The Lollapalooza Soundcheck 1993
06:15 - The Art SGX Nightbass
07:33 - Chorus
08:40 - The Secret Revealed!
11:00 - Final Thoughts
11:23 - Outtakes

===

GET MORE BASS TIPS 👇
_________________________________________________________________
🙌 Be the first to know - SUBSCRIBE now → https://bit.ly/sub-to-sbl-yt
🎧 Tune in to our Weekly PODCAST → https://sblpodcast.buzzsprout.com/share
📱 Try our free GrooveTrainer APP → https://scottsbasslessons.com/groove-trainer-app 


ABOUT SCOTT'S BASS LESSONS (SBL)
_________________________________________________________________
As the largest online bass education platform in the world, with an ever-expanding course library and 40,000+ active members, Scott's Bass Lessons (SBL) has everything you need to master the bass, all in one place. 

With beginner-friendly bass lessons, interactive courses led by industry experts, structured learning paths, personalized feedback, real-time mentorship from top bassists, and a vibrant, supportive community, SBL is the ultimate destination to enhance your bass playing—whether you're starting out or already a professional.

Try SBL Membership today! → https://sbl.link/join-sbl


RECOMMENDED BASS PLAYLIST
_________________________________________________________________
Catch up with SBL Content you've missed:
➡️ https://youtube.com/playlist?list=PLq5Wss5r1Cvvplt7z7O45JHk2TaJ3NT53  

#bassguitarlessons #bassforbeginners #easybasslines","{'default': {'url': 'https://i.ytimg.com/vi/Gbm9Zg5ww5A/default.jpg', 'width': 120, 'height': 90}, 'medium': {'url': 'https://i.ytimg.com/vi/Gbm9Zg5ww5A/mqdefault.jpg', 'width': 320, 'height': 180}, 'high': {'url': 'https://i.ytimg.com/vi/Gbm9Zg5ww5A/hqdefault.jpg', 'width': 480, 'height': 360}, 'standard': {'url': 'https://i.ytimg.com/vi/Gbm9Zg5ww5A/sddefault.jpg', 'width': 640, 'height': 480}, 'maxres': {'url': 'https://i.ytimg.com/vi/Gbm9Zg5ww5A/maxresdefault.jpg', 'width': 1280, 'height': 720}}",Scott's Bass Lessons,"['bass guitar', 'bass lesson', 'bass lessons', 'beginner', 'beginner bass lesson', 'beginner bass lessons', 'beginners', 'electric bass', 'sbl', 'scott devine', ""scott's bass lessons"", 'scotts bass lessons', 'scottsbasslessons']",10,none,en,"{'title': 'Is this the Greatest GRUNGE Bass Line of 1992?', 'description': ""👉 Grab the FREE Tab & Notation here: https://sbl.link/47avtJf\n🔥 Try the SBL Bass Academy FREE for 14 Days: https://sbl.link/join-sbl\n🚀 Get 1-1 Bass Coaching (enrollment open now!): https://sbl.link/the-blueprint\n\nIs Would? The ultimate grunge bass line? Scott and Ian explore the riffs, tone, and production tricks that turned this Alice in Chains anthem into one of the most unforgettable bass moments of the '90s. Grab your bass, tune down, and play along as they unpack every detail.\n\n===\n\nVideo Breakdown:\n\n00:00 - Introduction\n00:53 - Verse\n02:25 - The Isolated Bass Part\n03:00 - Verse (Continued)\n04:35 - The Tone\n05:34 - The Lollapalooza Soundcheck 1993\n06:15 - The Art SGX Nightbass\n07:33 - Chorus\n08:40 - The Secret Revealed!\n11:00 - Final Thoughts\n11:23 - Outtakes\n\n===\n\nGET MORE BASS TIPS 👇\n_________________________________________________________________\n🙌 Be the first to know - SUBSCRIBE now → https://bit.ly/sub-to-sbl-yt\n🎧 Tune in to our Weekly PODCAST → https://sblpodcast.buzzsprout.com/share\n📱 Try our free GrooveTrainer APP → https://scottsbasslessons.com/groove-trainer-app \n\n\nABOUT SCOTT'S BASS LESSONS (SBL)\n_________________________________________________________________\nAs the largest online bass education platform in the world, with an ever-expanding course library and 40,000+ active members, Scott's Bass Lessons (SBL) has everything you need to master the bass, all in one place. \n\nWith beginner-friendly bass lessons, interactive courses led by industry experts, structured learning paths, personalized feedback, real-time mentorship from top bassists, and a vibrant, supportive community, SBL is the ultimate destination to enhance your bass playing—whether you're starting out or already a professional.\n\nTry SBL Membership today! → https://sbl.link/join-sbl\n\n\nRECOMMENDED BASS PLAYLIST\n_________________________________________________________________\nCatch up with SBL Content you've missed:\n➡️ https://youtube.com/playlist?list=PLq5Wss5r1Cvvplt7z7O45JHk2TaJ3NT53  \n\n#bassguitarlessons #bassforbeginners #easybasslines""}",en-US,{'blocked': ['RU']}
KQQJN_YUYAQ,2026-08-28,4141,17732,397,0,79,PT1H9M1S,2d,hd,False,True,{},rectangular,2025-08-22T15:00:38Z,UCWTj3vCqkQIsrTGSm4kM34g,What if one program could solve all of your bass troubles?,"🚀 Get 1-1 Bass Coaching (enrollment open now!): http://thesblblueprint.com/
🔥 Try the SBL Bass Academy FREE for 14 Days: https://sbl.link/join-sbl

For the past three years, the Blueprint has quietly been helping bass players work through the same hurdles we all face. In this episode, Scott and Ian bring on the coaches who’ve been working one-on-one with students every week to talk about what the program’s really like, the common problems that keep showing up, and how players move past them. If you’ve ever felt stuck on your bass journey, this one’s for you.

===

Video Breakdown:

00:00:00 - Introduction
00:02:13 - Simon King (Head of Coaching)
00:06:13 - Keith Peberdy (Coach)
00:12:49 - Jim Moore (Head of Program)
00:13:46 - The Development of the Program
00:16:00 - Assessments
00:19:00 - The Pillars & Onboarding Process
00:21:30 - Awareness of Problem Areas
00:24:40 - Common Problems
00:29:20 - Pressure
00:33:45 - Dedication
00:36:00 - Group Learning & The Blueprint Live
00:37:25 - Awareness of Problem Areas (continued)
00:45:00 - How much time does the program take?
00:49:55 - Identifying the Spark 
00:52:54 - Masterclasses
00:58:33 - Blueprint Live
01:01:00 - Community
01:02:25 - Before & After
01:04:00 - Final Thoughts

===

GET MORE BASS TIPS 👇
_________________________________________________________________
🙌 Be the first to know - SUBSCRIBE now → https://bit.ly/sub-to-sbl-yt
🎧 Tune in to our Weekly PODCAST → https://sblpodcast.buzzsprout.com/share
📱 Try our free GrooveTrainer APP → https://scottsbasslessons.com/groove-trainer-app 


ABOUT SCOTT'S BASS LESSONS (SBL)
_________________________________________________________________
As the largest online bass education platform in the world, with an ever-expanding course library and 40,000+ active members, Scott's Bass Lessons (SBL) has everything you need to master the bass, all in one place. 

With beginner-friendly bass lessons, interactive courses led by industry experts, structured learning paths, personalized feedback, real-time mentorship from top bassists, and a vibrant, supportive community, SBL is the ultimate destination to enhance your bass playing—whether you're starting out or already a professional.

Try SBL Membership today! → https://sbl.link/join-sbl


RECOMMENDED BASS PLAYLIST
_________________________________________________________________
Catch up with SBL Content you've missed:
➡️ https://youtube.com/playlist?list=PLq5Wss5r1Cvvplt7z7O45JHk2TaJ3NT53  

#bassguitarlessons #bassforbeginners #easybasslines","{'default': {'url': 'https://i.ytimg.com/vi/KQQJN_YUYAQ/default.jpg', 'width': 120, 'height': 90}, 'medium': {'url': 'https://i.ytimg.com/vi/KQQJN_YUYAQ/mqdefault.jpg', 'width': 320, 'height': 180}, 'high': {'url': 'https://i.ytimg.com/vi/KQQJN_YUYAQ/hqdefault.jpg', 'width': 480, 'height': 360}, 'standard': {'url': 'https://i.ytimg.com/vi/KQQJN_YUYAQ/sddefault.jpg', 'width': 640, 'height': 480}, 'maxres': {'url': 'https://i.ytimg.com/vi/KQQJN_YUYAQ/maxresdefault.jpg', 'width': 1280, 'height': 720}}",Scott's Bass Lessons,"['bass guitar', 'bass lesson', 'bass lessons', 'beginner', 'beginner bass lesson', 'beginner bass lessons', 'beginners', 'electric bass', 'sbl', 'scott devine', ""scott's bass lessons"", 'scotts bass lessons', 'scottsbasslessons']",10,none,en,"{'title': 'What if one program could solve all of your bass troubles?', 'description': ""🚀 Get 1-1 Bass Coaching (enrollment open now!): http://thesblblueprint.com/\n🔥 Try the SBL Bass Academy FREE for 14 Days: https://sbl.link/join-sbl\n\nFor the past three years, the Blueprint has quietly been helping bass players work through the same hurdles we all face. In this episode, Scott and Ian bring on the coaches who’ve been working one-on-one with students every week to talk about what the program’s really like, the common problems that keep showing up, and how players move past them. If you’ve ever felt stuck on your bass journey, this one’s for you.\n\n===\n\nVideo Breakdown:\n\n00:00:00 - Introduction\n00:02:13 - Simon King (Head of Coaching)\n00:06:13 - Keith Peberdy (Coach)\n00:12:49 - Jim Moore (Head of Program)\n00:13:46 - The Development of the Program\n00:16:00 - Assessments\n00:19:00 - The Pillars & Onboarding Process\n00:21:30 - Awareness of Problem Areas\n00:24:40 - Common Problems\n00:29:20 - Pressure\n00:33:45 - Dedication\n00:36:00 - Group Learning & The Blueprint Live\n00:37:25 - Awareness of Problem Areas (continued)\n00:45:00 - How much time does the program take?\n00:49:55 - Identifying the Spark \n00:52:54 - Masterclasses\n00:58:33 - Blueprint Live\n01:01:00 - Community\n01:02:25 - Before & After\n01:04:00 - Final Thoughts\n\n===\n\nGET MORE BASS TIPS 👇\n_________________________________________________________________\n🙌 Be the first to know - SUBSCRIBE now → https://bit.ly/sub-to-sbl-yt\n🎧 Tune in to our Weekly PODCAST → https://sblpodcast.buzzsprout.com/share\n📱 Try our free GrooveTrainer APP → https://scottsbasslessons.com/groove-trainer-app \n\n\nABOUT SCOTT'S BASS LESSONS (SBL)\n_________________________________________________________________\nAs the largest online bass education platform in the world, with an ever-expanding course library and 40,000+ active members, Scott's Bass Lessons (SBL) has everything you need to master the bass, all in one place. \n\nWith beginner-friendly bass lessons, interactive courses led by industry experts, structured learning paths, personalized feedback, real-time mentorship from top bassists, and a vibrant, supportive community, SBL is the ultimate destination to enhance your bass playing—whether you're starting out or already a professional.\n\nTry SBL Membership today! → https://sbl.link/join-sbl\n\n\nRECOMMENDED BASS PLAYLIST\n_________________________________________________________________\nCatch up with SBL Content you've missed:\n➡️ https://youtube.com/playlist?list=PLq5Wss5r1Cvvplt7z7O45JHk2TaJ3NT53  \n\n#bassguitarlessons #bassforbeginners #easybasslines""}",en-US,
UlcWLU1o_yI,2026-08-28,3495,141673,4739,0,682,PT58M15S,2d,hd,False,False,{},rectangular,2025-08-26T15:00:50Z,UCWTj3vCqkQIsrTGSm4kM34g,MXR Bass Synth: The Bass Pedal that BROKE the internet,"🔥 Try the SBL Bass Academy FREE for 14 Days: https://sbl.link/join-sbl
🚀 Get 1-1 Bass Coaching (enrollment open now!): https://sbl.link/the-blueprint

What happens when you’re not just handed a brand-new bass pedal, but asked to help design the sounds inside it? That’s where Ian found himself with the MXR Synth Pedal. In this episode, he and Sharon finally spill the story - from the first prototype that blew him away, to the sounds he programmed, and why this pedal left every other synth in the dust.
===

Video Breakdown:

00:00 - Introduction
04:41 - The Dunlop Team
05:30 - Tracking & Latency
08:30 - Will Birckhead & Andrew Gouche
09:20 - The Controls / Product Design
12:32 - The Release
17:00 - Green 1
25:50 - Green 2
29:50 - Green 3
33:00 - Green 4
36:00 - Red 1
38:30 - Red 2
43:00 - Red 3
44:30 - Red 4
47:00 - Playing Synth Bass
50:00 - The Prototype
53:00 - Final Thoughts

===

GET MORE BASS TIPS 👇
_________________________________________________________________
🙌 Be the first to know - SUBSCRIBE now → https://bit.ly/sub-to-sbl-yt
🎧 Tune in to our Weekly PODCAST → https://sblpodcast.buzzsprout.com/share
📱 Try our free GrooveTrainer APP → https://scottsbasslessons.com/groove-trainer-app 


ABOUT SCOTT'S BASS LESSONS (SBL)
_________________________________________________________________
As the largest online bass education platform in the world, with an ever-expanding course library and 40,000+ active members, Scott's Bass Lessons (SBL) has everything you need to master the bass, all in one place. 

With beginner-friendly bass lessons, interactive courses led by industry experts, structured learning paths, personalized feedback, real-time mentorship from top bassists, and a vibrant, supportive community, SBL is the ultimate destination to enhance your bass playing—whether you're starting out or already a professional.

Try SBL Membership today! → https://sbl.link/join-sbl


RECOMMENDED BASS PLAYLIST
_________________________________________________________________
Catch up with SBL Content you've missed:
➡️ https://youtube.com/playlist?list=PLq5Wss5r1Cvvplt7z7O45JHk2TaJ3NT53  

#bassguitarlessons #bassforbeginners #easybasslines","{'default': {'url': 'https://i.ytimg.com/vi/UlcWLU1o_yI/default.jpg', 'width': 120, 'height': 90}, 'medium': {'url': 'https://i.ytimg.com/vi/UlcWLU1o_yI/mqdefault.jpg', 'width': 320, 'height': 180}, 'high': {'url': 'https://i.ytimg.com/vi/UlcWLU1o_yI/hqdefault.jpg', 'width': 480, 'height': 360}, 'standard': {'url': 'https://i.ytimg.com/vi/UlcWLU1o_yI/sddefault.jpg', 'width': 640, 'height': 480}, 'maxres': {'url': 'https://i.ytimg.com/vi/UlcWLU1o_yI/maxresdefault.jpg', 'width': 1280, 'height': 720}}",Scott's Bass Lessons,"['bass guitar', 'bass lesson', 'bass lessons', 'beginner', 'beginner bass lesson', 'beginner bass lessons', 'beginners', 'electric bass', 'sbl', 'scott devine', ""scott's bass lessons"", 'scotts bass lessons', 'scottsbasslessons']",10,none,en,"{'title': 'MXR Bass Synth: The Bass Pedal that BROKE the internet', 'description': ""🔥 Try the SBL Bass Academy FREE for 14 Days: https://sbl.link/join-sbl\n🚀 Get 1-1 Bass Coaching (enrollment open now!): https://sbl.link/the-blueprint\n\nWhat happens when you’re not just handed a brand-new bass pedal, but asked to help design the sounds inside it? That’s where Ian found himself with the MXR Synth Pedal. In this episode, he and Sharon finally spill the story - from the first prototype that blew him away, to the sounds he programmed, and why this pedal left every other synth in the dust.\n===\n\nVideo Breakdown:\n\n00:00 - Introduction\n04:41 - The Dunlop Team\n05:30 - Tracking & Latency\n08:30 - Will Birckhead & Andrew Gouche\n09:20 - The Controls / Product Design\n12:32 - The Release\n17:00 - Green 1\n25:50 - Green 2\n29:50 - Green 3\n33:00 - Green 4\n36:00 - Red 1\n38:30 - Red 2\n43:00 - Red 3\n44:30 - Red 4\n47:00 - Playing Synth Bass\n50:00 - The Prototype\n53:00 - Final Thoughts\n\n===\n\nGET MORE BASS TIPS 👇\n_________________________________________________________________\n🙌 Be the first to know - SUBSCRIBE now → https://bit.ly/sub-to-sbl-yt\n🎧 Tune in to our Weekly PODCAST → https://sblpodcast.buzzsprout.com/share\n📱 Try our free GrooveTrainer APP → https://scottsbasslessons.com/groove-trainer-app \n\n\nABOUT SCOTT'S BASS LESSONS (SBL)\n_________________________________________________________________\nAs the largest online bass education platform in the world, with an ever-expanding course library and 40,000+ active members, Scott's Bass Lessons (SBL) has everything you need to master the bass, all in one place. \n\nWith beginner-friendly bass lessons, interactive courses led by industry experts, structured learning paths, personalized feedback, real-time mentorship from top bassists, and a vibrant, supportive community, SBL is the ultimate destination to enhance your bass playing—whether you're starting out or already a professional.\n\nTry SBL Membership today! → https://sbl.link/join-sbl\n\n\nRECOMMENDED BASS PLAYLIST\n_________________________________________________________________\nCatch up with SBL Content you've missed:\n➡️ https://youtube.com/playlist?list=PLq5Wss5r1Cvvplt7z7O45JHk2TaJ3NT53  \n\n#bassguitarlessons #bassforbeginners #easybasslines""}",en-US,{'blocked': ['RU']}
PQk1VondNws,2026-08-28,406,121701,7081,0,483,PT6M46S,2d,hd,False,False,{},rectangular,2025-08-29T15:00:49Z,UCWTj3vCqkQIsrTGSm4kM34g,Danny Sapko Learns Spinal Tap As Fast As Possible,"👉 Grab the FREE Tab & Notation here: https://sbl.link/4mF8Npn
🔥 Try the SBL Bass Academy FREE for 14 Days: https://sbl.link/join-sbl
🚀 Get 1-1 Bass Coaching (enrollment open now!): https://sbl.link/the-blueprint

===

Video Breakdown:

00:00 - Introduction
00:48 - First Listen (Stonehenge - Spinal Tap Feat. Elton John)
02:22 - Relative Pitch
02:50 - Figuring It Out
03:40 - Placing The Dipstick Lick
04:00 - Final Tehk
05:58 - How to Dipstick
06:30 - Outtakes

===

GET MORE BASS TIPS 👇
_________________________________________________________________
🙌 Be the first to know - SUBSCRIBE now → https://bit.ly/sub-to-sbl-yt
🎧 Tune in to our Weekly PODCAST → https://sblpodcast.buzzsprout.com/share
📱 Try our free GrooveTrainer APP → https://scottsbasslessons.com/groove-trainer-app 


ABOUT SCOTT'S BASS LESSONS (SBL)
_________________________________________________________________
As the largest online bass education platform in the world, with an ever-expanding course library and 40,000+ active members, Scott's Bass Lessons (SBL) has everything you need to master the bass, all in one place. 

With beginner-friendly bass lessons, interactive courses led by industry experts, structured learning paths, personalized feedback, real-time mentorship from top bassists, and a vibrant, supportive community, SBL is the ultimate destination to enhance your bass playing—whether you're starting out or already a professional.

Try SBL Membership today! → https://sbl.link/join-sbl


RECOMMENDED BASS PLAYLIST
_________________________________________________________________
Catch up with SBL Content you've missed:
➡️ https://youtube.com/playlist?list=PLq5Wss5r1Cvvplt7z7O45JHk2TaJ3NT53  

#bassguitarlessons #bassforbeginners #easybasslines","{'default': {'url': 'https://i.ytimg.com/vi/PQk1VondNws/default.jpg', 'width': 120, 'height': 90}, 'medium': {'url': 'https://i.ytimg.com/vi/PQk1VondNws/mqdefault.jpg', 'width': 320, 'height': 180}, 'high': {'url': 'https://i.ytimg.com/vi/PQk1VondNws/hqdefault.jpg', 'width': 480, 'height': 360}, 'standard': {'url': 'https://i.ytimg.com/vi/PQk1VondNws/sddefault.jpg', 'width': 640, 'height': 480}, 'maxres': {'url': 'https://i.ytimg.com/vi/PQk1VondNws/maxresdefault.jpg', 'width': 1280, 'height': 720}}",Scott's Bass Lessons,"['bass guitar', 'bass lesson', 'bass lessons', 'beginner', 'beginner bass lesson', 'beginner bass lessons', 'beginners', 'electric bass', 'sbl', 'scott devine', ""scott's bass lessons"", 'scotts bass lessons', 'scottsbasslessons']",10,none,en,"{'title': 'Danny Sapko Learns Spinal Tap As Fast As Possible', 'description': ""👉 Grab the FREE Tab & Notation here: https://sbl.link/4mF8Npn\n🔥 Try the SBL Bass Academy FREE for 14 Days: https://sbl.link/join-sbl\n🚀 Get 1-1 Bass Coaching (enrollment open now!): https://sbl.link/the-blueprint\n\n===\n\nVideo Breakdown:\n\n00:00 - Introduction\n00:48 - First Listen (Stonehenge - Spinal Tap Feat. Elton John)\n02:22 - Relative Pitch\n02:50 - Figuring It Out\n03:40 - Placing The Dipstick Lick\n04:00 - Final Tehk\n05:58 - How to Dipstick\n06:30 - Outtakes\n\n===\n\nGET MORE BASS TIPS 👇\n_________________________________________________________________\n🙌 Be the first to know - SUBSCRIBE now → https://bit.ly/sub-to-sbl-yt\n🎧 Tune in to our Weekly PODCAST → https://sblpodcast.buzzsprout.com/share\n📱 Try our free GrooveTrainer APP → https://scottsbasslessons.com/groove-trainer-app \n\n\nABOUT SCOTT'S BASS LESSONS (SBL)\n_________________________________________________________________\nAs the largest online bass education platform in the world, with an ever-expanding course library and 40,000+ active members, Scott's Bass Lessons (SBL) has everything you need to master the bass, all in one place. \n\nWith beginner-friendly bass lessons, interactive courses led by industry experts, structured learning paths, personalized feedback, real-time mentorship from top bassists, and a vibrant, supportive community, SBL is the ultimate destination to enhance your bass playing—whether you're starting out or already a professional.\n\nTry SBL Membership today! → https://sbl.link/join-sbl\n\n\nRECOMMENDED BASS PLAYLIST\n_________________________________________________________________\nCatch up with SBL Content you've missed:\n➡️ https://youtube.com/playlist?list=PLq5Wss5r1Cvvplt7z7O45JHk2TaJ3NT53  \n\n#bassguitarlessons #bassforbeginners #easybasslines""}",en-US,"{'blocked': ['BY', 'RU']}"
OnUp-0ZDiDQ,2026-08-29,611,92014,2572,0,453,PT10M11S,2d,hd,False,True,{},rectangular,2025-07-25T15:31:26Z,UCWTj3vCqkQIsrTGSm4kM34g,"Cooler than a Jazz Bass? Actually, maybe.","FREE Slap Bass Workshop – Choose Your Time Slot Below!
Join Ian Martin Allison and myself for a 90-minute live session where you’ll decode the slap bass styles of Flea, Marcus Miller, and Larry Graham.

Pick the time that works best for you:

✅ Monday, July 28 @ 3pm UK / 10am EDT / 7am PDT
👉 https://sbl.link/monday-slap-bass-workshop

✅ Tuesday, July 29 @ 8pm UK / 3pm EDT / 12pm PDT
👉 https://sbl.link/tuesday-slap-bass-workshop

*SAME session, two options* — grab your seat and get ready to groove.


GET MORE BASS TIPS 👇
_________________________________________________________________
🙌 Be the first to know - SUBSCRIBE now → https://bit.ly/sub-to-sbl-yt
🎧 Tune in to our Weekly PODCAST → https://sblpodcast.buzzsprout.com/share
📱 Try our free GrooveTrainer APP → https://scottsbasslessons.com/groove-trainer-app 


ABOUT SCOTT’S BASS LESSONS (SBL)
_________________________________________________________________
As the largest online bass education platform in the world, with an ever-expanding course library and 40,000+ active members, Scott’s Bass Lessons (SBL) has everything you need to master the bass, all in one place. 

With beginner-friendly bass lessons, interactive courses led by industry experts, structured learning paths, personalized feedback, real-time mentorship from top bassists, and a vibrant, supportive community, SBL is the ultimate destination to enhance your bass playing—whether you're starting out or already a professional.

Try SBL Membership today! → https://sbl.link/join-sbl


RECOMMENDED BASS PLAYLIST
_________________________________________________________________
Catch up with SBL Content you’ve missed:
➡️ https://youtube.com/playlist?list=PLq5Wss5r1Cvvplt7z7O45JHk2TaJ3NT53  

#bassguitarlessons #bassforbeginners #easybasslines","{'default': {'url': 'https://i.ytimg.com/vi/OnUp-0ZDiDQ/default.jpg', 'width': 120, 'height': 90}, 'medium': {'url': 'https://i.ytimg.com/vi/OnUp-0ZDiDQ/mqdefault.jpg', 'width': 320, 'height': 180}, 'high': {'url': 'https://i.ytimg.com/vi/OnUp-0ZDiDQ/hqdefault.jpg', 'width': 480, 'height': 360}, 'standard': {'url': 'https://i.ytimg.com/vi/OnUp-0ZDiDQ/sddefault.jpg', 'width': 640, 'height': 480}, 'maxres': {'url': 'https://i.ytimg.com/vi/OnUp-0ZDiDQ/maxresdefault.jpg', 'width': 1280, 'height': 720}}",Scott's Bass Lessons,"['scott devine', 'bass lessons', 'bass guitar', 'beginner', 'beginners', 'scottsbasslessons', 'scotts bass lessons', 'sbl', 'electric bass', 'bass lesson', 'beginner bass lesson', 'beginner bass lessons']",10,none,en,"{'title': 'Cooler than a Jazz Bass? Actually, maybe.', 'description': ""FREE Slap Bass Workshop – Choose Your Time Slot Below!\nJoin Ian Martin Allison and myself for a 90-minute live session where you’ll decode the slap bass styles of Flea, Marcus Miller, and Larry Graham.\n\nPick the time that works best for you:\n\n✅ Monday, July 28 @ 3pm UK / 10am EDT / 7am PDT\n👉 https://sbl.link/monday-slap-bass-workshop\n\n✅ Tuesday, July 29 @ 8pm UK / 3pm EDT / 12pm PDT\n👉 https://sbl.link/tuesday-slap-bass-workshop\n\n*SAME session, two options* — grab your seat and get ready to groove.\n\n\nGET MORE BASS TIPS 👇\n_________________________________________________________________\n🙌 Be the first to know - SUBSCRIBE now → https://bit.ly/sub-to-sbl-yt\n🎧 Tune in to our Weekly PODCAST → https://sblpodcast.buzzsprout.com/share\n📱 Try our free GrooveTrainer APP → https://scottsbasslessons.com/groove-trainer-app \n\n\nABOUT SCOTT’S BASS LESSONS (SBL)\n_________________________________________________________________\nAs the largest online bass education platform in the world, with an ever-expanding course library and 40,000+ active members, Scott’s Bass Lessons (SBL) has everything you need to master the bass, all in one place. \n\nWith beginner-friendly bass lessons, interactive courses led by industry experts, structured learning paths, personalized feedback, real-time mentorship from top bassists, and a vibrant, supportive community, SBL is the ultimate destination to enhance your bass playing—whether you're starting out or already a professional.\n\nTry SBL Membership today! → https://sbl.link/join-sbl\n\n\nRECOMMENDED BASS PLAYLIST\n_________________________________________________________________\nCatch up with SBL Content you’ve missed:\n➡️ https://youtube.com/playlist?list=PLq5Wss5r1Cvvplt7z7O45JHk2TaJ3NT53  \n\n#bassguitarlessons #bassforbeginners #easybasslines""}",en,
5UmZlya3AY8,2026-08-29,1029,165108,5428,0,469,PT17M9S,2d,hd,False,True,{},rectangular,2025-07-28T10:37:00Z,UCWTj3vCqkQIsrTGSm4kM34g,responding to the Victor Wooten video,,"{'default': {'url': 'https://i.ytimg.com/vi/5UmZlya3AY8/default.jpg', 'width': 120, 'height': 90}, 'medium': {'url': 'https://i.ytimg.com/vi/5UmZlya3AY8/mqdefault.jpg', 'width': 320, 'height': 180}, 'high': {'url': 'https://i.ytimg.com/vi/5UmZlya3AY8/hqdefault.jpg', 'width': 480, 'height': 360}, 'standard': {'url': 'https://i.ytimg.com/vi/5UmZlya3AY8/sddefault.jpg', 'width': 640, 'height': 480}, 'maxres': {'url': 'https://i.ytimg.com/vi/5UmZlya3AY8/maxresdefault.jpg', 'width': 1280, 'height': 720}}",Scott's Bass Lessons,"['scott devine', 'bass lessons', 'bass guitar', 'beginner', 'beginners', 'scottsbasslessons', 'scotts bass lessons', 'sbl', 'electric bass', 'bass lesson', 'beginner bass lesson', 'beginner bass lessons']",10,none,en,"{'title': 'responding to the Victor Wooten video', 'description': ''}",en,
-8nWeVXyXNk,2026-08-29,855,25149,932,0,90,PT14M15S,2d,hd,False,True,{},rectangular,2025-07-30T15:00:00Z,UCWTj3vCqkQIsrTGSm4kM34g,How does Victor Wooten do THIS??,"🎸 The Slap Accelerator is now OPEN for enrollment! Claim your spot before it closes to get your $100 discount + FREE bonuses → https://sbl.link/3IQanpq

🔥 Try the SBL Bass Academy FREE for 14 Days: https://sbl.link/join-sbl
🚀 Get 1-1 Bass Coaching (enrollment open now!): https://sbl.link/the-blueprint

===

Double thumb used to be my worst nightmare—until Ian dropped a course that made it look way too fun to ignore. In this video, I break down how I finally got it together, plus a slap riff to help you do the same. If you’ve ever struggled with this technique, you’re in good company!

===

00:00 - Introduction
01:43 - The Slap Accelerator
02:25 - The Basics
03:55 - Exercise 1
08:00 - The Riff Breakdown
12:00 - My Slap Bass Journey
12:40 - Final Thoughts

GET MORE BASS TIPS 👇
_________________________________________________________________
🙌 Be the first to know - SUBSCRIBE now → https://bit.ly/sub-to-sbl-yt
🎧 Tune in to our Weekly PODCAST → https://sblpodcast.buzzsprout.com/share
📱 Try our free GrooveTrainer APP → https://scottsbasslessons.com/groove-trainer-app 

ABOUT SCOTT’S BASS LESSONS (SBL)
_________________________________________________________________
As the largest online bass education platform in the world, with an ever-expanding course library and 40,000+ active members, Scott’s Bass Lessons (SBL) has everything you need to master the bass, all in one place. 

With beginner-friendly bass lessons, interactive courses led by industry experts, structured learning paths, personalized feedback, real-time mentorship from top bassists, and a vibrant, supportive community, SBL is the ultimate destination to enhance your bass playing—whether you're starting out or already a professional.

Try SBL Membership today! → https://sbl.link/join-sbl


RECOMMENDED BASS PLAYLIST
_________________________________________________________________
Catch up with SBL Content you’ve missed:
➡️ https://youtube.com/playlist?list=PLq5Wss5r1Cvvplt7z7O45JHk2TaJ3NT53  

#bassguitarlessons #bassforbeginners #easybasslines","{'default': {'url': 'https://i.ytimg.com/vi/-8nWeVXyXNk/default.jpg', 'width': 120, 'height': 90}, 'medium': {'url': 'https://i.ytimg.com/vi/-8nWeVXyXNk/mqdefault.jpg', 'width': 320, 'height': 180}, 'high': {'url': 'https://i.ytimg.com/vi/-8nWeVXyXNk/hqdefault.jpg', 'width': 480, 'height': 360}, 'standard': {'url': 'https://i.ytimg.com/vi/-8nWeVXyXNk/sddefault.jpg', 'width': 640, 'height': 480}, 'maxres': {'url': 'https://i.ytimg.com/vi/-8nWeVXyXNk/maxresdefault.jpg', 'width': 1280, 'height': 720}}",Scott's Bass Lessons,"['scott devine', 'bass lessons', 'bass guitar', 'beginner', 'beginners', 'scottsbasslessons', 'scotts bass lessons', 'sbl', 'electric bass', 'bass lesson', 'beginner bass lesson', 'beginner bass lessons']",10,none,en,"{'title': 'How does Victor Wooten do THIS??', 'description': ""🎸 The Slap Accelerator is now OPEN for enrollment! Claim your spot before it closes to get your $100 discount + FREE bonuses → https://sbl.link/3IQanpq\n\n🔥 Try the SBL Bass Academy FREE for 14 Days: https://sbl.link/join-sbl\n🚀 Get 1-1 Bass Coaching (enrollment open now!): https://sbl.link/the-blueprint\n\n===\n\nDouble thumb used to be my worst nightmare—until Ian dropped a course that made it look way too fun to ignore. In this video, I break down how I finally got it together, plus a slap riff to help you do the same. If you’ve ever struggled with this technique, you’re in good company!\n\n===\n\n00:00 - Introduction\n01:43 - The Slap Accelerator\n02:25 - The Basics\n03:55 - Exercise 1\n08:00 - The Riff Breakdown\n12:00 - My Slap Bass Journey\n12:40 - Final Thoughts\n\nGET MORE BASS TIPS 👇\n_________________________________________________________________\n🙌 Be the first to know - SUBSCRIBE now → https://bit.ly/sub-to-sbl-yt\n🎧 Tune in to our Weekly PODCAST → https://sblpodcast.buzzsprout.com/share\n📱 Try our free GrooveTrainer APP → https://scottsbasslessons.com/groove-trainer-app \n\nABOUT SCOTT’S BASS LESSONS (SBL)\n_________________________________________________________________\nAs the largest online bass education platform in the world, with an ever-expanding course library and 40,000+ active members, Scott’s Bass Lessons (SBL) has everything you need to master the bass, all in one place. \n\nWith beginner-friendly bass lessons, interactive courses led by industry experts, structured learning paths, personalized feedback, real-time mentorship from top bassists, and a vibrant, supportive community, SBL is the ultimate destination to enhance your bass playing—whether you're starting out or already a professional.\n\nTry SBL Membership today! → https://sbl.link/join-sbl\n\n\nRECOMMENDED BASS PLAYLIST\n_________________________________________________________________\nCatch up with SBL Content you’ve missed:\n➡️ https://youtube.com/playlist?list=PLq5Wss5r1Cvvplt7z7O45JHk2TaJ3NT53  \n\n#bassguitarlessons #bassforbeginners #easybasslines""}",en,
X9f7LIhEXN8,2026-08-29,829,31347,944,0,104,PT13M49S,2d,hd,False,True,{},rectangular,2025-08-01T15:00:58Z,UCWTj3vCqkQIsrTGSm4kM34g,Mark Kings’ (Level 42) GREATEST bass line ever,"🎸 The Slap Accelerator is now OPEN for enrollment! Claim your spot before it closes to get your $100 discount + FREE bonuses → https://sbl.link/3IQanpq

👉 Grab the FREE Tab & Notation here: https://sbl.link/45eTA6C
🔥 Try the SBL Bass Academy FREE for 14 Days: https://sbl.link/join-sbl
🚀 Get 1-1 Bass Coaching (enrollment open now!): https://sbl.link/the-blueprint

===

===

00:00 - Introduction
01:00 - The Fretting Hand Slap
01:29 - Fretting Hand Slap Exercise
02:02 - The Main Riff Pt. 1
04:15 - The Main Riff Pt. 2
07:40 - The Main Riff Pt. 3
08:37 - The Repeat
09:49 - Slow Version
10:21 - How To Approach The Bass Line

GET MORE BASS TIPS 👇
_________________________________________________________________
🙌 Be the first to know - SUBSCRIBE now → https://bit.ly/sub-to-sbl-yt
🎧 Tune in to our Weekly PODCAST → https://sblpodcast.buzzsprout.com/share
📱 Try our free GrooveTrainer APP → https://scottsbasslessons.com/groove-trainer-app 

ABOUT SCOTT’S BASS LESSONS (SBL)
_________________________________________________________________
As the largest online bass education platform in the world, with an ever-expanding course library and 40,000+ active members, Scott’s Bass Lessons (SBL) has everything you need to master the bass, all in one place. 

With beginner-friendly bass lessons, interactive courses led by industry experts, structured learning paths, personalized feedback, real-time mentorship from top bassists, and a vibrant, supportive community, SBL is the ultimate destination to enhance your bass playing—whether you're starting out or already a professional.

Try SBL Membership today! → https://sbl.link/join-sbl

RECOMMENDED BASS PLAYLIST
_________________________________________________________________
Catch up with SBL Content you’ve missed:
➡️ https://youtube.com/playlist?list=PLq5Wss5r1Cvvplt7z7O45JHk2TaJ3NT53  

#bassguitarlessons #bassforbeginners #easybasslines","{'default': {'url': 'https://i.ytimg.com/vi/X9f7LIhEXN8/default.jpg', 'width': 120, 'height': 90}, 'medium': {'url': 'https://i.ytimg.com/vi/X9f7LIhEXN8/mqdefault.jpg', 'width': 320, 'height': 180}, 'high': {'url': 'https://i.ytimg.com/vi/X9f7LIhEXN8/hqdefault.jpg', 'width': 480, 'height': 360}, 'standard': {'url': 'https://i.ytimg.com/vi/X9f7LIhEXN8/sddefault.jpg', 'width': 640, 'height': 480}, 'maxres': {'url': 'https://i.ytimg.com/vi/X9f7LIhEXN8/maxresdefault.jpg', 'width': 1280, 'height': 720}}",Scott's Bass Lessons,"['scott devine', 'bass lessons', 'bass guitar', 'beginner', 'beginners', 'scottsbasslessons', 'scotts bass lessons', 'sbl', 'electric bass', 'bass lesson', 'beginner bass lesson', 'beginner bass lessons']",10,none,en,"{'title': 'Mark Kings’ (Level 42) GREATEST bass line ever', 'description': ""🎸 The Slap Accelerator is now OPEN for enrollment! Claim your spot before it closes to get your $100 discount + FREE bonuses → https://sbl.link/3IQanpq\n\n👉 Grab the FREE Tab & Notation here: https://sbl.link/45eTA6C\n🔥 Try the SBL Bass Academy FREE for 14 Days: https://sbl.link/join-sbl\n🚀 Get 1-1 Bass Coaching (enrollment open now!): https://sbl.link/the-blueprint\n\n===\n\n===\n\n00:00 - Introduction\n01:00 - The Fretting Hand Slap\n01:29 - Fretting Hand Slap Exercise\n02:02 - The Main Riff Pt. 1\n04:15 - The Main Riff Pt. 2\n07:40 - The Main Riff Pt. 3\n08:37 - The Repeat\n09:49 - Slow Version\n10:21 - How To Approach The Bass Line\n\nGET MORE BASS TIPS 👇\n_________________________________________________________________\n🙌 Be the first to know - SUBSCRIBE now → https://bit.ly/sub-to-sbl-yt\n🎧 Tune in to our Weekly PODCAST → https://sblpodcast.buzzsprout.com/share\n📱 Try our free GrooveTrainer APP → https://scottsbasslessons.com/groove-trainer-app \n\nABOUT SCOTT’S BASS LESSONS (SBL)\n_________________________________________________________________\nAs the largest online bass education platform in the world, with an ever-expanding course library and 40,000+ active members, Scott’s Bass Lessons (SBL) has everything you need to master the bass, all in one place. \n\nWith beginner-friendly bass lessons, interactive courses led by industry experts, structured learning paths, personalized feedback, real-time mentorship from top bassists, and a vibrant, supportive community, SBL is the ultimate destination to enhance your bass playing—whether you're starting out or already a professional.\n\nTry SBL Membership today! → https://sbl.link/join-sbl\n\nRECOMMENDED BASS PLAYLIST\n_________________________________________________________________\nCatch up with SBL Content you’ve missed:\n➡️ https://youtube.com/playlist?list=PLq5Wss5r1Cvvplt7z7O45JHk2TaJ3NT53  \n\n#bassguitarlessons #bassforbeginners #easybasslines""}",en,
4ervOxAR1xc,2026-08-29,3558,30015,972,0,254,PT59M18S,2d,hd,False,True,{},rectangular,2025-08-04T15:00:07Z,UCWTj3vCqkQIsrTGSm4kM34g,Travel DISASTER? (6 pro-level travel hacks so you don’t have one),"🎸 The Slap Accelerator is OPEN for enrollment! One day left to sign up! → https://sbl.link/4lTQ9JS
🔥 Try the SBL Bass Academy FREE for 14 Days: https://sbl.link/join-sbl
🚀 Get 1-1 Bass Coaching (enrollment open now!): https://sbl.link/the-blueprint

Ian and Sharon swap travel horror stories and share their biggest lessons from years of touring and bass travel. From packing light to gate check debates, things get real (and occasionally frustrating). Expect strong opinions, a few surprises, and plenty of what not to do next time you fly.

===

Video Breakdown:

00:00 - Introduction  
03:30 - Travelling Light  
06:22 - Janek Gwizdala  
08:45 - Carry On VS. Gate Check  
21:16 - 1 - Do Not Fight  
25:18 - 2 - Case Recommendations  
26:42 - 3 - Smart Packing  
32:03 - Travelling with Multiple Basses  
33:53 - 4 - String Prep  
35:18 - Horror Stories  
40:48 - 5 - Small Pedal Board & Bag  
41:59 - Ian Almost Getting Cancelled  
55:05 - 6 - Sneaky Air Tag  

===

GET MORE BASS TIPS 👇
_________________________________________________________________
🙌 Be the first to know - SUBSCRIBE now → https://bit.ly/sub-to-sbl-yt
🎧 Tune in to our Weekly PODCAST → https://sblpodcast.buzzsprout.com/share
📱 Try our free GrooveTrainer APP → https://scottsbasslessons.com/groove-trainer-app 


ABOUT SCOTT'S BASS LESSONS (SBL)
_________________________________________________________________
As the largest online bass education platform in the world, with an ever-expanding course library and 40,000+ active members, Scott's Bass Lessons (SBL) has everything you need to master the bass, all in one place. 

With beginner-friendly bass lessons, interactive courses led by industry experts, structured learning paths, personalized feedback, real-time mentorship from top bassists, and a vibrant, supportive community, SBL is the ultimate destination to enhance your bass playing—whether you're starting out or already a professional.

Try SBL Membership today! → https://sbl.link/join-sbl


RECOMMENDED BASS PLAYLIST
_________________________________________________________________
Catch up with SBL Content you've missed:
➡️ https://youtube.com/playlist?list=PLq5Wss5r1Cvvplt7z7O45JHk2TaJ3NT53  

#bassguitarlessons #bassforbeginners #easybasslines","{'default': {'url': 'https://i.ytimg.com/vi/4ervOxAR1xc/default.jpg', 'width': 120, 'height': 90}, 'medium': {'url': 'https://i.ytimg.com/vi/4ervOxAR1xc/mqdefault.jpg', 'width': 320, 'height': 180}, 'high': {'url': 'https://i.ytimg.com/vi/4ervOxAR1xc/hqdefault.jpg', 'width': 480, 'height': 360}, 'standard': {'url': 'https://i.ytimg.com/vi/4ervOxAR1xc/sddefault.jpg', 'width': 640, 'height': 480}, 'maxres': {'url': 'https://i.ytimg.com/vi/4ervOxAR1xc/maxresdefault.jpg', 'width': 1280, 'height': 720}}",Scott's Bass Lessons,"['bass guitar', 'bass lesson', 'bass lessons', 'beginner', 'beginner bass lesson', 'beginner bass lessons', 'beginners', 'electric bass', 'sbl', 'scott devine', ""scott's bass lessons"", 'scotts bass lessons', 'scottsbasslessons']",10,none,en,"{'title': 'Travel DISASTER? (6 pro-level travel hacks so you don’t have one)', 'description': ""🎸 The Slap Accelerator is OPEN for enrollment! One day left to sign up! → https://sbl.link/4lTQ9JS\n🔥 Try the SBL Bass Academy FREE for 14 Days: https://sbl.link/join-sbl\n🚀 Get 1-1 Bass Coaching (enrollment open now!): https://sbl.link/the-blueprint\n\nIan and Sharon swap travel horror stories and share their biggest lessons from years of touring and bass travel. From packing light to gate check debates, things get real (and occasionally frustrating). Expect strong opinions, a few surprises, and plenty of what not to do next time you fly.\n\n===\n\nVideo Breakdown:\n\n00:00 - Introduction  \n03:30 - Travelling Light  \n06:22 - Janek Gwizdala  \n08:45 - Carry On VS. Gate Check  \n21:16 - 1 - Do Not Fight  \n25:18 - 2 - Case Recommendations  \n26:42 - 3 - Smart Packing  \n32:03 - Travelling with Multiple Basses  \n33:53 - 4 - String Prep  \n35:18 - Horror Stories  \n40:48 - 5 - Small Pedal Board & Bag  \n41:59 - Ian Almost Getting Cancelled  \n55:05 - 6 - Sneaky Air Tag  \n\n===\n\nGET MORE BASS TIPS 👇\n_________________________________________________________________\n🙌 Be the first to know - SUBSCRIBE now → https://bit.ly/sub-to-sbl-yt\n🎧 Tune in to our Weekly PODCAST → https://sblpodcast.buzzsprout.com/share\n📱 Try our free GrooveTrainer APP → https://scottsbasslessons.com/groove-trainer-app \n\n\nABOUT SCOTT'S BASS LESSONS (SBL)\n_________________________________________________________________\nAs the largest online bass education platform in the world, with an ever-expanding course library and 40,000+ active members, Scott's Bass Lessons (SBL) has everything you need to master the bass, all in one place. \n\nWith beginner-friendly bass lessons, interactive courses led by industry experts, structured learning paths, personalized feedback, real-time mentorship from top bassists, and a vibrant, supportive community, SBL is the ultimate destination to enhance your bass playing—whether you're starting out or already a professional.\n\nTry SBL Membership today! → https://sbl.link/join-sbl\n\n\nRECOMMENDED BASS PLAYLIST\n_________________________________________________________________\nCatch up with SBL Content you've missed:\n➡️ https://youtube.com/playlist?list=PLq5Wss5r1Cvvplt7z7O45JHk2TaJ3NT53  \n\n#bassguitarlessons #bassforbeginners #easybasslines""}",en-US,
99pGNiKw0-s,2026-08-29,810,76471,2428,0,400,PT13M30S,2d,hd,False,False,{},rectangular,2025-08-07T15:00:20Z,UCWTj3vCqkQIsrTGSm4kM34g,Is this the Greatest PUNK-SOUL Bass Line of 1982?,"👉 Grab the FREE Tab & Notation here: https://sbl.link/3IXdw6V
🔥 Try the SBL Bass Academy FREE for 14 Days: https://sbl.link/join-sbl
🚀 Get 1-1 Bass Coaching (enrollment open now!): https://sbl.link/the-blueprint

Punk meets Motown? In this lesson, Ian breaks down A Town Called Malice by The Jam—a bass line that’s all feel, motion, and attitude. From the jumpy, soul-inspired groove to the driving verse, there’s a lot going on under the hood. 

You’ll hear the Motown influence - but played like it’s late for a train.
Grab your bass and dig in—this one’s all about getting it in your hands and feeling it for yourself.

===

Video Breakdown:

00:00 - Introduction
00:44 - Motown Inspiration
01:22 - Intro & Chorus Riff
02:58 - Gear & Sound
06:38 - Picking Technique
08:30 - Verse
10:26 - How To Master The Feel
11:00 - Pick Technique Continued
12:40 - Wrap Up
13:05 - Outtakes

===

GET MORE BASS TIPS 👇
_________________________________________________________________
🙌 Be the first to know - SUBSCRIBE now → https://bit.ly/sub-to-sbl-yt
🎧 Tune in to our Weekly PODCAST → https://sblpodcast.buzzsprout.com/share
📱 Try our free GrooveTrainer APP → https://scottsbasslessons.com/groove-trainer-app 


ABOUT SCOTT'S BASS LESSONS (SBL)
_________________________________________________________________
As the largest online bass education platform in the world, with an ever-expanding course library and 40,000+ active members, Scott's Bass Lessons (SBL) has everything you need to master the bass, all in one place. 

With beginner-friendly bass lessons, interactive courses led by industry experts, structured learning paths, personalized feedback, real-time mentorship from top bassists, and a vibrant, supportive community, SBL is the ultimate destination to enhance your bass playing—whether you're starting out or already a professional.

Try SBL Membership today! → https://sbl.link/join-sbl


RECOMMENDED BASS PLAYLIST
_________________________________________________________________
Catch up with SBL Content you've missed:
➡️ https://youtube.com/playlist?list=PLq5Wss5r1Cvvplt7z7O45JHk2TaJ3NT53  

#bassguitarlessons #bassforbeginners #easybasslines","{'default': {'url': 'https://i.ytimg.com/vi/99pGNiKw0-s/default.jpg', 'width': 120, 'height': 90}, 'medium': {'url': 'https://i.ytimg.com/vi/99pGNiKw0-s/mqdefault.jpg', 'width': 320, 'height': 180}, 'high': {'url': 'https://i.ytimg.com/vi/99pGNiKw0-s/hqdefault.jpg', 'width': 480, 'height': 360}, 'standard': {'url': 'https://i.ytimg.com/vi/99pGNiKw0-s/sddefault.jpg', 'width': 640, 'height': 480}, 'maxres': {'url': 'https://i.ytimg.com/vi/99pGNiKw0-s/maxresdefault.jpg', 'width': 1280, 'height': 720}}",Scott's Bass Lessons,"['bass guitar', 'bass lesson', 'bass lessons', 'beginner', 'beginner bass lesson', 'beginner bass lessons', 'beginners', 'electric bass', 'sbl', 'scott devine', ""scott's bass lessons"", 'scotts bass lessons', 'scottsbasslessons']",10,none,en,"{'title': 'Is this the Greatest PUNK-SOUL Bass Line of 1982?', 'description': ""👉 Grab the FREE Tab & Notation here: https://sbl.link/3IXdw6V\n🔥 Try the SBL Bass Academy FREE for 14 Days: https://sbl.link/join-sbl\n🚀 Get 1-1 Bass Coaching (enrollment open now!): https://sbl.link/the-blueprint\n\nPunk meets Motown? In this lesson, Ian breaks down A Town Called Malice by The Jam—a bass line that’s all feel, motion, and attitude. From the jumpy, soul-inspired groove to the driving verse, there’s a lot going on under the hood. \n\nYou’ll hear the Motown influence - but played like it’s late for a train.\nGrab your bass and dig in—this one’s all about getting it in your hands and feeling it for yourself.\n\n===\n\nVideo Breakdown:\n\n00:00 - Introduction\n00:44 - Motown Inspiration\n01:22 - Intro & Chorus Riff\n02:58 - Gear & Sound\n06:38 - Picking Technique\n08:30 - Verse\n10:26 - How To Master The Feel\n11:00 - Pick Technique Continued\n12:40 - Wrap Up\n13:05 - Outtakes\n\n===\n\nGET MORE BASS TIPS 👇\n_________________________________________________________________\n🙌 Be the first to know - SUBSCRIBE now → https://bit.ly/sub-to-sbl-yt\n🎧 Tune in to our Weekly PODCAST → https://sblpodcast.buzzsprout.com/share\n📱 Try our free GrooveTrainer APP → https://scottsbasslessons.com/groove-trainer-app \n\n\nABOUT SCOTT'S BASS LESSONS (SBL)\n_________________________________________________________________\nAs the largest online bass education platform in the world, with an ever-expanding course library and 40,000+ active members, Scott's Bass Lessons (SBL) has everything you need to master the bass, all in one place. \n\nWith beginner-friendly bass lessons, interactive courses led by industry experts, structured learning paths, personalized feedback, real-time mentorship from top bassists, and a vibrant, supportive community, SBL is the ultimate destination to enhance your bass playing—whether you're starting out or already a professional.\n\nTry SBL Membership today! → https://sbl.link/join-sbl\n\n\nRECOMMENDED BASS PLAYLIST\n_________________________________________________________________\nCatch up with SBL Content you've missed:\n➡️ https://youtube.com/playlist?list=PLq5Wss5r1Cvvplt7z7O45JHk2TaJ3NT53  \n\n#bassguitarlessons #bassforbeginners #easybasslines""}",en-US,
VVMtHqlWa4k,2026-08-29,2273,42781,1342,0,134,PT37M53S,2d,hd,False,True,{},rectangular,2025-08-11T15:00:54Z,UCWTj3vCqkQIsrTGSm4kM34g,"Janek Gwizdala's Gear Confessions (Pedals, Basses and more)","🎸 Join the SBL Monthly Giveaway! → https://sbl.link/4gAF9Oj
🔥 Try the SBL Bass Academy FREE for 14 Days: https://sbl.link/join-sbl
🚀 Get 1-1 Bass Coaching (enrollment open now!): https://sbl.link/the-blueprint
💙 Follow Janek Gwizdala 👉 YT:  @janekgwizdala  | www.janekgwizdala.com

Scott sits down with Janek Gwizdala for a deep gear dive, kicking off with his go-to pedal pick for players just getting into bass effects. From there, they move through the basses, pedals, and other essentials that have earned a permanent spot in Janek’s setup. Stick around and see what made the cut.

===

Video Breakdown:

00:00 - Introduction
01:10 - Essential Bass Pedals
04:24 - Compression
05:00 - DIs
07:15 - Performance Pt. 1
08:15 - Janek’s Pedalboard Rundown
18:16 - Performance Pt. 2
19:46 - Improvisation
21:13 - Custom Mattisson Bass
23:27 - RKM Custom Bass V
27:00 - RKM Custom Bass IV
28:35 - Fender Precision Bass
29:30 - Classical Guitar Approach
33:20 - Goya Panther II
35:54 - Final Thoughts

===

GET MORE BASS TIPS 👇
_________________________________________________________________
🙌 Be the first to know - SUBSCRIBE now → https://bit.ly/sub-to-sbl-yt
🎧 Tune in to our Weekly PODCAST → https://sblpodcast.buzzsprout.com/share
📱 Try our free GrooveTrainer APP → https://scottsbasslessons.com/groove-trainer-app 


ABOUT SCOTT’S BASS LESSONS (SBL)
_________________________________________________________________
As the largest online bass education platform in the world, with an ever-expanding course library and 40,000+ active members, Scott’s Bass Lessons (SBL) has everything you need to master the bass, all in one place. 

With beginner-friendly bass lessons, interactive courses led by industry experts, structured learning paths, personalized feedback, real-time mentorship from top bassists, and a vibrant, supportive community, SBL is the ultimate destination to enhance your bass playing—whether you're starting out or already a professional.

Try SBL Membership today! → https://sbl.link/join-sbl


RECOMMENDED BASS PLAYLIST
_________________________________________________________________
Catch up with SBL Content you’ve missed:
➡️ https://youtube.com/playlist?list=PLq5Wss5r1Cvvplt7z7O45JHk2TaJ3NT53  

#bassguitarlessons #bassforbeginners #easybasslines","{'default': {'url': 'https://i.ytimg.com/vi/VVMtHqlWa4k/default.jpg', 'width': 120, 'height': 90}, 'medium': {'url': 'https://i.ytimg.com/vi/VVMtHqlWa4k/mqdefault.jpg', 'width': 320, 'height': 180}, 'high': {'url': 'https://i.ytimg.com/vi/VVMtHqlWa4k/hqdefault.jpg', 'width': 480, 'height': 360}, 'standard': {'url': 'https://i.ytimg.com/vi/VVMtHqlWa4k/sddefault.jpg', 'width': 640, 'height': 480}, 'maxres': {'url': 'https://i.ytimg.com/vi/VVMtHqlWa4k/maxresdefault.jpg', 'width': 1280, 'height': 720}}",Scott's Bass Lessons,"['scott devine', 'bass lessons', 'bass guitar', 'beginner', 'beginners', 'scottsbasslessons', 'scotts bass lessons', 'sbl', 'electric bass', 'bass lesson', 'beginner bass lesson', 'beginner bass lessons']",10,none,en,"{'title': ""Janek Gwizdala's Gear Confessions (Pedals, Basses and more)"", 'description': ""🎸 Join the SBL Monthly Giveaway! → https://sbl.link/4gAF9Oj\n🔥 Try the SBL Bass Academy FREE for 14 Days: https://sbl.link/join-sbl\n🚀 Get 1-1 Bass Coaching (enrollment open now!): https://sbl.link/the-blueprint\n💙 Follow Janek Gwizdala 👉 YT:  @janekgwizdala  | www.janekgwizdala.com\n\nScott sits down with Janek Gwizdala for a deep gear dive, kicking off with his go-to pedal pick for players just getting into bass effects. From there, they move through the basses, pedals, and other essentials that have earned a permanent spot in Janek’s setup. Stick around and see what made the cut.\n\n===\n\nVideo Breakdown:\n\n00:00 - Introduction\n01:10 - Essential Bass Pedals\n04:24 - Compression\n05:00 - DIs\n07:15 - Performance Pt. 1\n08:15 - Janek’s Pedalboard Rundown\n18:16 - Performance Pt. 2\n19:46 - Improvisation\n21:13 - Custom Mattisson Bass\n23:27 - RKM Custom Bass V\n27:00 - RKM Custom Bass IV\n28:35 - Fender Precision Bass\n29:30 - Classical Guitar Approach\n33:20 - Goya Panther II\n35:54 - Final Thoughts\n\n===\n\nGET MORE BASS TIPS 👇\n_________________________________________________________________\n🙌 Be the first to know - SUBSCRIBE now → https://bit.ly/sub-to-sbl-yt\n🎧 Tune in to our Weekly PODCAST → https://sblpodcast.buzzsprout.com/share\n📱 Try our free GrooveTrainer APP → https://scottsbasslessons.com/groove-trainer-app \n\n\nABOUT SCOTT’S BASS LESSONS (SBL)\n_________________________________________________________________\nAs the largest online bass education platform in the world, with an ever-expanding course library and 40,000+ active members, Scott’s Bass Lessons (SBL) has everything you need to master the bass, all in one place. \n\nWith beginner-friendly bass lessons, interactive courses led by industry experts, structured learning paths, personalized feedback, real-time mentorship from top bassists, and a vibrant, supportive community, SBL is the ultimate destination to enhance your bass playing—whether you're starting out or already a professional.\n\nTry SBL Membership today! → https://sbl.link/join-sbl\n\n\nRECOMMENDED BASS PLAYLIST\n_________________________________________________________________\nCatch up with SBL Content you’ve missed:\n➡️ https://youtube.com/playlist?list=PLq5Wss5r1Cvvplt7z7O45JHk2TaJ3NT53  \n\n#bassguitarlessons #bassforbeginners #easybasslines""}",en,
go6CfSD0f10,2026-08-29,1364,722410,21059,0,1270,PT22M44S,2d,hd,False,False,{},rectangular,2025-08-13T15:01:13Z,UCWTj3vCqkQIsrTGSm4kM34g,"Jazz Fusion Trio Covers The Police on the spot (ft. Hadrien Feraud, Cory Henry & Ronald Bruner Jr.)","🔥 Try the SBL Bass Academy FREE for 14 Days: https://sbl.link/join-sbl
🚀 Get 1-1 Bass Coaching (enrollment open now!): https://sbl.link/the-blueprint

What happens when Hadrien Feraud, Cory Henry, and Ronald Bruner Jr. take on a Police tune—and flip it into a brand-new arrangement on the spot? Ian and Scott watch in awe as the trio crack the harmony, lock in the groove, and bring the whole thing to life right in front of you.

===

Video Breakdown:

00:00 - Introduction
01:07 - The Track Reveal (The Police - King of Pain)
02:34 - Figuring Out The Harmony
03:25 - Finding The Groove
05:40 - Last Verse Variant
07:08 - King of Pain - Full Take
15:50 - Q&A

===

GET MORE BASS TIPS 👇
_________________________________________________________________
🙌 Be the first to know - SUBSCRIBE now → https://bit.ly/sub-to-sbl-yt
🎧 Tune in to our Weekly PODCAST → https://sblpodcast.buzzsprout.com/share
📱 Try our free GrooveTrainer APP → https://scottsbasslessons.com/groove-trainer-app 


ABOUT SCOTT’S BASS LESSONS (SBL)
_________________________________________________________________
As the largest online bass education platform in the world, with an ever-expanding course library and 40,000+ active members, Scott’s Bass Lessons (SBL) has everything you need to master the bass, all in one place. 

With beginner-friendly bass lessons, interactive courses led by industry experts, structured learning paths, personalized feedback, real-time mentorship from top bassists, and a vibrant, supportive community, SBL is the ultimate destination to enhance your bass playing—whether you're starting out or already a professional.

Try SBL Membership today! → https://sbl.link/join-sbl


RECOMMENDED BASS PLAYLIST
_________________________________________________________________
Catch up with SBL Content you’ve missed:
➡️ https://youtube.com/playlist?list=PLq5Wss5r1Cvvplt7z7O45JHk2TaJ3NT53  

#bassguitarlessons #bassforbeginners #easybasslines","{'default': {'url': 'https://i.ytimg.com/vi/go6CfSD0f10/default.jpg', 'width': 120, 'height': 90}, 'medium': {'url': 'https://i.ytimg.com/vi/go6CfSD0f10/mqdefault.jpg', 'width': 320, 'height': 180}, 'high': {'url': 'https://i.ytimg.com/vi/go6CfSD0f10/hqdefault.jpg', 'width': 480, 'height': 360}, 'standard': {'url': 'https://i.ytimg.com/vi/go6CfSD0f10/sddefault.jpg', 'width': 640, 'height': 480}, 'maxres': {'url': 'https://i.ytimg.com/vi/go6CfSD0f10/maxresdefault.jpg', 'width': 1280, 'height': 720}}",Scott's Bass Lessons,"['scott devine', 'bass lessons', 'bass guitar', 'beginner', 'beginners', 'scottsbasslessons', 'scotts bass lessons', 'sbl', 'electric bass', 'bass lesson', 'beginner bass lesson', 'beginner bass lessons']",10,none,en,"{'title': 'Jazz Fusion Trio Covers The Police on the spot (ft. Hadrien Feraud, Cory Henry & Ronald Bruner Jr.)', 'description': ""🔥 Try the SBL Bass Academy FREE for 14 Days: https://sbl.link/join-sbl\n🚀 Get 1-1 Bass Coaching (enrollment open now!): https://sbl.link/the-blueprint\n\nWhat happens when Hadrien Feraud, Cory Henry, and Ronald Bruner Jr. take on a Police tune—and flip it into a brand-new arrangement on the spot? Ian and Scott watch in awe as the trio crack the harmony, lock in the groove, and bring the whole thing to life right in front of you.\n\n===\n\nVideo Breakdown:\n\n00:00 - Introduction\n01:07 - The Track Reveal (The Police - King of Pain)\n02:34 - Figuring Out The Harmony\n03:25 - Finding The Groove\n05:40 - Last Verse Variant\n07:08 - King of Pain - Full Take\n15:50 - Q&A\n\n===\n\nGET MORE BASS TIPS 👇\n_________________________________________________________________\n🙌 Be the first to know - SUBSCRIBE now → https://bit.ly/sub-to-sbl-yt\n🎧 Tune in to our Weekly PODCAST → https://sblpodcast.buzzsprout.com/share\n📱 Try our free GrooveTrainer APP → https://scottsbasslessons.com/groove-trainer-app \n\n\nABOUT SCOTT’S BASS LESSONS (SBL)\n_________________________________________________________________\nAs the largest online bass education platform in the world, with an ever-expanding course library and 40,000+ active members, Scott’s Bass Lessons (SBL) has everything you need to master the bass, all in one place. \n\nWith beginner-friendly bass lessons, interactive courses led by industry experts, structured learning paths, personalized feedback, real-time mentorship from top bassists, and a vibrant, supportive community, SBL is the ultimate destination to enhance your bass playing—whether you're starting out or already a professional.\n\nTry SBL Membership today! → https://sbl.link/join-sbl\n\n\nRECOMMENDED BASS PLAYLIST\n_________________________________________________________________\nCatch up with SBL Content you’ve missed:\n➡️ https://youtube.com/playlist?list=PLq5Wss5r1Cvvplt7z7O45JHk2TaJ3NT53  \n\n#bassguitarlessons #bassforbeginners #easybasslines""}",en,"{'blocked': ['BY', 'RU']}"
Gbm9Zg5ww5A,2026-08-29,715,145012,5673,0,629,PT11M55S,2d,hd,False,False,{},rectangular,2025-08-20T15:00:33Z,UCWTj3vCqkQIsrTGSm4kM34g,Is this the Greatest GRUNGE Bass Line of 1992?,"👉 Grab the FREE Tab & Notation here: https://sbl.link/47avtJf
🔥 Try the SBL Bass Academy FREE for 14 Days: https://sbl.link/join-sbl
🚀 Get 1-1 Bass Coaching (enrollment open now!): https://sbl.link/the-blueprint

Is Would? The ultimate grunge bass line? Scott and Ian explore the riffs, tone, and production tricks that turned this Alice in Chains anthem into one of the most unforgettable bass moments of the '90s. Grab your bass, tune down, and play along as they unpack every detail.

===

Video Breakdown:

00:00 - Introduction
00:53 - Verse
02:25 - The Isolated Bass Part
03:00 - Verse (Continued)
04:35 - The Tone
05:34 - The Lollapalooza Soundcheck 1993
06:15 - The Art SGX Nightbass
07:33 - Chorus
08:40 - The Secret Revealed!
11:00 - Final Thoughts
11:23 - Outtakes

===

GET MORE BASS TIPS 👇
_________________________________________________________________
🙌 Be the first to know - SUBSCRIBE now → https://bit.ly/sub-to-sbl-yt
🎧 Tune in to our Weekly PODCAST → https://sblpodcast.buzzsprout.com/share
📱 Try our free GrooveTrainer APP → https://scottsbasslessons.com/groove-trainer-app 


ABOUT SCOTT'S BASS LESSONS (SBL)
_________________________________________________________________
As the largest online bass education platform in the world, with an ever-expanding course library and 40,000+ active members, Scott's Bass Lessons (SBL) has everything you need to master the bass, all in one place. 

With beginner-friendly bass lessons, interactive courses led by industry experts, structured learning paths, personalized feedback, real-time mentorship from top bassists, and a vibrant, supportive community, SBL is the ultimate destination to enhance your bass playing—whether you're starting out or already a professional.

Try SBL Membership today! → https://sbl.link/join-sbl


RECOMMENDED BASS PLAYLIST
_________________________________________________________________
Catch up with SBL Content you've missed:
➡️ https://youtube.com/playlist?list=PLq5Wss5r1Cvvplt7z7O45JHk2TaJ3NT53  

#bassguitarlessons #bassforbeginners #easybasslines","{'default': {'url': 'https://i.ytimg.com/vi/Gbm9Zg5ww5A/default.jpg', 'width': 120, 'height': 90}, 'medium': {'url': 'https://i.ytimg.com/vi/Gbm9Zg5ww5A/mqdefault.jpg', 'width': 320, 'height': 180}, 'high': {'url': 'https://i.ytimg.com/vi/Gbm9Zg5ww5A/hqdefault.jpg', 'width': 480, 'height': 360}, 'standard': {'url': 'https://i.ytimg.com/vi/Gbm9Zg5ww5A/sddefault.jpg', 'width': 640, 'height': 480}, 'maxres': {'url': 'https://i.ytimg.com/vi/Gbm9Zg5ww5A/maxresdefault.jpg', 'width': 1280, 'height': 720}}",Scott's Bass Lessons,"['bass guitar', 'bass lesson', 'bass lessons', 'beginner', 'beginner bass lesson', 'beginner bass lessons', 'beginners', 'electric bass', 'sbl', 'scott devine', ""scott's bass lessons"", 'scotts bass lessons', 'scottsbasslessons']",10,none,en,"{'title': 'Is this the Greatest GRUNGE Bass Line of 1992?', 'description': ""👉 Grab the FREE Tab & Notation here: https://sbl.link/47avtJf\n🔥 Try the SBL Bass Academy FREE for 14 Days: https://sbl.link/join-sbl\n🚀 Get 1-1 Bass Coaching (enrollment open now!): https://sbl.link/the-blueprint\n\nIs Would? The ultimate grunge bass line? Scott and Ian explore the riffs, tone, and production tricks that turned this Alice in Chains anthem into one of the most unforgettable bass moments of the '90s. Grab your bass, tune down, and play along as they unpack every detail.\n\n===\n\nVideo Breakdown:\n\n00:00 - Introduction\n00:53 - Verse\n02:25 - The Isolated Bass Part\n03:00 - Verse (Continued)\n04:35 - The Tone\n05:34 - The Lollapalooza Soundcheck 1993\n06:15 - The Art SGX Nightbass\n07:33 - Chorus\n08:40 - The Secret Revealed!\n11:00 - Final Thoughts\n11:23 - Outtakes\n\n===\n\nGET MORE BASS TIPS 👇\n_________________________________________________________________\n🙌 Be the first to know - SUBSCRIBE now → https://bit.ly/sub-to-sbl-yt\n🎧 Tune in to our Weekly PODCAST → https://sblpodcast.buzzsprout.com/share\n📱 Try our free GrooveTrainer APP → https://scottsbasslessons.com/groove-trainer-app \n\n\nABOUT SCOTT'S BASS LESSONS (SBL)\n_________________________________________________________________\nAs the largest online bass education platform in the world, with an ever-expanding course library and 40,000+ active members, Scott's Bass Lessons (SBL) has everything you need to master the bass, all in one place. \n\nWith beginner-friendly bass lessons, interactive courses led by industry experts, structured learning paths, personalized feedback, real-time mentorship from top bassists, and a vibrant, supportive community, SBL is the ultimate destination to enhance your bass playing—whether you're starting out or already a professional.\n\nTry SBL Membership today! → https://sbl.link/join-sbl\n\n\nRECOMMENDED BASS PLAYLIST\n_________________________________________________________________\nCatch up with SBL Content you've missed:\n➡️ https://youtube.com/playlist?list=PLq5Wss5r1Cvvplt7z7O45JHk2TaJ3NT53  \n\n#bassguitarlessons #bassforbeginners #easybasslines""}",en-US,{'blocked': ['RU']}
KQQJN_YUYAQ,2026-08-29,4141,17738,397,0,79,PT1H9M1S,2d,hd,False,True,{},rectangular,2025-08-22T15:00:38Z,UCWTj3vCqkQIsrTGSm4kM34g,What if one program could solve all of your bass troubles?,"🚀 Get 1-1 Bass Coaching (enrollment open now!): http://thesblblueprint.com/
🔥 Try the SBL Bass Academy FREE for 14 Days: https://sbl.link/join-sbl

For the past three years, the Blueprint has quietly been helping bass players work through the same hurdles we all face. In this episode, Scott and Ian bring on the coaches who’ve been working one-on-one with students every week to talk about what the program’s really like, the common problems that keep showing up, and how players move past them. If you’ve ever felt stuck on your bass journey, this one’s for you.

===

Video Breakdown:

00:00:00 - Introduction
00:02:13 - Simon King (Head of Coaching)
00:06:13 - Keith Peberdy (Coach)
00:12:49 - Jim Moore (Head of Program)
00:13:46 - The Development of the Program
00:16:00 - Assessments
00:19:00 - The Pillars & Onboarding Process
00:21:30 - Awareness of Problem Areas
00:24:40 - Common Problems
00:29:20 - Pressure
00:33:45 - Dedication
00:36:00 - Group Learning & The Blueprint Live
00:37:25 - Awareness of Problem Areas (continued)
00:45:00 - How much time does the program take?
00:49:55 - Identifying the Spark 
00:52:54 - Masterclasses
00:58:33 - Blueprint Live
01:01:00 - Community
01:02:25 - Before & After
01:04:00 - Final Thoughts

===

GET MORE BASS TIPS 👇
_________________________________________________________________
🙌 Be the first to know - SUBSCRIBE now → https://bit.ly/sub-to-sbl-yt
🎧 Tune in to our Weekly PODCAST → https://sblpodcast.buzzsprout.com/share
📱 Try our free GrooveTrainer APP → https://scottsbasslessons.com/groove-trainer-app 


ABOUT SCOTT'S BASS LESSONS (SBL)
_________________________________________________________________
As the largest online bass education platform in the world, with an ever-expanding course library and 40,000+ active members, Scott's Bass Lessons (SBL) has everything you need to master the bass, all in one place. 

With beginner-friendly bass lessons, interactive courses led by industry experts, structured learning paths, personalized feedback, real-time mentorship from top bassists, and a vibrant, supportive community, SBL is the ultimate destination to enhance your bass playing—whether you're starting out or already a professional.

Try SBL Membership today! → https://sbl.link/join-sbl


RECOMMENDED BASS PLAYLIST
_________________________________________________________________
Catch up with SBL Content you've missed:
➡️ https://youtube.com/playlist?list=PLq5Wss5r1Cvvplt7z7O45JHk2TaJ3NT53  

#bassguitarlessons #bassforbeginners #easybasslines","{'default': {'url': 'https://i.ytimg.com/vi/KQQJN_YUYAQ/default.jpg', 'width': 120, 'height': 90}, 'medium': {'url': 'https://i.ytimg.com/vi/KQQJN_YUYAQ/mqdefault.jpg', 'width': 320, 'height': 180}, 'high': {'url': 'https://i.ytimg.com/vi/KQQJN_YUYAQ/hqdefault.jpg', 'width': 480, 'height': 360}, 'standard': {'url': 'https://i.ytimg.com/vi/KQQJN_YUYAQ/sddefault.jpg', 'width': 640, 'height': 480}, 'maxres': {'url': 'https://i.ytimg.com/vi/KQQJN_YUYAQ/maxresdefault.jpg', 'width': 1280, 'height': 720}}",Scott's Bass Lessons,"['bass guitar', 'bass lesson', 'bass lessons', 'beginner', 'beginner bass lesson', 'beginner bass lessons', 'beginners', 'electric bass', 'sbl', 'scott devine', ""scott's bass lessons"", 'scotts bass lessons', 'scottsbasslessons']",10,none,en,"{'title': 'What if one program could solve all of your bass troubles?', 'description': ""🚀 Get 1-1 Bass Coaching (enrollment open now!): http://thesblblueprint.com/\n🔥 Try the SBL Bass Academy FREE for 14 Days: https://sbl.link/join-sbl\n\nFor the past three years, the Blueprint has quietly been helping bass players work through the same hurdles we all face. In this episode, Scott and Ian bring on the coaches who’ve been working one-on-one with students every week to talk about what the program’s really like, the common problems that keep showing up, and how players move past them. If you’ve ever felt stuck on your bass journey, this one’s for you.\n\n===\n\nVideo Breakdown:\n\n00:00:00 - Introduction\n00:02:13 - Simon King (Head of Coaching)\n00:06:13 - Keith Peberdy (Coach)\n00:12:49 - Jim Moore (Head of Program)\n00:13:46 - The Development of the Program\n00:16:00 - Assessments\n00:19:00 - The Pillars & Onboarding Process\n00:21:30 - Awareness of Problem Areas\n00:24:40 - Common Problems\n00:29:20 - Pressure\n00:33:45 - Dedication\n00:36:00 - Group Learning & The Blueprint Live\n00:37:25 - Awareness of Problem Areas (continued)\n00:45:00 - How much time does the program take?\n00:49:55 - Identifying the Spark \n00:52:54 - Masterclasses\n00:58:33 - Blueprint Live\n01:01:00 - Community\n01:02:25 - Before & After\n01:04:00 - Final Thoughts\n\n===\n\nGET MORE BASS TIPS 👇\n_________________________________________________________________\n🙌 Be the first to know - SUBSCRIBE now → https://bit.ly/sub-to-sbl-yt\n🎧 Tune in to our Weekly PODCAST → https://sblpodcast.buzzsprout.com/share\n📱 Try our free GrooveTrainer APP → https://scottsbasslessons.com/groove-trainer-app \n\n\nABOUT SCOTT'S BASS LESSONS (SBL)\n_________________________________________________________________\nAs the largest online bass education platform in the world, with an ever-expanding course library and 40,000+ active members, Scott's Bass Lessons (SBL) has everything you need to master the bass, all in one place. \n\nWith beginner-friendly bass lessons, interactive courses led by industry experts, structured learning paths, personalized feedback, real-time mentorship from top bassists, and a vibrant, supportive community, SBL is the ultimate destination to enhance your bass playing—whether you're starting out or already a professional.\n\nTry SBL Membership today! → https://sbl.link/join-sbl\n\n\nRECOMMENDED BASS PLAYLIST\n_________________________________________________________________\nCatch up with SBL Content you've missed:\n➡️ https://youtube.com/playlist?list=PLq5Wss5r1Cvvplt7z7O45JHk2TaJ3NT53  \n\n#bassguitarlessons #bassforbeginners #easybasslines""}",en-US,
UlcWLU1o_yI,2026-08-29,3495,141965,4746,0,682,PT58M15S,2d,hd,False,False,{},rectangular,2025-08-26T15:00:50Z,UCWTj3vCqkQIsrTGSm4kM34g,MXR Bass Synth: The Bass Pedal that BROKE the internet,"🔥 Try the SBL Bass Academy FREE for 14 Days: https://sbl.link/join-sbl
🚀 Get 1-1 Bass Coaching (enrollment open now!): https://sbl.link/the-blueprint

What happens when you’re not just handed a brand-new bass pedal, but asked to help design the sounds inside it? That’s where Ian found himself with the MXR Synth Pedal. In this episode, he and Sharon finally spill the story - from the first prototype that blew him away, to the sounds he programmed, and why this pedal left every other synth in the dust.
===

Video Breakdown:

00:00 - Introduction
04:41 - The Dunlop Team
05:30 - Tracking & Latency
08:30 - Will Birckhead & Andrew Gouche
09:20 - The Controls / Product Design
12:32 - The Release
17:00 - Green 1
25:50 - Green 2
29:50 - Green 3
33:00 - Green 4
36:00 - Red 1
38:30 - Red 2
43:00 - Red 3
44:30 - Red 4
47:00 - Playing Synth Bass
50:00 - The Prototype
53:00 - Final Thoughts

===

GET MORE BASS TIPS 👇
_________________________________________________________________
🙌 Be the first to know - SUBSCRIBE now → https://bit.ly/sub-to-sbl-yt
🎧 Tune in to our Weekly PODCAST → https://sblpodcast.buzzsprout.com/share
📱 Try our free GrooveTrainer APP → https://scottsbasslessons.com/groove-trainer-app 


ABOUT SCOTT'S BASS LESSONS (SBL)
_________________________________________________________________
As the largest online bass education platform in the world, with an ever-expanding course library and 40,000+ active members, Scott's Bass Lessons (SBL) has everything you need to master the bass, all in one place. 

With beginner-friendly bass lessons, interactive courses led by industry experts, structured learning paths, personalized feedback, real-time mentorship from top bassists, and a vibrant, supportive community, SBL is the ultimate destination to enhance your bass playing—whether you're starting out or already a professional.

Try SBL Membership today! → https://sbl.link/join-sbl


RECOMMENDED BASS PLAYLIST
_________________________________________________________________
Catch up with SBL Content you've missed:
➡️ https://youtube.com/playlist?list=PLq5Wss5r1Cvvplt7z7O45JHk2TaJ3NT53  

#bassguitarlessons #bassforbeginners #easybasslines","{'default': {'url': 'https://i.ytimg.com/vi/UlcWLU1o_yI/default.jpg', 'width': 120, 'height': 90}, 'medium': {'url': 'https://i.ytimg.com/vi/UlcWLU1o_yI/mqdefault.jpg', 'width': 320, 'height': 180}, 'high': {'url': 'https://i.ytimg.com/vi/UlcWLU1o_yI/hqdefault.jpg', 'width': 480, 'height': 360}, 'standard': {'url': 'https://i.ytimg.com/vi/UlcWLU1o_yI/sddefault.jpg', 'width': 640, 'height': 480}, 'maxres': {'url': 'https://i.ytimg.com/vi/UlcWLU1o_yI/maxresdefault.jpg', 'width': 1280, 'height': 720}}",Scott's Bass Lessons,"['bass guitar', 'bass lesson', 'bass lessons', 'beginner', 'beginner bass lesson', 'beginner bass lessons', 'beginners', 'electric bass', 'sbl', 'scott devine', ""scott's bass lessons"", 'scotts bass lessons', 'scottsbasslessons']",10,none,en,"{'title': 'MXR Bass Synth: The Bass Pedal that BROKE the internet', 'description': ""🔥 Try the SBL Bass Academy FREE for 14 Days: https://sbl.link/join-sbl\n🚀 Get 1-1 Bass Coaching (enrollment open now!): https://sbl.link/the-blueprint\n\nWhat happens when you’re not just handed a brand-new bass pedal, but asked to help design the sounds inside it? That’s where Ian found himself with the MXR Synth Pedal. In this episode, he and Sharon finally spill the story - from the first prototype that blew him away, to the sounds he programmed, and why this pedal left every other synth in the dust.\n===\n\nVideo Breakdown:\n\n00:00 - Introduction\n04:41 - The Dunlop Team\n05:30 - Tracking & Latency\n08:30 - Will Birckhead & Andrew Gouche\n09:20 - The Controls / Product Design\n12:32 - The Release\n17:00 - Green 1\n25:50 - Green 2\n29:50 - Green 3\n33:00 - Green 4\n36:00 - Red 1\n38:30 - Red 2\n43:00 - Red 3\n44:30 - Red 4\n47:00 - Playing Synth Bass\n50:00 - The Prototype\n53:00 - Final Thoughts\n\n===\n\nGET MORE BASS TIPS 👇\n_________________________________________________________________\n🙌 Be the first to know - SUBSCRIBE now → https://bit.ly/sub-to-sbl-yt\n🎧 Tune in to our Weekly PODCAST → https://sblpodcast.buzzsprout.com/share\n📱 Try our free GrooveTrainer APP → https://scottsbasslessons.com/groove-trainer-app \n\n\nABOUT SCOTT'S BASS LESSONS (SBL)\n_________________________________________________________________\nAs the largest online bass education platform in the world, with an ever-expanding course library and 40,000+ active members, Scott's Bass Lessons (SBL) has everything you need to master the bass, all in one place. \n\nWith beginner-friendly bass lessons, interactive courses led by industry experts, structured learning paths, personalized feedback, real-time mentorship from top bassists, and a vibrant, supportive community, SBL is the ultimate destination to enhance your bass playing—whether you're starting out or already a professional.\n\nTry SBL Membership today! → https://sbl.link/join-sbl\n\n\nRECOMMENDED BASS PLAYLIST\n_________________________________________________________________\nCatch up with SBL Content you've missed:\n➡️ https://youtube.com/playlist?list=PLq5Wss5r1Cvvplt7z7O45JHk2TaJ3NT53  \n\n#bassguitarlessons #bassforbeginners #easybasslines""}",en-US,{'blocked': ['RU']}
PQk1VondNws,2026-08-29,406,121789,7084,0,483,PT6M46S,2d,hd,False,False,{},rectangular,2025-08-29T15:00:49Z,UCWTj3vCqkQIsrTGSm4kM34g,Danny Sapko Learns Spinal Tap As Fast As Possible,"👉 Grab the FREE Tab & Notation here: https://sbl.link/4mF8Npn
🔥 Try the SBL Bass Academy FREE for 14 Days: https://sbl.link/join-sbl
🚀 Get 1-1 Bass Coaching (enrollment open now!): https://sbl.link/the-blueprint

===

Video Breakdown:

00:00 - Introduction
00:48 - First Listen (Stonehenge - Spinal Tap Feat. Elton John)
02:22 - Relative Pitch
02:50 - Figuring It Out
03:40 - Placing The Dipstick Lick
04:00 - Final Tehk
05:58 - How to Dipstick
06:30 - Outtakes

===

GET MORE BASS TIPS 👇
_________________________________________________________________
🙌 Be the first to know - SUBSCRIBE now → https://bit.ly/sub-to-sbl-yt
🎧 Tune in to our Weekly PODCAST → https://sblpodcast.buzzsprout.com/share
📱 Try our free GrooveTrainer APP → https://scottsbasslessons.com/groove-trainer-app 


ABOUT SCOTT'S BASS LESSONS (SBL)
_________________________________________________________________
As the largest online bass education platform in the world, with an ever-expanding course library and 40,000+ active members, Scott's Bass Lessons (SBL) has everything you need to master the bass, all in one place. 

With beginner-friendly bass lessons, interactive courses led by industry experts, structured learning paths, personalized feedback, real-time mentorship from top bassists, and a vibrant, supportive community, SBL is the ultimate destination to enhance your bass playing—whether you're starting out or already a professional.

Try SBL Membership today! → https://sbl.link/join-sbl


RECOMMENDED BASS PLAYLIST
_________________________________________________________________
Catch up with SBL Content you've missed:
➡️ https://youtube.com/playlist?list=PLq5Wss5r1Cvvplt7z7O45JHk2TaJ3NT53  

#bassguitarlessons #bassforbeginners #easybasslines","{'default': {'url': 'https://i.ytimg.com/vi/PQk1VondNws/default.jpg', 'width': 120, 'height': 90}, 'medium': {'url': 'https://i.ytimg.com/vi/PQk1VondNws/mqdefault.jpg', 'width': 320, 'height': 180}, 'high': {'url': 'https://i.ytimg.com/vi/PQk1VondNws/hqdefault.jpg', 'width': 480, 'height': 360}, 'standard': {'url': 'https://i.ytimg.com/vi/PQk1VondNws/sddefault.jpg', 'width': 640, 'height': 480}, 'maxres': {'url': 'https://i.ytimg.com/vi/PQk1VondNws/maxresdefault.jpg', 'width': 1280, 'height': 720}}",Scott's Bass Lessons,"['bass guitar', 'bass lesson', 'bass lessons', 'beginner', 'beginner bass lesson', 'beginner bass lessons', 'beginners', 'electric bass', 'sbl', 'scott devine', ""scott's bass lessons"", 'scotts bass lessons', 'scottsbasslessons']",10,none,en,"{'title': 'Danny Sapko Learns Spinal Tap As Fast As Possible', 'description': ""👉 Grab the FREE Tab & Notation here: https://sbl.link/4mF8Npn\n🔥 Try the SBL Bass Academy FREE for 14 Days: https://sbl.link/join-sbl\n🚀 Get 1-1 Bass Coaching (enrollment open now!): https://sbl.link/the-blueprint\n\n===\n\nVideo Breakdown:\n\n00:00 - Introduction\n00:48 - First Listen (Stonehenge - Spinal Tap Feat. Elton John)\n02:22 - Relative Pitch\n02:50 - Figuring It Out\n03:40 - Placing The Dipstick Lick\n04:00 - Final Tehk\n05:58 - How to Dipstick\n06:30 - Outtakes\n\n===\n\nGET MORE BASS TIPS 👇\n_________________________________________________________________\n🙌 Be the first to know - SUBSCRIBE now → https://bit.ly/sub-to-sbl-yt\n🎧 Tune in to our Weekly PODCAST → https://sblpodcast.buzzsprout.com/share\n📱 Try our free GrooveTrainer APP → https://scottsbasslessons.com/groove-trainer-app \n\n\nABOUT SCOTT'S BASS LESSONS (SBL)\n_________________________________________________________________\nAs the largest online bass education platform in the world, with an ever-expanding course library and 40,000+ active members, Scott's Bass Lessons (SBL) has everything you need to master the bass, all in one place. \n\nWith beginner-friendly bass lessons, interactive courses led by industry experts, structured learning paths, personalized feedback, real-time mentorship from top bassists, and a vibrant, supportive community, SBL is the ultimate destination to enhance your bass playing—whether you're starting out or already a professional.\n\nTry SBL Membership today! → https://sbl.link/join-sbl\n\n\nRECOMMENDED BASS PLAYLIST\n_________________________________________________________________\nCatch up with SBL Content you've missed:\n➡️ https://youtube.com/playlist?list=PLq5Wss5r1Cvvplt7z7O45JHk2TaJ3NT53  \n\n#bassguitarlessons #bassforbeginners #easybasslines""}",en-US,"{'blocked': ['BY', 'RU']}"
OnUp-0ZDiDQ,2026-08-30,611,92085,2573,0,453,PT10M11S,2d,hd,False,True,{},rectangular,2025-07-25T15:31:26Z,UCWTj3vCqkQIsrTGSm4kM34g,"Cooler than a Jazz Bass? Actually, maybe.","FREE Slap Bass Workshop – Choose Your Time Slot Below!
Join Ian Martin Allison and myself for a 90-minute live session where you’ll decode the slap bass styles of Flea, Marcus Miller, and Larry Graham.

Pick the time that works best for you:

✅ Monday, July 28 @ 3pm UK / 10am EDT / 7am PDT
👉 https://sbl.link/monday-slap-bass-workshop

✅ Tuesday, July 29 @ 8pm UK / 3pm EDT / 12pm PDT
👉 https://sbl.link/tuesday-slap-bass-workshop

*SAME session, two options* — grab your seat and get ready to groove.


GET MORE BASS TIPS 👇
_________________________________________________________________
🙌 Be the first to know - SUBSCRIBE now → https://bit.ly/sub-to-sbl-yt
🎧 Tune in to our Weekly PODCAST → https://sblpodcast.buzzsprout.com/share
📱 Try our free GrooveTrainer APP → https://scottsbasslessons.com/groove-trainer-app 


ABOUT SCOTT’S BASS LESSONS (SBL)
_________________________________________________________________
As the largest online bass education platform in the world, with an ever-expanding course library and 40,000+ active members, Scott’s Bass Lessons (SBL) has everything you need to master the bass, all in one place. 

With beginner-friendly bass lessons, interactive courses led by industry experts, structured learning paths, personalized feedback, real-time mentorship from top bassists, and a vibrant, supportive community, SBL is the ultimate destination to enhance your bass playing—whether you're starting out or already a professional.

Try SBL Membership today! → https://sbl.link/join-sbl


RECOMMENDED BASS PLAYLIST
_________________________________________________________________
Catch up with SBL Content you’ve missed:
➡️ https://youtube.com/playlist?list=PLq5Wss5r1Cvvplt7z7O45JHk2TaJ3NT53  

#bassguitarlessons #bassforbeginners #easybasslines","{'default': {'url': 'https://i.ytimg.com/vi/OnUp-0ZDiDQ/default.jpg', 'width': 120, 'height': 90}, 'medium': {'url': 'https://i.ytimg.com/vi/OnUp-0ZDiDQ/mqdefault.jpg', 'width': 320, 'height': 180}, 'high': {'url': 'https://i.ytimg.com/vi/OnUp-0ZDiDQ/hqdefault.jpg', 'width': 480, 'height': 360}, 'standard': {'url': 'https://i.ytimg.com/vi/OnUp-0ZDiDQ/sddefault.jpg', 'width': 640, 'height': 480}, 'maxres': {'url': 'https://i.ytimg.com/vi/OnUp-0ZDiDQ/maxresdefault.jpg', 'width': 1280, 'height': 720}}",Scott's Bass Lessons,"['scott devine', 'bass lessons', 'bass guitar', 'beginner', 'beginners', 'scottsbasslessons', 'scotts bass lessons', 'sbl', 'electric bass', 'bass lesson', 'beginner bass lesson', 'beginner bass lessons']",10,none,en,"{'title': 'Cooler than a Jazz Bass? Actually, maybe.', 'description': ""FREE Slap Bass Workshop – Choose Your Time Slot Below!\nJoin Ian Martin Allison and myself for a 90-minute live session where you’ll decode the slap bass styles of Flea, Marcus Miller, and Larry Graham.\n\nPick the time that works best for you:\n\n✅ Monday, July 28 @ 3pm UK / 10am EDT / 7am PDT\n👉 https://sbl.link/monday-slap-bass-workshop\n\n✅ Tuesday, July 29 @ 8pm UK / 3pm EDT / 12pm PDT\n👉 https://sbl.link/tuesday-slap-bass-workshop\n\n*SAME session, two options* — grab your seat and get ready to groove.\n\n\nGET MORE BASS TIPS 👇\n_________________________________________________________________\n🙌 Be the first to know - SUBSCRIBE now → https://bit.ly/sub-to-sbl-yt\n🎧 Tune in to our Weekly PODCAST → https://sblpodcast.buzzsprout.com/share\n📱 Try our free GrooveTrainer APP → https://scottsbasslessons.com/groove-trainer-app \n\n\nABOUT SCOTT’S BASS LESSONS (SBL)\n_________________________________________________________________\nAs the largest online bass education platform in the world, with an ever-expanding course library and 40,000+ active members, Scott’s Bass Lessons (SBL) has everything you need to master the bass, all in one place. \n\nWith beginner-friendly bass lessons, interactive courses led by industry experts, structured learning paths, personalized feedback, real-time mentorship from top bassists, and a vibrant, supportive community, SBL is the ultimate destination to enhance your bass playing—whether you're starting out or already a professional.\n\nTry SBL Membership today! → https://sbl.link/join-sbl\n\n\nRECOMMENDED BASS PLAYLIST\n_________________________________________________________________\nCatch up with SBL Content you’ve missed:\n➡️ https://youtube.com/playlist?list=PLq5Wss5r1Cvvplt7z7O45JHk2TaJ3NT53  \n\n#bassguitarlessons #bassforbeginners #easybasslines""}",en,
5UmZlya3AY8,2026-08-30,1029,165123,5428,0,469,PT17M9S,2d,hd,False,True,{},rectangular,2025-07-28T10:37:00Z,UCWTj3vCqkQIsrTGSm4kM34g,responding to the Victor Wooten video,,"{'default': {'url': 'https://i.ytimg.com/vi/5UmZlya3AY8/default.jpg', 'width': 120, 'height': 90}, 'medium': {'url': 'https://i.ytimg.com/vi/5UmZlya3AY8/mqdefault.jpg', 'width': 320, 'height': 180}, 'high': {'url': 'https://i.ytimg.com/vi/5UmZlya3AY8/hqdefault.jpg', 'width': 480, 'height': 360}, 'standard': {'url': 'https://i.ytimg.com/vi/5UmZlya3AY8/sddefault.jpg', 'width': 640, 'height': 480}, 'maxres': {'url': 'https://i.ytimg.com/vi/5UmZlya3AY8/maxresdefault.jpg', 'width': 1280, 'height': 720}}",Scott's Bass Lessons,"['scott devine', 'bass lessons', 'bass guitar', 'beginner', 'beginners', 'scottsbasslessons', 'scotts bass lessons', 'sbl', 'electric bass', 'bass lesson', 'beginner bass lesson', 'beginner bass lessons']",10,none,en,"{'title': 'responding to the Victor Wooten video', 'description': ''}",en,
-8nWeVXyXNk,2026-08-30,855,25150,932,0,90,PT14M15S,2d,hd,False,True,{},rectangular,2025-07-30T15:00:00Z,UCWTj3vCqkQIsrTGSm4kM34g,How does Victor Wooten do THIS??,"🎸 The Slap Accelerator is now OPEN for enrollment! Claim your spot before it closes to get your $100 discount + FREE bonuses → https://sbl.link/3IQanpq

🔥 Try the SBL Bass Academy FREE for 14 Days: https://sbl.link/join-sbl
🚀 Get 1-1 Bass Coaching (enrollment open now!): https://sbl.link/the-blueprint

===

Double thumb used to be my worst nightmare—until Ian dropped a course that made it look way too fun to ignore. In this video, I break down how I finally got it together, plus a slap riff to help you do the same. If you’ve ever struggled with this technique, you’re in good company!

===

00:00 - Introduction
01:43 - The Slap Accelerator
02:25 - The Basics
03:55 - Exercise 1
08:00 - The Riff Breakdown
12:00 - My Slap Bass Journey
12:40 - Final Thoughts

GET MORE BASS TIPS 👇
_________________________________________________________________
🙌 Be the first to know - SUBSCRIBE now → https://bit.ly/sub-to-sbl-yt
🎧 Tune in to our Weekly PODCAST → https://sblpodcast.buzzsprout.com/share
📱 Try our free GrooveTrainer APP → https://scottsbasslessons.com/groove-trainer-app 

ABOUT SCOTT’S BASS LESSONS (SBL)
_________________________________________________________________
As the largest online bass education platform in the world, with an ever-expanding course library and 40,000+ active members, Scott’s Bass Lessons (SBL) has everything you need to master the bass, all in one place. 

With beginner-friendly bass lessons, interactive courses led by industry experts, structured learning paths, personalized feedback, real-time mentorship from top bassists, and a vibrant, supportive community, SBL is the ultimate destination to enhance your bass playing—whether you're starting out or already a professional.

Try SBL Membership today! → https://sbl.link/join-sbl


RECOMMENDED BASS PLAYLIST
_________________________________________________________________
Catch up with SBL Content you’ve missed:
➡️ https://youtube.com/playlist?list=PLq5Wss5r1Cvvplt7z7O45JHk2TaJ3NT53  

#bassguitarlessons #bassforbeginners #easybasslines","{'default': {'url': 'https://i.ytimg.com/vi/-8nWeVXyXNk/default.jpg', 'width': 120, 'height': 90}, 'medium': {'url': 'https://i.ytimg.com/vi/-8nWeVXyXNk/mqdefault.jpg', 'width': 320, 'height': 180}, 'high': {'url': 'https://i.ytimg.com/vi/-8nWeVXyXNk/hqdefault.jpg', 'width': 480, 'height': 360}, 'standard': {'url': 'https://i.ytimg.com/vi/-8nWeVXyXNk/sddefault.jpg', 'width': 640, 'height': 480}, 'maxres': {'url': 'https://i.ytimg.com/vi/-8nWeVXyXNk/maxresdefault.jpg', 'width': 1280, 'height': 720}}",Scott's Bass Lessons,"['scott devine', 'bass lessons', 'bass guitar', 'beginner', 'beginners', 'scottsbasslessons', 'scotts bass lessons', 'sbl', 'electric bass', 'bass lesson', 'beginner bass lesson', 'beginner bass lessons']",10,none,en,"{'title': 'How does Victor Wooten do THIS??', 'description': ""🎸 The Slap Accelerator is now OPEN for enrollment! Claim your spot before it closes to get your $100 discount + FREE bonuses → https://sbl.link/3IQanpq\n\n🔥 Try the SBL Bass Academy FREE for 14 Days: https://sbl.link/join-sbl\n🚀 Get 1-1 Bass Coaching (enrollment open now!): https://sbl.link/the-blueprint\n\n===\n\nDouble thumb used to be my worst nightmare—until Ian dropped a course that made it look way too fun to ignore. In this video, I break down how I finally got it together, plus a slap riff to help you do the same. If you’ve ever struggled with this technique, you’re in good company!\n\n===\n\n00:00 - Introduction\n01:43 - The Slap Accelerator\n02:25 - The Basics\n03:55 - Exercise 1\n08:00 - The Riff Breakdown\n12:00 - My Slap Bass Journey\n12:40 - Final Thoughts\n\nGET MORE BASS TIPS 👇\n_________________________________________________________________\n🙌 Be the first to know - SUBSCRIBE now → https://bit.ly/sub-to-sbl-yt\n🎧 Tune in to our Weekly PODCAST → https://sblpodcast.buzzsprout.com/share\n📱 Try our free GrooveTrainer APP → https://scottsbasslessons.com/groove-trainer-app \n\nABOUT SCOTT’S BASS LESSONS (SBL)\n_________________________________________________________________\nAs the largest online bass education platform in the world, with an ever-expanding course library and 40,000+ active members, Scott’s Bass Lessons (SBL) has everything you need to master the bass, all in one place. \n\nWith beginner-friendly bass lessons, interactive courses led by industry experts, structured learning paths, personalized feedback, real-time mentorship from top bassists, and a vibrant, supportive community, SBL is the ultimate destination to enhance your bass playing—whether you're starting out or already a professional.\n\nTry SBL Membership today! → https://sbl.link/join-sbl\n\n\nRECOMMENDED BASS PLAYLIST\n_________________________________________________________________\nCatch up with SBL Content you’ve missed:\n➡️ https://youtube.com/playlist?list=PLq5Wss5r1Cvvplt7z7O45JHk2TaJ3NT53  \n\n#bassguitarlessons #bassforbeginners #easybasslines""}",en,
X9f7LIhEXN8,2026-08-30,829,31359,944,0,104,PT13M49S,2d,hd,False,True,{},rectangular,2025-08-01T15:00:58Z,UCWTj3vCqkQIsrTGSm4kM34g,Mark Kings’ (Level 42) GREATEST bass line ever,"🎸 The Slap Accelerator is now OPEN for enrollment! Claim your spot before it closes to get your $100 discount + FREE bonuses → https://sbl.link/3IQanpq

👉 Grab the FREE Tab & Notation here: https://sbl.link/45eTA6C
🔥 Try the SBL Bass Academy FREE for 14 Days: https://sbl.link/join-sbl
🚀 Get 1-1 Bass Coaching (enrollment open now!): https://sbl.link/the-blueprint

===

===

00:00 - Introduction
01:00 - The Fretting Hand Slap
01:29 - Fretting Hand Slap Exercise
02:02 - The Main Riff Pt. 1
04:15 - The Main Riff Pt. 2
07:40 - The Main Riff Pt. 3
08:37 - The Repeat
09:49 - Slow Version
10:21 - How To Approach The Bass Line

GET MORE BASS TIPS 👇
_________________________________________________________________
🙌 Be the first to know - SUBSCRIBE now → https://bit.ly/sub-to-sbl-yt
🎧 Tune in to our Weekly PODCAST → https://sblpodcast.buzzsprout.com/share
📱 Try our free GrooveTrainer APP → https://scottsbasslessons.com/groove-trainer-app 

ABOUT SCOTT’S BASS LESSONS (SBL)
_________________________________________________________________
As the largest online bass education platform in the world, with an ever-expanding course library and 40,000+ active members, Scott’s Bass Lessons (SBL) has everything you need to master the bass, all in one place. 

With beginner-friendly bass lessons, interactive courses led by industry experts, structured learning paths, personalized feedback, real-time mentorship from top bassists, and a vibrant, supportive community, SBL is the ultimate destination to enhance your bass playing—whether you're starting out or already a professional.

Try SBL Membership today! → https://sbl.link/join-sbl

RECOMMENDED BASS PLAYLIST
_________________________________________________________________
Catch up with SBL Content you’ve missed:
➡️ https://youtube.com/playlist?list=PLq5Wss5r1Cvvplt7z7O45JHk2TaJ3NT53  

#bassguitarlessons #bassforbeginners #easybasslines","{'default': {'url': 'https://i.ytimg.com/vi/X9f7LIhEXN8/default.jpg', 'width': 120, 'height': 90}, 'medium': {'url': 'https://i.ytimg.com/vi/X9f7LIhEXN8/mqdefault.jpg', 'width': 320, 'height': 180}, 'high': {'url': 'https://i.ytimg.com/vi/X9f7LIhEXN8/hqdefault.jpg', 'width': 480, 'height': 360}, 'standard': {'url': 'https://i.ytimg.com/vi/X9f7LIhEXN8/sddefault.jpg', 'width': 640, 'height': 480}, 'maxres': {'url': 'https://i.ytimg.com/vi/X9f7LIhEXN8/maxresdefault.jpg', 'width': 1280, 'height': 720}}",Scott's Bass Lessons,"['scott devine', 'bass lessons', 'bass guitar', 'beginner', 'beginners', 'scottsbasslessons', 'scotts bass lessons', 'sbl', 'electric bass', 'bass lesson', 'beginner bass lesson', 'beginner bass lessons']",10,none,en,"{'title': 'Mark Kings’ (Level 42) GREATEST bass line ever', 'description': ""🎸 The Slap Accelerator is now OPEN for enrollment! Claim your spot before it closes to get your $100 discount + FREE bonuses → https://sbl.link/3IQanpq\n\n👉 Grab the FREE Tab & Notation here: https://sbl.link/45eTA6C\n🔥 Try the SBL Bass Academy FREE for 14 Days: https://sbl.link/join-sbl\n🚀 Get 1-1 Bass Coaching (enrollment open now!): https://sbl.link/the-blueprint\n\n===\n\n===\n\n00:00 - Introduction\n01:00 - The Fretting Hand Slap\n01:29 - Fretting Hand Slap Exercise\n02:02 - The Main Riff Pt. 1\n04:15 - The Main Riff Pt. 2\n07:40 - The Main Riff Pt. 3\n08:37 - The Repeat\n09:49 - Slow Version\n10:21 - How To Approach The Bass Line\n\nGET MORE BASS TIPS 👇\n_________________________________________________________________\n🙌 Be the first to know - SUBSCRIBE now → https://bit.ly/sub-to-sbl-yt\n🎧 Tune in to our Weekly PODCAST → https://sblpodcast.buzzsprout.com/share\n📱 Try our free GrooveTrainer APP → https://scottsbasslessons.com/groove-trainer-app \n\nABOUT SCOTT’S BASS LESSONS (SBL)\n_________________________________________________________________\nAs the largest online bass education platform in the world, with an ever-expanding course library and 40,000+ active members, Scott’s Bass Lessons (SBL) has everything you need to master the bass, all in one place. \n\nWith beginner-friendly bass lessons, interactive courses led by industry experts, structured learning paths, personalized feedback, real-time mentorship from top bassists, and a vibrant, supportive community, SBL is the ultimate destination to enhance your bass playing—whether you're starting out or already a professional.\n\nTry SBL Membership today! → https://sbl.link/join-sbl\n\nRECOMMENDED BASS PLAYLIST\n_________________________________________________________________\nCatch up with SBL Content you’ve missed:\n➡️ https://youtube.com/playlist?list=PLq5Wss5r1Cvvplt7z7O45JHk2TaJ3NT53  \n\n#bassguitarlessons #bassforbeginners #easybasslines""}",en,
4ervOxAR1xc,2026-08-30,3558,30028,972,0,254,PT59M18S,2d,hd,False,True,{},rectangular,2025-08-04T15:00:07Z,UCWTj3vCqkQIsrTGSm4kM34g,Travel DISASTER? (6 pro-level travel hacks so you don’t have one),"🎸 The Slap Accelerator is OPEN for enrollment! One day left to sign up! → https://sbl.link/4lTQ9JS
🔥 Try the SBL Bass Academy FREE for 14 Days: https://sbl.link/join-sbl
🚀 Get 1-1 Bass Coaching (enrollment open now!): https://sbl.link/the-blueprint

Ian and Sharon swap travel horror stories and share their biggest lessons from years of touring and bass travel. From packing light to gate check debates, things get real (and occasionally frustrating). Expect strong opinions, a few surprises, and plenty of what not to do next time you fly.

===

Video Breakdown:

00:00 - Introduction  
03:30 - Travelling Light  
06:22 - Janek Gwizdala  
08:45 - Carry On VS. Gate Check  
21:16 - 1 - Do Not Fight  
25:18 - 2 - Case Recommendations  
26:42 - 3 - Smart Packing  
32:03 - Travelling with Multiple Basses  
33:53 - 4 - String Prep  
35:18 - Horror Stories  
40:48 - 5 - Small Pedal Board & Bag  
41:59 - Ian Almost Getting Cancelled  
55:05 - 6 - Sneaky Air Tag  

===

GET MORE BASS TIPS 👇
_________________________________________________________________
🙌 Be the first to know - SUBSCRIBE now → https://bit.ly/sub-to-sbl-yt
🎧 Tune in to our Weekly PODCAST → https://sblpodcast.buzzsprout.com/share
📱 Try our free GrooveTrainer APP → https://scottsbasslessons.com/groove-trainer-app 


ABOUT SCOTT'S BASS LESSONS (SBL)
_________________________________________________________________
As the largest online bass education platform in the world, with an ever-expanding course library and 40,000+ active members, Scott's Bass Lessons (SBL) has everything you need to master the bass, all in one place. 

With beginner-friendly bass lessons, interactive courses led by industry experts, structured learning paths, personalized feedback, real-time mentorship from top bassists, and a vibrant, supportive community, SBL is the ultimate destination to enhance your bass playing—whether you're starting out or already a professional.

Try SBL Membership today! → https://sbl.link/join-sbl


RECOMMENDED BASS PLAYLIST
_________________________________________________________________
Catch up with SBL Content you've missed:
➡️ https://youtube.com/playlist?list=PLq5Wss5r1Cvvplt7z7O45JHk2TaJ3NT53  

#bassguitarlessons #bassforbeginners #easybasslines","{'default': {'url': 'https://i.ytimg.com/vi/4ervOxAR1xc/default.jpg', 'width': 120, 'height': 90}, 'medium': {'url': 'https://i.ytimg.com/vi/4ervOxAR1xc/mqdefault.jpg', 'width': 320, 'height': 180}, 'high': {'url': 'https://i.ytimg.com/vi/4ervOxAR1xc/hqdefault.jpg', 'width': 480, 'height': 360}, 'standard': {'url': 'https://i.ytimg.com/vi/4ervOxAR1xc/sddefault.jpg', 'width': 640, 'height': 480}, 'maxres': {'url': 'https://i.ytimg.com/vi/4ervOxAR1xc/maxresdefault.jpg', 'width': 1280, 'height': 720}}",Scott's Bass Lessons,"['bass guitar', 'bass lesson', 'bass lessons', 'beginner', 'beginner bass lesson', 'beginner bass lessons', 'beginners', 'electric bass', 'sbl', 'scott devine', ""scott's bass lessons"", 'scotts bass lessons', 'scottsbasslessons']",10,none,en,"{'title': 'Travel DISASTER? (6 pro-level travel hacks so you don’t have one)', 'description': ""🎸 The Slap Accelerator is OPEN for enrollment! One day left to sign up! → https://sbl.link/4lTQ9JS\n🔥 Try the SBL Bass Academy FREE for 14 Days: https://sbl.link/join-sbl\n🚀 Get 1-1 Bass Coaching (enrollment open now!): https://sbl.link/the-blueprint\n\nIan and Sharon swap travel horror stories and share their biggest lessons from years of touring and bass travel. From packing light to gate check debates, things get real (and occasionally frustrating). Expect strong opinions, a few surprises, and plenty of what not to do next time you fly.\n\n===\n\nVideo Breakdown:\n\n00:00 - Introduction  \n03:30 - Travelling Light  \n06:22 - Janek Gwizdala  \n08:45 - Carry On VS. Gate Check  \n21:16 - 1 - Do Not Fight  \n25:18 - 2 - Case Recommendations  \n26:42 - 3 - Smart Packing  \n32:03 - Travelling with Multiple Basses  \n33:53 - 4 - String Prep  \n35:18 - Horror Stories  \n40:48 - 5 - Small Pedal Board & Bag  \n41:59 - Ian Almost Getting Cancelled  \n55:05 - 6 - Sneaky Air Tag  \n\n===\n\nGET MORE BASS TIPS 👇\n_________________________________________________________________\n🙌 Be the first to know - SUBSCRIBE now → https://bit.ly/sub-to-sbl-yt\n🎧 Tune in to our Weekly PODCAST → https://sblpodcast.buzzsprout.com/share\n📱 Try our free GrooveTrainer APP → https://scottsbasslessons.com/groove-trainer-app \n\n\nABOUT SCOTT'S BASS LESSONS (SBL)\n_________________________________________________________________\nAs the largest online bass education platform in the world, with an ever-expanding course library and 40,000+ active members, Scott's Bass Lessons (SBL) has everything you need to master the bass, all in one place. \n\nWith beginner-friendly bass lessons, interactive courses led by industry experts, structured learning paths, personalized feedback, real-time mentorship from top bassists, and a vibrant, supportive community, SBL is the ultimate destination to enhance your bass playing—whether you're starting out or already a professional.\n\nTry SBL Membership today! → https://sbl.link/join-sbl\n\n\nRECOMMENDED BASS PLAYLIST\n_________________________________________________________________\nCatch up with SBL Content you've missed:\n➡️ https://youtube.com/playlist?list=PLq5Wss5r1Cvvplt7z7O45JHk2TaJ3NT53  \n\n#bassguitarlessons #bassforbeginners #easybasslines""}",en-US,
99pGNiKw0-s,2026-08-30,810,76517,2428,0,400,PT13M30S,2d,hd,False,False,{},rectangular,2025-08-07T15:00:20Z,UCWTj3vCqkQIsrTGSm4kM34g,Is this the Greatest PUNK-SOUL Bass Line of 1982?,"👉 Grab the FREE Tab & Notation here: https://sbl.link/3IXdw6V
🔥 Try the SBL Bass Academy FREE for 14 Days: https://sbl.link/join-sbl
🚀 Get 1-1 Bass Coaching (enrollment open now!): https://sbl.link/the-blueprint

Punk meets Motown? In this lesson, Ian breaks down A Town Called Malice by The Jam—a bass line that’s all feel, motion, and attitude. From the jumpy, soul-inspired groove to the driving verse, there’s a lot going on under the hood. 

You’ll hear the Motown influence - but played like it’s late for a train.
Grab your bass and dig in—this one’s all about getting it in your hands and feeling it for yourself.

===

Video Breakdown:

00:00 - Introduction
00:44 - Motown Inspiration
01:22 - Intro & Chorus Riff
02:58 - Gear & Sound
06:38 - Picking Technique
08:30 - Verse
10:26 - How To Master The Feel
11:00 - Pick Technique Continued
12:40 - Wrap Up
13:05 - Outtakes

===

GET MORE BASS TIPS 👇
_________________________________________________________________
🙌 Be the first to know - SUBSCRIBE now → https://bit.ly/sub-to-sbl-yt
🎧 Tune in to our Weekly PODCAST → https://sblpodcast.buzzsprout.com/share
📱 Try our free GrooveTrainer APP → https://scottsbasslessons.com/groove-trainer-app 


ABOUT SCOTT'S BASS LESSONS (SBL)
_________________________________________________________________
As the largest online bass education platform in the world, with an ever-expanding course library and 40,000+ active members, Scott's Bass Lessons (SBL) has everything you need to master the bass, all in one place. 

With beginner-friendly bass lessons, interactive courses led by industry experts, structured learning paths, personalized feedback, real-time mentorship from top bassists, and a vibrant, supportive community, SBL is the ultimate destination to enhance your bass playing—whether you're starting out or already a professional.

Try SBL Membership today! → https://sbl.link/join-sbl


RECOMMENDED BASS PLAYLIST
_________________________________________________________________
Catch up with SBL Content you've missed:
➡️ https://youtube.com/playlist?list=PLq5Wss5r1Cvvplt7z7O45JHk2TaJ3NT53  

#bassguitarlessons #bassforbeginners #easybasslines","{'default': {'url': 'https://i.ytimg.com/vi/99pGNiKw0-s/default.jpg', 'width': 120, 'height': 90}, 'medium': {'url': 'https://i.ytimg.com/vi/99pGNiKw0-s/mqdefault.jpg', 'width': 320, 'height': 180}, 'high': {'url': 'https://i.ytimg.com/vi/99pGNiKw0-s/hqdefault.jpg', 'width': 480, 'height': 360}, 'standard': {'url': 'https://i.ytimg.com/vi/99pGNiKw0-s/sddefault.jpg', 'width': 640, 'height': 480}, 'maxres': {'url': 'https://i.ytimg.com/vi/99pGNiKw0-s/maxresdefault.jpg', 'width': 1280, 'height': 720}}",Scott's Bass Lessons,"['bass guitar', 'bass lesson', 'bass lessons', 'beginner', 'beginner bass lesson', 'beginner bass lessons', 'beginners', 'electric bass', 'sbl', 'scott devine', ""scott's bass lessons"", 'scotts bass lessons', 'scottsbasslessons']",10,none,en,"{'title': 'Is this the Greatest PUNK-SOUL Bass Line of 1982?', 'description': ""👉 Grab the FREE Tab & Notation here: https://sbl.link/3IXdw6V\n🔥 Try the SBL Bass Academy FREE for 14 Days: https://sbl.link/join-sbl\n🚀 Get 1-1 Bass Coaching (enrollment open now!): https://sbl.link/the-blueprint\n\nPunk meets Motown? In this lesson, Ian breaks down A Town Called Malice by The Jam—a bass line that’s all feel, motion, and attitude. From the jumpy, soul-inspired groove to the driving verse, there’s a lot going on under the hood. \n\nYou’ll hear the Motown influence - but played like it’s late for a train.\nGrab your bass and dig in—this one’s all about getting it in your hands and feeling it for yourself.\n\n===\n\nVideo Breakdown:\n\n00:00 - Introduction\n00:44 - Motown Inspiration\n01:22 - Intro & Chorus Riff\n02:58 - Gear & Sound\n06:38 - Picking Technique\n08:30 - Verse\n10:26 - How To Master The Feel\n11:00 - Pick Technique Continued\n12:40 - Wrap Up\n13:05 - Outtakes\n\n===\n\nGET MORE BASS TIPS 👇\n_________________________________________________________________\n🙌 Be the first to know - SUBSCRIBE now → https://bit.ly/sub-to-sbl-yt\n🎧 Tune in to our Weekly PODCAST → https://sblpodcast.buzzsprout.com/share\n📱 Try our free GrooveTrainer APP → https://scottsbasslessons.com/groove-trainer-app \n\n\nABOUT SCOTT'S BASS LESSONS (SBL)\n_________________________________________________________________\nAs the largest online bass education platform in the world, with an ever-expanding course library and 40,000+ active members, Scott's Bass Lessons (SBL) has everything you need to master the bass, all in one place. \n\nWith beginner-friendly bass lessons, interactive courses led by industry experts, structured learning paths, personalized feedback, real-time mentorship from top bassists, and a vibrant, supportive community, SBL is the ultimate destination to enhance your bass playing—whether you're starting out or already a professional.\n\nTry SBL Membership today! → https://sbl.link/join-sbl\n\n\nRECOMMENDED BASS PLAYLIST\n_________________________________________________________________\nCatch up with SBL Content you've missed:\n➡️ https://youtube.com/playlist?list=PLq5Wss5r1Cvvplt7z7O45JHk2TaJ3NT53  \n\n#bassguitarlessons #bassforbeginners #easybasslines""}",en-US,
VVMtHqlWa4k,2026-08-30,2273,42828,1342,0,134,PT37M53S,2d,hd,False,True,{},rectangular,2025-08-11T15:00:54Z,UCWTj3vCqkQIsrTGSm4kM34g,"Janek Gwizdala's Gear Confessions (Pedals, Basses and more)","🎸 Join the SBL Monthly Giveaway! → https://sbl.link/4gAF9Oj
🔥 Try the SBL Bass Academy FREE for 14 Days: https://sbl.link/join-sbl
🚀 Get 1-1 Bass Coaching (enrollment open now!): https://sbl.link/the-blueprint
💙 Follow Janek Gwizdala 👉 YT:  @janekgwizdala  | www.janekgwizdala.com

Scott sits down with Janek Gwizdala for a deep gear dive, kicking off with his go-to pedal pick for players just getting into bass effects. From there, they move through the basses, pedals, and other essentials that have earned a permanent spot in Janek’s setup. Stick around and see what made the cut.

===

Video Breakdown:

00:00 - Introduction
01:10 - Essential Bass Pedals
04:24 - Compression
05:00 - DIs
07:15 - Performance Pt. 1
08:15 - Janek’s Pedalboard Rundown
18:16 - Performance Pt. 2
19:46 - Improvisation
21:13 - Custom Mattisson Bass
23:27 - RKM Custom Bass V
27:00 - RKM Custom Bass IV
28:35 - Fender Precision Bass
29:30 - Classical Guitar Approach
33:20 - Goya Panther II
35:54 - Final Thoughts

===

GET MORE BASS TIPS 👇
_________________________________________________________________
🙌 Be the first to know - SUBSCRIBE now → https://bit.ly/sub-to-sbl-yt
🎧 Tune in to our Weekly PODCAST → https://sblpodcast.buzzsprout.com/share
📱 Try our free GrooveTrainer APP → https://scottsbasslessons.com/groove-trainer-app 


ABOUT SCOTT’S BASS LESSONS (SBL)
_________________________________________________________________
As the largest online bass education platform in the world, with an ever-expanding course library and 40,000+ active members, Scott’s Bass Lessons (SBL) has everything you need to master the bass, all in one place. 

With beginner-friendly bass lessons, interactive courses led by industry experts, structured learning paths, personalized feedback, real-time mentorship from top bassists, and a vibrant, supportive community, SBL is the ultimate destination to enhance your bass playing—whether you're starting out or already a professional.

Try SBL Membership today! → https://sbl.link/join-sbl


RECOMMENDED BASS PLAYLIST
_________________________________________________________________
Catch up with SBL Content you’ve missed:
➡️ https://youtube.com/playlist?list=PLq5Wss5r1Cvvplt7z7O45JHk2TaJ3NT53  

#bassguitarlessons #bassforbeginners #easybasslines","{'default': {'url': 'https://i.ytimg.com/vi/VVMtHqlWa4k/default.jpg', 'width': 120, 'height': 90}, 'medium': {'url': 'https://i.ytimg.com/vi/VVMtHqlWa4k/mqdefault.jpg', 'width': 320, 'height': 180}, 'high': {'url': 'https://i.ytimg.com/vi/VVMtHqlWa4k/hqdefault.jpg', 'width': 480, 'height': 360}, 'standard': {'url': 'https://i.ytimg.com/vi/VVMtHqlWa4k/sddefault.jpg', 'width': 640, 'height': 480}, 'maxres': {'url': 'https://i.ytimg.com/vi/VVMtHqlWa4k/maxresdefault.jpg', 'width': 1280, 'height': 720}}",Scott's Bass Lessons,"['scott devine', 'bass lessons', 'bass guitar', 'beginner', 'beginners', 'scottsbasslessons', 'scotts bass lessons', 'sbl', 'electric bass', 'bass lesson', 'beginner bass lesson', 'beginner bass lessons']",10,none,en,"{'title': ""Janek Gwizdala's Gear Confessions (Pedals, Basses and more)"", 'description': ""🎸 Join the SBL Monthly Giveaway! → https://sbl.link/4gAF9Oj\n🔥 Try the SBL Bass Academy FREE for 14 Days: https://sbl.link/join-sbl\n🚀 Get 1-1 Bass Coaching (enrollment open now!): https://sbl.link/the-blueprint\n💙 Follow Janek Gwizdala 👉 YT:  @janekgwizdala  | www.janekgwizdala.com\n\nScott sits down with Janek Gwizdala for a deep gear dive, kicking off with his go-to pedal pick for players just getting into bass effects. From there, they move through the basses, pedals, and other essentials that have earned a permanent spot in Janek’s setup. Stick around and see what made the cut.\n\n===\n\nVideo Breakdown:\n\n00:00 - Introduction\n01:10 - Essential Bass Pedals\n04:24 - Compression\n05:00 - DIs\n07:15 - Performance Pt. 1\n08:15 - Janek’s Pedalboard Rundown\n18:16 - Performance Pt. 2\n19:46 - Improvisation\n21:13 - Custom Mattisson Bass\n23:27 - RKM Custom Bass V\n27:00 - RKM Custom Bass IV\n28:35 - Fender Precision Bass\n29:30 - Classical Guitar Approach\n33:20 - Goya Panther II\n35:54 - Final Thoughts\n\n===\n\nGET MORE BASS TIPS 👇\n_________________________________________________________________\n🙌 Be the first to know - SUBSCRIBE now → https://bit.ly/sub-to-sbl-yt\n🎧 Tune in to our Weekly PODCAST → https://sblpodcast.buzzsprout.com/share\n📱 Try our free GrooveTrainer APP → https://scottsbasslessons.com/groove-trainer-app \n\n\nABOUT SCOTT’S BASS LESSONS (SBL)\n_________________________________________________________________\nAs the largest online bass education platform in the world, with an ever-expanding course library and 40,000+ active members, Scott’s Bass Lessons (SBL) has everything you need to master the bass, all in one place. \n\nWith beginner-friendly bass lessons, interactive courses led by industry experts, structured learning paths, personalized feedback, real-time mentorship from top bassists, and a vibrant, supportive community, SBL is the ultimate destination to enhance your bass playing—whether you're starting out or already a professional.\n\nTry SBL Membership today! → https://sbl.link/join-sbl\n\n\nRECOMMENDED BASS PLAYLIST\n_________________________________________________________________\nCatch up with SBL Content you’ve missed:\n➡️ https://youtube.com/playlist?list=PLq5Wss5r1Cvvplt7z7O45JHk2TaJ3NT53  \n\n#bassguitarlessons #bassforbeginners #easybasslines""}",en,
go6CfSD0f10,2026-08-30,1364,723751,21069,0,1270,PT22M44S,2d,hd,False,False,{},rectangular,2025-08-13T15:01:13Z,UCWTj3vCqkQIsrTGSm4kM34g,"Jazz Fusion Trio Covers The Police on the spot (ft. Hadrien Feraud, Cory Henry & Ronald Bruner Jr.)","🔥 Try the SBL Bass Academy FREE for 14 Days: https://sbl.link/join-sbl
🚀 Get 1-1 Bass Coaching (enrollment open now!): https://sbl.link/the-blueprint

What happens when Hadrien Feraud, Cory Henry, and Ronald Bruner Jr. take on a Police tune—and flip it into a brand-new arrangement on the spot? Ian and Scott watch in awe as the trio crack the harmony, lock in the groove, and bring the whole thing to life right in front of you.

===

Video Breakdown:

00:00 - Introduction
01:07 - The Track Reveal (The Police - King of Pain)
02:34 - Figuring Out The Harmony
03:25 - Finding The Groove
05:40 - Last Verse Variant
07:08 - King of Pain - Full Take
15:50 - Q&A

===

GET MORE BASS TIPS 👇
_________________________________________________________________
🙌 Be the first to know - SUBSCRIBE now → https://bit.ly/sub-to-sbl-yt
🎧 Tune in to our Weekly PODCAST → https://sblpodcast.buzzsprout.com/share
📱 Try our free GrooveTrainer APP → https://scottsbasslessons.com/groove-trainer-app 


ABOUT SCOTT’S BASS LESSONS (SBL)
_________________________________________________________________
As the largest online bass education platform in the world, with an ever-expanding course library and 40,000+ active members, Scott’s Bass Lessons (SBL) has everything you need to master the bass, all in one place. 

With beginner-friendly bass lessons, interactive courses led by industry experts, structured learning paths, personalized feedback, real-time mentorship from top bassists, and a vibrant, supportive community, SBL is the ultimate destination to enhance your bass playing—whether you're starting out or already a professional.

Try SBL Membership today! → https://sbl.link/join-sbl


RECOMMENDED BASS PLAYLIST
_________________________________________________________________
Catch up with SBL Content you’ve missed:
➡️ https://youtube.com/playlist?list=PLq5Wss5r1Cvvplt7z7O45JHk2TaJ3NT53  

#bassguitarlessons #bassforbeginners #easybasslines","{'default': {'url': 'https://i.ytimg.com/vi/go6CfSD0f10/default.jpg', 'width': 120, 'height': 90}, 'medium': {'url': 'https://i.ytimg.com/vi/go6CfSD0f10/mqdefault.jpg', 'width': 320, 'height': 180}, 'high': {'url': 'https://i.ytimg.com/vi/go6CfSD0f10/hqdefault.jpg', 'width': 480, 'height': 360}, 'standard': {'url': 'https://i.ytimg.com/vi/go6CfSD0f10/sddefault.jpg', 'width': 640, 'height': 480}, 'maxres': {'url': 'https://i.ytimg.com/vi/go6CfSD0f10/maxresdefault.jpg', 'width': 1280, 'height': 720}}",Scott's Bass Lessons,"['scott devine', 'bass lessons', 'bass guitar', 'beginner', 'beginners', 'scottsbasslessons', 'scotts bass lessons', 'sbl', 'electric bass', 'bass lesson', 'beginner bass lesson', 'beginner bass lessons']",10,none,en,"{'title': 'Jazz Fusion Trio Covers The Police on the spot (ft. Hadrien Feraud, Cory Henry & Ronald Bruner Jr.)', 'description': ""🔥 Try the SBL Bass Academy FREE for 14 Days: https://sbl.link/join-sbl\n🚀 Get 1-1 Bass Coaching (enrollment open now!): https://sbl.link/the-blueprint\n\nWhat happens when Hadrien Feraud, Cory Henry, and Ronald Bruner Jr. take on a Police tune—and flip it into a brand-new arrangement on the spot? Ian and Scott watch in awe as the trio crack the harmony, lock in the groove, and bring the whole thing to life right in front of you.\n\n===\n\nVideo Breakdown:\n\n00:00 - Introduction\n01:07 - The Track Reveal (The Police - King of Pain)\n02:34 - Figuring Out The Harmony\n03:25 - Finding The Groove\n05:40 - Last Verse Variant\n07:08 - King of Pain - Full Take\n15:50 - Q&A\n\n===\n\nGET MORE BASS TIPS 👇\n_________________________________________________________________\n🙌 Be the first to know - SUBSCRIBE now → https://bit.ly/sub-to-sbl-yt\n🎧 Tune in to our Weekly PODCAST → https://sblpodcast.buzzsprout.com/share\n📱 Try our free GrooveTrainer APP → https://scottsbasslessons.com/groove-trainer-app \n\n\nABOUT SCOTT’S BASS LESSONS (SBL)\n_________________________________________________________________\nAs the largest online bass education platform in the world, with an ever-expanding course library and 40,000+ active members, Scott’s Bass Lessons (SBL) has everything you need to master the bass, all in one place. \n\nWith beginner-friendly bass lessons, interactive courses led by industry experts, structured learning paths, personalized feedback, real-time mentorship from top bassists, and a vibrant, supportive community, SBL is the ultimate destination to enhance your bass playing—whether you're starting out or already a professional.\n\nTry SBL Membership today! → https://sbl.link/join-sbl\n\n\nRECOMMENDED BASS PLAYLIST\n_________________________________________________________________\nCatch up with SBL Content you’ve missed:\n➡️ https://youtube.com/playlist?list=PLq5Wss5r1Cvvplt7z7O45JHk2TaJ3NT53  \n\n#bassguitarlessons #bassforbeginners #easybasslines""}",en,"{'blocked': ['BY', 'RU']}"
Gbm9Zg5ww5A,2026-08-30,715,145090,5675,0,629,PT11M55S,2d,hd,False,False,{},rectangular,2025-08-20T15:00:33Z,UCWTj3vCqkQIsrTGSm4kM34g,Is this the Greatest GRUNGE Bass Line of 1992?,"👉 Grab the FREE Tab & Notation here: https://sbl.link/47avtJf
🔥 Try the SBL Bass Academy FREE for 14 Days: https://sbl.link/join-sbl
🚀 Get 1-1 Bass Coaching (enrollment open now!): https://sbl.link/the-blueprint

Is Would? The ultimate grunge bass line? Scott and Ian explore the riffs, tone, and production tricks that turned this Alice in Chains anthem into one of the most unforgettable bass moments of the '90s. Grab your bass, tune down, and play along as they unpack every detail.

===

Video Breakdown:

00:00 - Introduction
00:53 - Verse
02:25 - The Isolated Bass Part
03:00 - Verse (Continued)
04:35 - The Tone
05:34 - The Lollapalooza Soundcheck 1993
06:15 - The Art SGX Nightbass
07:33 - Chorus
08:40 - The Secret Revealed!
11:00 - Final Thoughts
11:23 - Outtakes

===

GET MORE BASS TIPS 👇
_________________________________________________________________
🙌 Be the first to know - SUBSCRIBE now → https://bit.ly/sub-to-sbl-yt
🎧 Tune in to our Weekly PODCAST → https://sblpodcast.buzzsprout.com/share
📱 Try our free GrooveTrainer APP → https://scottsbasslessons.com/groove-trainer-app 


ABOUT SCOTT'S BASS LESSONS (SBL)
_________________________________________________________________
As the largest online bass education platform in the world, with an ever-expanding course library and 40,000+ active members, Scott's Bass Lessons (SBL) has everything you need to master the bass, all in one place. 

With beginner-friendly bass lessons, interactive courses led by industry experts, structured learning paths, personalized feedback, real-time mentorship from top bassists, and a vibrant, supportive community, SBL is the ultimate destination to enhance your bass playing—whether you're starting out or already a professional.

Try SBL Membership today! → https://sbl.link/join-sbl


RECOMMENDED BASS PLAYLIST
_________________________________________________________________
Catch up with SBL Content you've missed:
➡️ https://youtube.com/playlist?list=PLq5Wss5r1Cvvplt7z7O45JHk2TaJ3NT53  

#bassguitarlessons #bassforbeginners #easybasslines","{'default': {'url': 'https://i.ytimg.com/vi/Gbm9Zg5ww5A/default.jpg', 'width': 120, 'height': 90}, 'medium': {'url': 'https://i.ytimg.com/vi/Gbm9Zg5ww5A/mqdefault.jpg', 'width': 320, 'height': 180}, 'high': {'url': 'https://i.ytimg.com/vi/Gbm9Zg5ww5A/hqdefault.jpg', 'width': 480, 'height': 360}, 'standard': {'url': 'https://i.ytimg.com/vi/Gbm9Zg5ww5A/sddefault.jpg', 'width': 640, 'height': 480}, 'maxres': {'url': 'https://i.ytimg.com/vi/Gbm9Zg5ww5A/maxresdefault.jpg', 'width': 1280, 'height': 720}}",Scott's Bass Lessons,"['bass guitar', 'bass lesson', 'bass lessons', 'beginner', 'beginner bass lesson', 'beginner bass lessons', 'beginners', 'electric bass', 'sbl', 'scott devine', ""scott's bass lessons"", 'scotts bass lessons', 'scottsbasslessons']",10,none,en,"{'title': 'Is this the Greatest GRUNGE Bass Line of 1992?', 'description': ""👉 Grab the FREE Tab & Notation here: https://sbl.link/47avtJf\n🔥 Try the SBL Bass Academy FREE for 14 Days: https://sbl.link/join-sbl\n🚀 Get 1-1 Bass Coaching (enrollment open now!): https://sbl.link/the-blueprint\n\nIs Would? The ultimate grunge bass line? Scott and Ian explore the riffs, tone, and production tricks that turned this Alice in Chains anthem into one of the most unforgettable bass moments of the '90s. Grab your bass, tune down, and play along as they unpack every detail.\n\n===\n\nVideo Breakdown:\n\n00:00 - Introduction\n00:53 - Verse\n02:25 - The Isolated Bass Part\n03:00 - Verse (Continued)\n04:35 - The Tone\n05:34 - The Lollapalooza Soundcheck 1993\n06:15 - The Art SGX Nightbass\n07:33 - Chorus\n08:40 - The Secret Revealed!\n11:00 - Final Thoughts\n11:23 - Outtakes\n\n===\n\nGET MORE BASS TIPS 👇\n_________________________________________________________________\n🙌 Be the first to know - SUBSCRIBE now → https://bit.ly/sub-to-sbl-yt\n🎧 Tune in to our Weekly PODCAST → https://sblpodcast.buzzsprout.com/share\n📱 Try our free GrooveTrainer APP → https://scottsbasslessons.com/groove-trainer-app \n\n\nABOUT SCOTT'S BASS LESSONS (SBL)\n_________________________________________________________________\nAs the largest online bass education platform in the world, with an ever-expanding course library and 40,000+ active members, Scott's Bass Lessons (SBL) has everything you need to master the bass, all in one place. \n\nWith beginner-friendly bass lessons, interactive courses led by industry experts, structured learning paths, personalized feedback, real-time mentorship from top bassists, and a vibrant, supportive community, SBL is the ultimate destination to enhance your bass playing—whether you're starting out or already a professional.\n\nTry SBL Membership today! → https://sbl.link/join-sbl\n\n\nRECOMMENDED BASS PLAYLIST\n_________________________________________________________________\nCatch up with SBL Content you've missed:\n➡️ https://youtube.com/playlist?list=PLq5Wss5r1Cvvplt7z7O45JHk2TaJ3NT53  \n\n#bassguitarlessons #bassforbeginners #easybasslines""}",en-US,{'blocked': ['RU']}
KQQJN_YUYAQ,2026-08-30,4141,17739,397,0,79,PT1H9M1S,2d,hd,False,True,{},rectangular,2025-08-22T15:00:38Z,UCWTj3vCqkQIsrTGSm4kM34g,What if one program could solve all of your bass troubles?,"🚀 Get 1-1 Bass Coaching (enrollment open now!): http://thesblblueprint.com/
🔥 Try the SBL Bass Academy FREE for 14 Days: https://sbl.link/join-sbl

For the past three years, the Blueprint has quietly been helping bass players work through the same hurdles we all face. In this episode, Scott and Ian bring on the coaches who’ve been working one-on-one with students every week to talk about what the program’s really like, the common problems that keep showing up, and how players move past them. If you’ve ever felt stuck on your bass journey, this one’s for you.

===

Video Breakdown:

00:00:00 - Introduction
00:02:13 - Simon King (Head of Coaching)
00:06:13 - Keith Peberdy (Coach)
00:12:49 - Jim Moore (Head of Program)
00:13:46 - The Development of the Program
00:16:00 - Assessments
00:19:00 - The Pillars & Onboarding Process
00:21:30 - Awareness of Problem Areas
00:24:40 - Common Problems
00:29:20 - Pressure
00:33:45 - Dedication
00:36:00 - Group Learning & The Blueprint Live
00:37:25 - Awareness of Problem Areas (continued)
00:45:00 - How much time does the program take?
00:49:55 - Identifying the Spark 
00:52:54 - Masterclasses
00:58:33 - Blueprint Live
01:01:00 - Community
01:02:25 - Before & After
01:04:00 - Final Thoughts

===

GET MORE BASS TIPS 👇
_________________________________________________________________
🙌 Be the first to know - SUBSCRIBE now → https://bit.ly/sub-to-sbl-yt
🎧 Tune in to our Weekly PODCAST → https://sblpodcast.buzzsprout.com/share
📱 Try our free GrooveTrainer APP → https://scottsbasslessons.com/groove-trainer-app 


ABOUT SCOTT'S BASS LESSONS (SBL)
_________________________________________________________________
As the largest online bass education platform in the world, with an ever-expanding course library and 40,000+ active members, Scott's Bass Lessons (SBL) has everything you need to master the bass, all in one place. 

With beginner-friendly bass lessons, interactive courses led by industry experts, structured learning paths, personalized feedback, real-time mentorship from top bassists, and a vibrant, supportive community, SBL is the ultimate destination to enhance your bass playing—whether you're starting out or already a professional.

Try SBL Membership today! → https://sbl.link/join-sbl


RECOMMENDED BASS PLAYLIST
_________________________________________________________________
Catch up with SBL Content you've missed:
➡️ https://youtube.com/playlist?list=PLq5Wss5r1Cvvplt7z7O45JHk2TaJ3NT53  

#bassguitarlessons #bassforbeginners #easybasslines","{'default': {'url': 'https://i.ytimg.com/vi/KQQJN_YUYAQ/default.jpg', 'width': 120, 'height': 90}, 'medium': {'url': 'https://i.ytimg.com/vi/KQQJN_YUYAQ/mqdefault.jpg', 'width': 320, 'height': 180}, 'high': {'url': 'https://i.ytimg.com/vi/KQQJN_YUYAQ/hqdefault.jpg', 'width': 480, 'height': 360}, 'standard': {'url': 'https://i.ytimg.com/vi/KQQJN_YUYAQ/sddefault.jpg', 'width': 640, 'height': 480}, 'maxres': {'url': 'https://i.ytimg.com/vi/KQQJN_YUYAQ/maxresdefault.jpg', 'width': 1280, 'height': 720}}",Scott's Bass Lessons,"['bass guitar', 'bass lesson', 'bass lessons', 'beginner', 'beginner bass lesson', 'beginner bass lessons', 'beginners', 'electric bass', 'sbl', 'scott devine', ""scott's bass lessons"", 'scotts bass lessons', 'scottsbasslessons']",10,none,en,"{'title': 'What if one program could solve all of your bass troubles?', 'description': ""🚀 Get 1-1 Bass Coaching (enrollment open now!): http://thesblblueprint.com/\n🔥 Try the SBL Bass Academy FREE for 14 Days: https://sbl.link/join-sbl\n\nFor the past three years, the Blueprint has quietly been helping bass players work through the same hurdles we all face. In this episode, Scott and Ian bring on the coaches who’ve been working one-on-one with students every week to talk about what the program’s really like, the common problems that keep showing up, and how players move past them. If you’ve ever felt stuck on your bass journey, this one’s for you.\n\n===\n\nVideo Breakdown:\n\n00:00:00 - Introduction\n00:02:13 - Simon King (Head of Coaching)\n00:06:13 - Keith Peberdy (Coach)\n00:12:49 - Jim Moore (Head of Program)\n00:13:46 - The Development of the Program\n00:16:00 - Assessments\n00:19:00 - The Pillars & Onboarding Process\n00:21:30 - Awareness of Problem Areas\n00:24:40 - Common Problems\n00:29:20 - Pressure\n00:33:45 - Dedication\n00:36:00 - Group Learning & The Blueprint Live\n00:37:25 - Awareness of Problem Areas (continued)\n00:45:00 - How much time does the program take?\n00:49:55 - Identifying the Spark \n00:52:54 - Masterclasses\n00:58:33 - Blueprint Live\n01:01:00 - Community\n01:02:25 - Before & After\n01:04:00 - Final Thoughts\n\n===\n\nGET MORE BASS TIPS 👇\n_________________________________________________________________\n🙌 Be the first to know - SUBSCRIBE now → https://bit.ly/sub-to-sbl-yt\n🎧 Tune in to our Weekly PODCAST → https://sblpodcast.buzzsprout.com/share\n📱 Try our free GrooveTrainer APP → https://scottsbasslessons.com/groove-trainer-app \n\n\nABOUT SCOTT'S BASS LESSONS (SBL)\n_________________________________________________________________\nAs the largest online bass education platform in the world, with an ever-expanding course library and 40,000+ active members, Scott's Bass Lessons (SBL) has everything you need to master the bass, all in one place. \n\nWith beginner-friendly bass lessons, interactive courses led by industry experts, structured learning paths, personalized feedback, real-time mentorship from top bassists, and a vibrant, supportive community, SBL is the ultimate destination to enhance your bass playing—whether you're starting out or already a professional.\n\nTry SBL Membership today! → https://sbl.link/join-sbl\n\n\nRECOMMENDED BASS PLAYLIST\n_________________________________________________________________\nCatch up with SBL Content you've missed:\n➡️ https://youtube.com/playlist?list=PLq5Wss5r1Cvvplt7z7O45JHk2TaJ3NT53  \n\n#bassguitarlessons #bassforbeginners #easybasslines""}",en-US,
UlcWLU1o_yI,2026-08-30,3495,142122,4747,0,682,PT58M15S,2d,hd,False,False,{},rectangular,2025-08-26T15:00:50Z,UCWTj3vCqkQIsrTGSm4kM34g,MXR Bass Synth: The Bass Pedal that BROKE the internet,"🔥 Try the SBL Bass Academy FREE for 14 Days: https://sbl.link/join-sbl
🚀 Get 1-1 Bass Coaching (enrollment open now!): https://sbl.link/the-blueprint

What happens when you’re not just handed a brand-new bass pedal, but asked to help design the sounds inside it? That’s where Ian found himself with the MXR Synth Pedal. In this episode, he and Sharon finally spill the story - from the first prototype that blew him away, to the sounds he programmed, and why this pedal left every other synth in the dust.
===

Video Breakdown:

00:00 - Introduction
04:41 - The Dunlop Team
05:30 - Tracking & Latency
08:30 - Will Birckhead & Andrew Gouche
09:20 - The Controls / Product Design
12:32 - The Release
17:00 - Green 1
25:50 - Green 2
29:50 - Green 3
33:00 - Green 4
36:00 - Red 1
38:30 - Red 2
43:00 - Red 3
44:30 - Red 4
47:00 - Playing Synth Bass
50:00 - The Prototype
53:00 - Final Thoughts

===

GET MORE BASS TIPS 👇
_________________________________________________________________
🙌 Be the first to know - SUBSCRIBE now → https://bit.ly/sub-to-sbl-yt
🎧 Tune in to our Weekly PODCAST → https://sblpodcast.buzzsprout.com/share
📱 Try our free GrooveTrainer APP → https://scottsbasslessons.com/groove-trainer-app 


ABOUT SCOTT'S BASS LESSONS (SBL)
_________________________________________________________________
As the largest online bass education platform in the world, with an ever-expanding course library and 40,000+ active members, Scott's Bass Lessons (SBL) has everything you need to master the bass, all in one place. 

With beginner-friendly bass lessons, interactive courses led by industry experts, structured learning paths, personalized feedback, real-time mentorship from top bassists, and a vibrant, supportive community, SBL is the ultimate destination to enhance your bass playing—whether you're starting out or already a professional.

Try SBL Membership today! → https://sbl.link/join-sbl


RECOMMENDED BASS PLAYLIST
_________________________________________________________________
Catch up with SBL Content you've missed:
➡️ https://youtube.com/playlist?list=PLq5Wss5r1Cvvplt7z7O45JHk2TaJ3NT53  

#bassguitarlessons #bassforbeginners #easybasslines","{'default': {'url': 'https://i.ytimg.com/vi/UlcWLU1o_yI/default.jpg', 'width': 120, 'height': 90}, 'medium': {'url': 'https://i.ytimg.com/vi/UlcWLU1o_yI/mqdefault.jpg', 'width': 320, 'height': 180}, 'high': {'url': 'https://i.ytimg.com/vi/UlcWLU1o_yI/hqdefault.jpg', 'width': 480, 'height': 360}, 'standard': {'url': 'https://i.ytimg.com/vi/UlcWLU1o_yI/sddefault.jpg', 'width': 640, 'height': 480}, 'maxres': {'url': 'https://i.ytimg.com/vi/UlcWLU1o_yI/maxresdefault.jpg', 'width': 1280, 'height': 720}}",Scott's Bass Lessons,"['bass guitar', 'bass lesson', 'bass lessons', 'beginner', 'beginner bass lesson', 'beginner bass lessons', 'beginners', 'electric bass', 'sbl', 'scott devine', ""scott's bass lessons"", 'scotts bass lessons', 'scottsbasslessons']",10,none,en,"{'title': 'MXR Bass Synth: The Bass Pedal that BROKE the internet', 'description': ""🔥 Try the SBL Bass Academy FREE for 14 Days: https://sbl.link/join-sbl\n🚀 Get 1-1 Bass Coaching (enrollment open now!): https://sbl.link/the-blueprint\n\nWhat happens when you’re not just handed a brand-new bass pedal, but asked to help design the sounds inside it? That’s where Ian found himself with the MXR Synth Pedal. In this episode, he and Sharon finally spill the story - from the first prototype that blew him away, to the sounds he programmed, and why this pedal left every other synth in the dust.\n===\n\nVideo Breakdown:\n\n00:00 - Introduction\n04:41 - The Dunlop Team\n05:30 - Tracking & Latency\n08:30 - Will Birckhead & Andrew Gouche\n09:20 - The Controls / Product Design\n12:32 - The Release\n17:00 - Green 1\n25:50 - Green 2\n29:50 - Green 3\n33:00 - Green 4\n36:00 - Red 1\n38:30 - Red 2\n43:00 - Red 3\n44:30 - Red 4\n47:00 - Playing Synth Bass\n50:00 - The Prototype\n53:00 - Final Thoughts\n\n===\n\nGET MORE BASS TIPS 👇\n_________________________________________________________________\n🙌 Be the first to know - SUBSCRIBE now → https://bit.ly/sub-to-sbl-yt\n🎧 Tune in to our Weekly PODCAST → https://sblpodcast.buzzsprout.com/share\n📱 Try our free GrooveTrainer APP → https://scottsbasslessons.com/groove-trainer-app \n\n\nABOUT SCOTT'S BASS LESSONS (SBL)\n_________________________________________________________________\nAs the largest online bass education platform in the world, with an ever-expanding course library and 40,000+ active members, Scott's Bass Lessons (SBL) has everything you need to master the bass, all in one place. \n\nWith beginner-friendly bass lessons, interactive courses led by industry experts, structured learning paths, personalized feedback, real-time mentorship from top bassists, and a vibrant, supportive community, SBL is the ultimate destination to enhance your bass playing—whether you're starting out or already a professional.\n\nTry SBL Membership today! → https://sbl.link/join-sbl\n\n\nRECOMMENDED BASS PLAYLIST\n_________________________________________________________________\nCatch up with SBL Content you've missed:\n➡️ https://youtube.com/playlist?list=PLq5Wss5r1Cvvplt7z7O45JHk2TaJ3NT53  \n\n#bassguitarlessons #bassforbeginners #easybasslines""}",en-US,{'blocked': ['RU']}
PQk1VondNws,2026-08-30,406,121818,7087,0,483,PT6M46S,2d,hd,False,False,{},rectangular,2025-08-29T15:00:49Z,UCWTj3vCqkQIsrTGSm4kM34g,Danny Sapko Learns Spinal Tap As Fast As Possible,"👉 Grab the FREE Tab & Notation here: https://sbl.link/4mF8Npn
🔥 Try the SBL Bass Academy FREE for 14 Days: https://sbl.link/join-sbl
🚀 Get 1-1 Bass Coaching (enrollment open now!): https://sbl.link/the-blueprint

===

Video Breakdown:

00:00 - Introduction
00:48 - First Listen (Stonehenge - Spinal Tap Feat. Elton John)
02:22 - Relative Pitch
02:50 - Figuring It Out
03:40 - Placing The Dipstick Lick
04:00 - Final Tehk
05:58 - How to Dipstick
06:30 - Outtakes

===

GET MORE BASS TIPS 👇
_________________________________________________________________
🙌 Be the first to know - SUBSCRIBE now → https://bit.ly/sub-to-sbl-yt
🎧 Tune in to our Weekly PODCAST → https://sblpodcast.buzzsprout.com/share
📱 Try our free GrooveTrainer APP → https://scottsbasslessons.com/groove-trainer-app 


ABOUT SCOTT'S BASS LESSONS (SBL)
_________________________________________________________________
As the largest online bass education platform in the world, with an ever-expanding course library and 40,000+ active members, Scott's Bass Lessons (SBL) has everything you need to master the bass, all in one place. 

With beginner-friendly bass lessons, interactive courses led by industry experts, structured learning paths, personalized feedback, real-time mentorship from top bassists, and a vibrant, supportive community, SBL is the ultimate destination to enhance your bass playing—whether you're starting out or already a professional.

Try SBL Membership today! → https://sbl.link/join-sbl


RECOMMENDED BASS PLAYLIST
_________________________________________________________________
Catch up with SBL Content you've missed:
➡️ https://youtube.com/playlist?list=PLq5Wss5r1Cvvplt7z7O45JHk2TaJ3NT53  

#bassguitarlessons #bassforbeginners #easybasslines","{'default': {'url': 'https://i.ytimg.com/vi/PQk1VondNws/default.jpg', 'width': 120, 'height': 90}, 'medium': {'url': 'https://i.ytimg.com/vi/PQk1VondNws/mqdefault.jpg', 'width': 320, 'height': 180}, 'high': {'url': 'https://i.ytimg.com/vi/PQk1VondNws/hqdefault.jpg', 'width': 480, 'height': 360}, 'standard': {'url': 'https://i.ytimg.com/vi/PQk1VondNws/sddefault.jpg', 'width': 640, 'height': 480}, 'maxres': {'url': 'https://i.ytimg.com/vi/PQk1VondNws/maxresdefault.jpg', 'width': 1280, 'height': 720}}",Scott's Bass Lessons,"['bass guitar', 'bass lesson', 'bass lessons', 'beginner', 'beginner bass lesson', 'beginner bass lessons', 'beginners', 'electric bass', 'sbl', 'scott devine', ""scott's bass lessons"", 'scotts bass lessons', 'scottsbasslessons']",10,none,en,"{'title': 'Danny Sapko Learns Spinal Tap As Fast As Possible', 'description': ""👉 Grab the FREE Tab & Notation here: https://sbl.link/4mF8Npn\n🔥 Try the SBL Bass Academy FREE for 14 Days: https://sbl.link/join-sbl\n🚀 Get 1-1 Bass Coaching (enrollment open now!): https://sbl.link/the-blueprint\n\n===\n\nVideo Breakdown:\n\n00:00 - Introduction\n00:48 - First Listen (Stonehenge - Spinal Tap Feat. Elton John)\n02:22 - Relative Pitch\n02:50 - Figuring It Out\n03:40 - Placing The Dipstick Lick\n04:00 - Final Tehk\n05:58 - How to Dipstick\n06:30 - Outtakes\n\n===\n\nGET MORE BASS TIPS 👇\n_________________________________________________________________\n🙌 Be the first to know - SUBSCRIBE now → https://bit.ly/sub-to-sbl-yt\n🎧 Tune in to our Weekly PODCAST → https://sblpodcast.buzzsprout.com/share\n📱 Try our free GrooveTrainer APP → https://scottsbasslessons.com/groove-trainer-app \n\n\nABOUT SCOTT'S BASS LESSONS (SBL)\n_________________________________________________________________\nAs the largest online bass education platform in the world, with an ever-expanding course library and 40,000+ active members, Scott's Bass Lessons (SBL) has everything you need to master the bass, all in one place. \n\nWith beginner-friendly bass lessons, interactive courses led by industry experts, structured learning paths, personalized feedback, real-time mentorship from top bassists, and a vibrant, supportive community, SBL is the ultimate destination to enhance your bass playing—whether you're starting out or already a professional.\n\nTry SBL Membership today! → https://sbl.link/join-sbl\n\n\nRECOMMENDED BASS PLAYLIST\n_________________________________________________________________\nCatch up with SBL Content you've missed:\n➡️ https://youtube.com/playlist?list=PLq5Wss5r1Cvvplt7z7O45JHk2TaJ3NT53  \n\n#bassguitarlessons #bassforbeginners #easybasslines""}",en-US,"{'blocked': ['BY', 'RU']}"
OnUp-0ZDiDQ,2026-08-31,611,92135,2573,0,453,PT10M11S,2d,hd,False,True,{},rectangular,2025-07-25T15:31:26Z,UCWTj3vCqkQIsrTGSm4kM34g,"Cooler than a Jazz Bass? Actually, maybe.","FREE Slap Bass Workshop – Choose Your Time Slot Below!
Join Ian Martin Allison and myself for a 90-minute live session where you’ll decode the slap bass styles of Flea, Marcus Miller, and Larry Graham.

Pick the time that works best for you:

✅ Monday, July 28 @ 3pm UK / 10am EDT / 7am PDT
👉 https://sbl.link/monday-slap-bass-workshop

✅ Tuesday, July 29 @ 8pm UK / 3pm EDT / 12pm PDT
👉 https://sbl.link/tuesday-slap-bass-workshop

*SAME session, two options* — grab your seat and get ready to groove.


GET MORE BASS TIPS 👇
_________________________________________________________________
🙌 Be the first to know - SUBSCRIBE now → https://bit.ly/sub-to-sbl-yt
🎧 Tune in to our Weekly PODCAST → https://sblpodcast.buzzsprout.com/share
📱 Try our free GrooveTrainer APP → https://scottsbasslessons.com/groove-trainer-app 


ABOUT SCOTT’S BASS LESSONS (SBL)
_________________________________________________________________
As the largest online bass education platform in the world, with an ever-expanding course library and 40,000+ active members, Scott’s Bass Lessons (SBL) has everything you need to master the bass, all in one place. 

With beginner-friendly bass lessons, interactive courses led by industry experts, structured learning paths, personalized feedback, real-time mentorship from top bassists, and a vibrant, supportive community, SBL is the ultimate destination to enhance your bass playing—whether you're starting out or already a professional.

Try SBL Membership today! → https://sbl.link/join-sbl


RECOMMENDED BASS PLAYLIST
_________________________________________________________________
Catch up with SBL Content you’ve missed:
➡️ https://youtube.com/playlist?list=PLq5Wss5r1Cvvplt7z7O45JHk2TaJ3NT53  

#bassguitarlessons #bassforbeginners #easybasslines","{'default': {'url': 'https://i.ytimg.com/vi/OnUp-0ZDiDQ/default.jpg', 'width': 120, 'height': 90}, 'medium': {'url': 'https://i.ytimg.com/vi/OnUp-0ZDiDQ/mqdefault.jpg', 'width': 320, 'height': 180}, 'high': {'url': 'https://i.ytimg.com/vi/OnUp-0ZDiDQ/hqdefault.jpg', 'width': 480, 'height': 360}, 'standard': {'url': 'https://i.ytimg.com/vi/OnUp-0ZDiDQ/sddefault.jpg', 'width': 640, 'height': 480}, 'maxres': {'url': 'https://i.ytimg.com/vi/OnUp-0ZDiDQ/maxresdefault.jpg', 'width': 1280, 'height': 720}}",Scott's Bass Lessons,"['scott devine', 'bass lessons', 'bass guitar', 'beginner', 'beginners', 'scottsbasslessons', 'scotts bass lessons', 'sbl', 'electric bass', 'bass lesson', 'beginner bass lesson', 'beginner bass lessons']",10,none,en,"{'title': 'Cooler than a Jazz Bass? Actually, maybe.', 'description': ""FREE Slap Bass Workshop – Choose Your Time Slot Below!\nJoin Ian Martin Allison and myself for a 90-minute live session where you’ll decode the slap bass styles of Flea, Marcus Miller, and Larry Graham.\n\nPick the time that works best for you:\n\n✅ Monday, July 28 @ 3pm UK / 10am EDT / 7am PDT\n👉 https://sbl.link/monday-slap-bass-workshop\n\n✅ Tuesday, July 29 @ 8pm UK / 3pm EDT / 12pm PDT\n👉 https://sbl.link/tuesday-slap-bass-workshop\n\n*SAME session, two options* — grab your seat and get ready to groove.\n\n\nGET MORE BASS TIPS 👇\n_________________________________________________________________\n🙌 Be the first to know - SUBSCRIBE now → https://bit.ly/sub-to-sbl-yt\n🎧 Tune in to our Weekly PODCAST → https://sblpodcast.buzzsprout.com/share\n📱 Try our free GrooveTrainer APP → https://scottsbasslessons.com/groove-trainer-app \n\n\nABOUT SCOTT’S BASS LESSONS (SBL)\n_________________________________________________________________\nAs the largest online bass education platform in the world, with an ever-expanding course library and 40,000+ active members, Scott’s Bass Lessons (SBL) has everything you need to master the bass, all in one place. \n\nWith beginner-friendly bass lessons, interactive courses led by industry experts, structured learning paths, personalized feedback, real-time mentorship from top bassists, and a vibrant, supportive community, SBL is the ultimate destination to enhance your bass playing—whether you're starting out or already a professional.\n\nTry SBL Membership today! → https://sbl.link/join-sbl\n\n\nRECOMMENDED BASS PLAYLIST\n_________________________________________________________________\nCatch up with SBL Content you’ve missed:\n➡️ https://youtube.com/playlist?list=PLq5Wss5r1Cvvplt7z7O45JHk2TaJ3NT53  \n\n#bassguitarlessons #bassforbeginners #easybasslines""}",en,
5UmZlya3AY8,2026-08-31,1029,165151,5429,0,469,PT17M9S,2d,hd,False,True,{},rectangular,2025-07-28T10:37:00Z,UCWTj3vCqkQIsrTGSm4kM34g,responding to the Victor Wooten video,,"{'default': {'url': 'https://i.ytimg.com/vi/5UmZlya3AY8/default.jpg', 'width': 120, 'height': 90}, 'medium': {'url': 'https://i.ytimg.com/vi/5UmZlya3AY8/mqdefault.jpg', 'width': 320, 'height': 180}, 'high': {'url': 'https://i.ytimg.com/vi/5UmZlya3AY8/hqdefault.jpg', 'width': 480, 'height': 360}, 'standard': {'url': 'https://i.ytimg.com/vi/5UmZlya3AY8/sddefault.jpg', 'width': 640, 'height': 480}, 'maxres': {'url': 'https://i.ytimg.com/vi/5UmZlya3AY8/maxresdefault.jpg', 'width': 1280, 'height': 720}}",Scott's Bass Lessons,"['scott devine', 'bass lessons', 'bass guitar', 'beginner', 'beginners', 'scottsbasslessons', 'scotts bass lessons', 'sbl', 'electric bass', 'bass lesson', 'beginner bass lesson', 'beginner bass lessons']",10,none,en,"{'title': 'responding to the Victor Wooten video', 'description': ''}",en,
-8nWeVXyXNk,2026-08-31,855,25154,932,0,90,PT14M15S,2d,hd,False,True,{},rectangular,2025-07-30T15:00:00Z,UCWTj3vCqkQIsrTGSm4kM34g,How does Victor Wooten do THIS??,"🎸 The Slap Accelerator is now OPEN for enrollment! Claim your spot before it closes to get your $100 discount + FREE bonuses → https://sbl.link/3IQanpq

🔥 Try the SBL Bass Academy FREE for 14 Days: https://sbl.link/join-sbl
🚀 Get 1-1 Bass Coaching (enrollment open now!): https://sbl.link/the-blueprint

===

Double thumb used to be my worst nightmare—until Ian dropped a course that made it look way too fun to ignore. In this video, I break down how I finally got it together, plus a slap riff to help you do the same. If you’ve ever struggled with this technique, you’re in good company!

===

00:00 - Introduction
01:43 - The Slap Accelerator
02:25 - The Basics
03:55 - Exercise 1
08:00 - The Riff Breakdown
12:00 - My Slap Bass Journey
12:40 - Final Thoughts

GET MORE BASS TIPS 👇
_________________________________________________________________
🙌 Be the first to know - SUBSCRIBE now → https://bit.ly/sub-to-sbl-yt
🎧 Tune in to our Weekly PODCAST → https://sblpodcast.buzzsprout.com/share
📱 Try our free GrooveTrainer APP → https://scottsbasslessons.com/groove-trainer-app 

ABOUT SCOTT’S BASS LESSONS (SBL)
_________________________________________________________________
As the largest online bass education platform in the world, with an ever-expanding course library and 40,000+ active members, Scott’s Bass Lessons (SBL) has everything you need to master the bass, all in one place. 

With beginner-friendly bass lessons, interactive courses led by industry experts, structured learning paths, personalized feedback, real-time mentorship from top bassists, and a vibrant, supportive community, SBL is the ultimate destination to enhance your bass playing—whether you're starting out or already a professional.

Try SBL Membership today! → https://sbl.link/join-sbl


RECOMMENDED BASS PLAYLIST
_________________________________________________________________
Catch up with SBL Content you’ve missed:
➡️ https://youtube.com/playlist?list=PLq5Wss5r1Cvvplt7z7O45JHk2TaJ3NT53  

#bassguitarlessons #bassforbeginners #easybasslines","{'default': {'url': 'https://i.ytimg.com/vi/-8nWeVXyXNk/default.jpg', 'width': 120, 'height': 90}, 'medium': {'url': 'https://i.ytimg.com/vi/-8nWeVXyXNk/mqdefault.jpg', 'width': 320, 'height': 180}, 'high': {'url': 'https://i.ytimg.com/vi/-8nWeVXyXNk/hqdefault.jpg', 'width': 480, 'height': 360}, 'standard': {'url': 'https://i.ytimg.com/vi/-8nWeVXyXNk/sddefault.jpg', 'width': 640, 'height': 480}, 'maxres': {'url': 'https://i.ytimg.com/vi/-8nWeVXyXNk/maxresdefault.jpg', 'width': 1280, 'height': 720}}",Scott's Bass Lessons,"['scott devine', 'bass lessons', 'bass guitar', 'beginner', 'beginners', 'scottsbasslessons', 'scotts bass lessons', 'sbl', 'electric bass', 'bass lesson', 'beginner bass lesson', 'beginner bass lessons']",10,none,en,"{'title': 'How does Victor Wooten do THIS??', 'description': ""🎸 The Slap Accelerator is now OPEN for enrollment! Claim your spot before it closes to get your $100 discount + FREE bonuses → https://sbl.link/3IQanpq\n\n🔥 Try the SBL Bass Academy FREE for 14 Days: https://sbl.link/join-sbl\n🚀 Get 1-1 Bass Coaching (enrollment open now!): https://sbl.link/the-blueprint\n\n===\n\nDouble thumb used to be my worst nightmare—until Ian dropped a course that made it look way too fun to ignore. In this video, I break down how I finally got it together, plus a slap riff to help you do the same. If you’ve ever struggled with this technique, you’re in good company!\n\n===\n\n00:00 - Introduction\n01:43 - The Slap Accelerator\n02:25 - The Basics\n03:55 - Exercise 1\n08:00 - The Riff Breakdown\n12:00 - My Slap Bass Journey\n12:40 - Final Thoughts\n\nGET MORE BASS TIPS 👇\n_________________________________________________________________\n🙌 Be the first to know - SUBSCRIBE now → https://bit.ly/sub-to-sbl-yt\n🎧 Tune in to our Weekly PODCAST → https://sblpodcast.buzzsprout.com/share\n📱 Try our free GrooveTrainer APP → https://scottsbasslessons.com/groove-trainer-app \n\nABOUT SCOTT’S BASS LESSONS (SBL)\n_________________________________________________________________\nAs the largest online bass education platform in the world, with an ever-expanding course library and 40,000+ active members, Scott’s Bass Lessons (SBL) has everything you need to master the bass, all in one place. \n\nWith beginner-friendly bass lessons, interactive courses led by industry experts, structured learning paths, personalized feedback, real-time mentorship from top bassists, and a vibrant, supportive community, SBL is the ultimate destination to enhance your bass playing—whether you're starting out or already a professional.\n\nTry SBL Membership today! → https://sbl.link/join-sbl\n\n\nRECOMMENDED BASS PLAYLIST\n_________________________________________________________________\nCatch up with SBL Content you’ve missed:\n➡️ https://youtube.com/playlist?list=PLq5Wss5r1Cvvplt7z7O45JHk2TaJ3NT53  \n\n#bassguitarlessons #bassforbeginners #easybasslines""}",en,
X9f7LIhEXN8,2026-08-31,829,31377,945,0,104,PT13M49S,2d,hd,False,True,{},rectangular,2025-08-01T15:00:58Z,UCWTj3vCqkQIsrTGSm4kM34g,Mark Kings’ (Level 42) GREATEST bass line ever,"🎸 The Slap Accelerator is now OPEN for enrollment! Claim your spot before it closes to get your $100 discount + FREE bonuses → https://sbl.link/3IQanpq

👉 Grab the FREE Tab & Notation here: https://sbl.link/45eTA6C
🔥 Try the SBL Bass Academy FREE for 14 Days: https://sbl.link/join-sbl
🚀 Get 1-1 Bass Coaching (enrollment open now!): https://sbl.link/the-blueprint

===

===

00:00 - Introduction
01:00 - The Fretting Hand Slap
01:29 - Fretting Hand Slap Exercise
02:02 - The Main Riff Pt. 1
04:15 - The Main Riff Pt. 2
07:40 - The Main Riff Pt. 3
08:37 - The Repeat
09:49 - Slow Version
10:21 - How To Approach The Bass Line

GET MORE BASS TIPS 👇
_________________________________________________________________
🙌 Be the first to know - SUBSCRIBE now → https://bit.ly/sub-to-sbl-yt
🎧 Tune in to our Weekly PODCAST → https://sblpodcast.buzzsprout.com/share
📱 Try our free GrooveTrainer APP → https://scottsbasslessons.com/groove-trainer-app 

ABOUT SCOTT’S BASS LESSONS (SBL)
_________________________________________________________________
As the largest online bass education platform in the world, with an ever-expanding course library and 40,000+ active members, Scott’s Bass Lessons (SBL) has everything you need to master the bass, all in one place. 

With beginner-friendly bass lessons, interactive courses led by industry experts, structured learning paths, personalized feedback, real-time mentorship from top bassists, and a vibrant, supportive community, SBL is the ultimate destination to enhance your bass playing—whether you're starting out or already a professional.

Try SBL Membership today! → https://sbl.link/join-sbl

RECOMMENDED BASS PLAYLIST
_________________________________________________________________
Catch up with SBL Content you’ve missed:
➡️ https://youtube.com/playlist?list=PLq5Wss5r1Cvvplt7z7O45JHk2TaJ3NT53  

#bassguitarlessons #bassforbeginners #easybasslines","{'default': {'url': 'https://i.ytimg.com/vi/X9f7LIhEXN8/default.jpg', 'width': 120, 'height': 90}, 'medium': {'url': 'https://i.ytimg.com/vi/X9f7LIhEXN8/mqdefault.jpg', 'width': 320, 'height': 180}, 'high': {'url': 'https://i.ytimg.com/vi/X9f7LIhEXN8/hqdefault.jpg', 'width': 480, 'height': 360}, 'standard': {'url': 'https://i.ytimg.com/vi/X9f7LIhEXN8/sddefault.jpg', 'width': 640, 'height': 480}, 'maxres': {'url': 'https://i.ytimg.com/vi/X9f7LIhEXN8/maxresdefault.jpg', 'width': 1280, 'height': 720}}",Scott's Bass Lessons,"['scott devine', 'bass lessons', 'bass guitar', 'beginner', 'beginners', 'scottsbasslessons', 'scotts bass lessons', 'sbl', 'electric bass', 'bass lesson', 'beginner bass lesson', 'beginner bass lessons']",10,none,en,"{'title': 'Mark Kings’ (Level 42) GREATEST bass line ever', 'description': ""🎸 The Slap Accelerator is now OPEN for enrollment! Claim your spot before it closes to get your $100 discount + FREE bonuses → https://sbl.link/3IQanpq\n\n👉 Grab the FREE Tab & Notation here: https://sbl.link/45eTA6C\n🔥 Try the SBL Bass Academy FREE for 14 Days: https://sbl.link/join-sbl\n🚀 Get 1-1 Bass Coaching (enrollment open now!): https://sbl.link/the-blueprint\n\n===\n\n===\n\n00:00 - Introduction\n01:00 - The Fretting Hand Slap\n01:29 - Fretting Hand Slap Exercise\n02:02 - The Main Riff Pt. 1\n04:15 - The Main Riff Pt. 2\n07:40 - The Main Riff Pt. 3\n08:37 - The Repeat\n09:49 - Slow Version\n10:21 - How To Approach The Bass Line\n\nGET MORE BASS TIPS 👇\n_________________________________________________________________\n🙌 Be the first to know - SUBSCRIBE now → https://bit.ly/sub-to-sbl-yt\n🎧 Tune in to our Weekly PODCAST → https://sblpodcast.buzzsprout.com/share\n📱 Try our free GrooveTrainer APP → https://scottsbasslessons.com/groove-trainer-app \n\nABOUT SCOTT’S BASS LESSONS (SBL)\n_________________________________________________________________\nAs the largest online bass education platform in the world, with an ever-expanding course library and 40,000+ active members, Scott’s Bass Lessons (SBL) has everything you need to master the bass, all in one place. \n\nWith beginner-friendly bass lessons, interactive courses led by industry experts, structured learning paths, personalized feedback, real-time mentorship from top bassists, and a vibrant, supportive community, SBL is the ultimate destination to enhance your bass playing—whether you're starting out or already a professional.\n\nTry SBL Membership today! → https://sbl.link/join-sbl\n\nRECOMMENDED BASS PLAYLIST\n_________________________________________________________________\nCatch up with SBL Content you’ve missed:\n➡️ https://youtube.com/playlist?list=PLq5Wss5r1Cvvplt7z7O45JHk2TaJ3NT53  \n\n#bassguitarlessons #bassforbeginners #easybasslines""}",en,
4ervOxAR1xc,2026-08-31,3558,30050,974,0,254,PT59M18S,2d,hd,False,True,{},rectangular,2025-08-04T15:00:07Z,UCWTj3vCqkQIsrTGSm4kM34g,Travel DISASTER? (6 pro-level travel hacks so you don’t have one),"🎸 The Slap Accelerator is OPEN for enrollment! One day left to sign up! → https://sbl.link/4lTQ9JS
🔥 Try the SBL Bass Academy FREE for 14 Days: https://sbl.link/join-sbl
🚀 Get 1-1 Bass Coaching (enrollment open now!): https://sbl.link/the-blueprint

Ian and Sharon swap travel horror stories and share their biggest lessons from years of touring and bass travel. From packing light to gate check debates, things get real (and occasionally frustrating). Expect strong opinions, a few surprises, and plenty of what not to do next time you fly.

===

Video Breakdown:

00:00 - Introduction  
03:30 - Travelling Light  
06:22 - Janek Gwizdala  
08:45 - Carry On VS. Gate Check  
21:16 - 1 - Do Not Fight  
25:18 - 2 - Case Recommendations  
26:42 - 3 - Smart Packing  
32:03 - Travelling with Multiple Basses  
33:53 - 4 - String Prep  
35:18 - Horror Stories  
40:48 - 5 - Small Pedal Board & Bag  
41:59 - Ian Almost Getting Cancelled  
55:05 - 6 - Sneaky Air Tag  

===

GET MORE BASS TIPS 👇
_________________________________________________________________
🙌 Be the first to know - SUBSCRIBE now → https://bit.ly/sub-to-sbl-yt
🎧 Tune in to our Weekly PODCAST → https://sblpodcast.buzzsprout.com/share
📱 Try our free GrooveTrainer APP → https://scottsbasslessons.com/groove-trainer-app 


ABOUT SCOTT'S BASS LESSONS (SBL)
_________________________________________________________________
As the largest online bass education platform in the world, with an ever-expanding course library and 40,000+ active members, Scott's Bass Lessons (SBL) has everything you need to master the bass, all in one place. 

With beginner-friendly bass lessons, interactive courses led by industry experts, structured learning paths, personalized feedback, real-time mentorship from top bassists, and a vibrant, supportive community, SBL is the ultimate destination to enhance your bass playing—whether you're starting out or already a professional.

Try SBL Membership today! → https://sbl.link/join-sbl


RECOMMENDED BASS PLAYLIST
_________________________________________________________________
Catch up with SBL Content you've missed:
➡️ https://youtube.com/playlist?list=PLq5Wss5r1Cvvplt7z7O45JHk2TaJ3NT53  

#bassguitarlessons #bassforbeginners #easybasslines","{'default': {'url': 'https://i.ytimg.com/vi/4ervOxAR1xc/default.jpg', 'width': 120, 'height': 90}, 'medium': {'url': 'https://i.ytimg.com/vi/4ervOxAR1xc/mqdefault.jpg', 'width': 320, 'height': 180}, 'high': {'url': 'https://i.ytimg.com/vi/4ervOxAR1xc/hqdefault.jpg', 'width': 480, 'height': 360}, 'standard': {'url': 'https://i.ytimg.com/vi/4ervOxAR1xc/sddefault.jpg', 'width': 640, 'height': 480}, 'maxres': {'url': 'https://i.ytimg.com/vi/4ervOxAR1xc/maxresdefault.jpg', 'width': 1280, 'height': 720}}",Scott's Bass Lessons,"['bass guitar', 'bass lesson', 'bass lessons', 'beginner', 'beginner bass lesson', 'beginner bass lessons', 'beginners', 'electric bass', 'sbl', 'scott devine', ""scott's bass lessons"", 'scotts bass lessons', 'scottsbasslessons']",10,none,en,"{'title': 'Travel DISASTER? (6 pro-level travel hacks so you don’t have one)', 'description': ""🎸 The Slap Accelerator is OPEN for enrollment! One day left to sign up! → https://sbl.link/4lTQ9JS\n🔥 Try the SBL Bass Academy FREE for 14 Days: https://sbl.link/join-sbl\n🚀 Get 1-1 Bass Coaching (enrollment open now!): https://sbl.link/the-blueprint\n\nIan and Sharon swap travel horror stories and share their biggest lessons from years of touring and bass travel. From packing light to gate check debates, things get real (and occasionally frustrating). Expect strong opinions, a few surprises, and plenty of what not to do next time you fly.\n\n===\n\nVideo Breakdown:\n\n00:00 - Introduction  \n03:30 - Travelling Light  \n06:22 - Janek Gwizdala  \n08:45 - Carry On VS. Gate Check  \n21:16 - 1 - Do Not Fight  \n25:18 - 2 - Case Recommendations  \n26:42 - 3 - Smart Packing  \n32:03 - Travelling with Multiple Basses  \n33:53 - 4 - String Prep  \n35:18 - Horror Stories  \n40:48 - 5 - Small Pedal Board & Bag  \n41:59 - Ian Almost Getting Cancelled  \n55:05 - 6 - Sneaky Air Tag  \n\n===\n\nGET MORE BASS TIPS 👇\n_________________________________________________________________\n🙌 Be the first to know - SUBSCRIBE now → https://bit.ly/sub-to-sbl-yt\n🎧 Tune in to our Weekly PODCAST → https://sblpodcast.buzzsprout.com/share\n📱 Try our free GrooveTrainer APP → https://scottsbasslessons.com/groove-trainer-app \n\n\nABOUT SCOTT'S BASS LESSONS (SBL)\n_________________________________________________________________\nAs the largest online bass education platform in the world, with an ever-expanding course library and 40,000+ active members, Scott's Bass Lessons (SBL) has everything you need to master the bass, all in one place. \n\nWith beginner-friendly bass lessons, interactive courses led by industry experts, structured learning paths, personalized feedback, real-time mentorship from top bassists, and a vibrant, supportive community, SBL is the ultimate destination to enhance your bass playing—whether you're starting out or already a professional.\n\nTry SBL Membership today! → https://sbl.link/join-sbl\n\n\nRECOMMENDED BASS PLAYLIST\n_________________________________________________________________\nCatch up with SBL Content you've missed:\n➡️ https://youtube.com/playlist?list=PLq5Wss5r1Cvvplt7z7O45JHk2TaJ3NT53  \n\n#bassguitarlessons #bassforbeginners #easybasslines""}",en-US,
99pGNiKw0-s,2026-08-31,810,76567,2429,0,400,PT13M30S,2d,hd,False,False,{},rectangular,2025-08-07T15:00:20Z,UCWTj3vCqkQIsrTGSm4kM34g,Is this the Greatest PUNK-SOUL Bass Line of 1982?,"👉 Grab the FREE Tab & Notation here: https://sbl.link/3IXdw6V
🔥 Try the SBL Bass Academy FREE for 14 Days: https://sbl.link/join-sbl
🚀 Get 1-1 Bass Coaching (enrollment open now!): https://sbl.link/the-blueprint

Punk meets Motown? In this lesson, Ian breaks down A Town Called Malice by The Jam—a bass line that’s all feel, motion, and attitude. From the jumpy, soul-inspired groove to the driving verse, there’s a lot going on under the hood. 

You’ll hear the Motown influence - but played like it’s late for a train.
Grab your bass and dig in—this one’s all about getting it in your hands and feeling it for yourself.

===

Video Breakdown:

00:00 - Introduction
00:44 - Motown Inspiration
01:22 - Intro & Chorus Riff
02:58 - Gear & Sound
06:38 - Picking Technique
08:30 - Verse
10:26 - How To Master The Feel
11:00 - Pick Technique Continued
12:40 - Wrap Up
13:05 - Outtakes

===

GET MORE BASS TIPS 👇
_________________________________________________________________
🙌 Be the first to know - SUBSCRIBE now → https://bit.ly/sub-to-sbl-yt
🎧 Tune in to our Weekly PODCAST → https://sblpodcast.buzzsprout.com/share
📱 Try our free GrooveTrainer APP → https://scottsbasslessons.com/groove-trainer-app 


ABOUT SCOTT'S BASS LESSONS (SBL)
_________________________________________________________________
As the largest online bass education platform in the world, with an ever-expanding course library and 40,000+ active members, Scott's Bass Lessons (SBL) has everything you need to master the bass, all in one place. 

With beginner-friendly bass lessons, interactive courses led by industry experts, structured learning paths, personalized feedback, real-time mentorship from top bassists, and a vibrant, supportive community, SBL is the ultimate destination to enhance your bass playing—whether you're starting out or already a professional.

Try SBL Membership today! → https://sbl.link/join-sbl


RECOMMENDED BASS PLAYLIST
_________________________________________________________________
Catch up with SBL Content you've missed:
➡️ https://youtube.com/playlist?list=PLq5Wss5r1Cvvplt7z7O45JHk2TaJ3NT53  

#bassguitarlessons #bassforbeginners #easybasslines","{'default': {'url': 'https://i.ytimg.com/vi/99pGNiKw0-s/default.jpg', 'width': 120, 'height': 90}, 'medium': {'url': 'https://i.ytimg.com/vi/99pGNiKw0-s/mqdefault.jpg', 'width': 320, 'height': 180}, 'high': {'url': 'https://i.ytimg.com/vi/99pGNiKw0-s/hqdefault.jpg', 'width': 480, 'height': 360}, 'standard': {'url': 'https://i.ytimg.com/vi/99pGNiKw0-s/sddefault.jpg', 'width': 640, 'height': 480}, 'maxres': {'url': 'https://i.ytimg.com/vi/99pGNiKw0-s/maxresdefault.jpg', 'width': 1280, 'height': 720}}",Scott's Bass Lessons,"['bass guitar', 'bass lesson', 'bass lessons', 'beginner', 'beginner bass lesson', 'beginner bass lessons', 'beginners', 'electric bass', 'sbl', 'scott devine', ""scott's bass lessons"", 'scotts bass lessons', 'scottsbasslessons']",10,none,en,"{'title': 'Is this the Greatest PUNK-SOUL Bass Line of 1982?', 'description': ""👉 Grab the FREE Tab & Notation here: https://sbl.link/3IXdw6V\n🔥 Try the SBL Bass Academy FREE for 14 Days: https://sbl.link/join-sbl\n🚀 Get 1-1 Bass Coaching (enrollment open now!): https://sbl.link/the-blueprint\n\nPunk meets Motown? In this lesson, Ian breaks down A Town Called Malice by The Jam—a bass line that’s all feel, motion, and attitude. From the jumpy, soul-inspired groove to the driving verse, there’s a lot going on under the hood. \n\nYou’ll hear the Motown influence - but played like it’s late for a train.\nGrab your bass and dig in—this one’s all about getting it in your hands and feeling it for yourself.\n\n===\n\nVideo Breakdown:\n\n00:00 - Introduction\n00:44 - Motown Inspiration\n01:22 - Intro & Chorus Riff\n02:58 - Gear & Sound\n06:38 - Picking Technique\n08:30 - Verse\n10:26 - How To Master The Feel\n11:00 - Pick Technique Continued\n12:40 - Wrap Up\n13:05 - Outtakes\n\n===\n\nGET MORE BASS TIPS 👇\n_________________________________________________________________\n🙌 Be the first to know - SUBSCRIBE now → https://bit.ly/sub-to-sbl-yt\n🎧 Tune in to our Weekly PODCAST → https://sblpodcast.buzzsprout.com/share\n📱 Try our free GrooveTrainer APP → https://scottsbasslessons.com/groove-trainer-app \n\n\nABOUT SCOTT'S BASS LESSONS (SBL)\n_________________________________________________________________\nAs the largest online bass education platform in the world, with an ever-expanding course library and 40,000+ active members, Scott's Bass Lessons (SBL) has everything you need to master the bass, all in one place. \n\nWith beginner-friendly bass lessons, interactive courses led by industry experts, structured learning paths, personalized feedback, real-time mentorship from top bassists, and a vibrant, supportive community, SBL is the ultimate destination to enhance your bass playing—whether you're starting out or already a professional.\n\nTry SBL Membership today! → https://sbl.link/join-sbl\n\n\nRECOMMENDED BASS PLAYLIST\n_________________________________________________________________\nCatch up with SBL Content you've missed:\n➡️ https://youtube.com/playlist?list=PLq5Wss5r1Cvvplt7z7O45JHk2TaJ3NT53  \n\n#bassguitarlessons #bassforbeginners #easybasslines""}",en-US,
VVMtHqlWa4k,2026-08-31,2273,42886,1343,0,134,PT37M53S,2d,hd,False,True,{},rectangular,2025-08-11T15:00:54Z,UCWTj3vCqkQIsrTGSm4kM34g,"Janek Gwizdala's Gear Confessions (Pedals, Basses and more)","🎸 Join the SBL Monthly Giveaway! → https://sbl.link/4gAF9Oj
🔥 Try the SBL Bass Academy FREE for 14 Days: https://sbl.link/join-sbl
🚀 Get 1-1 Bass Coaching (enrollment open now!): https://sbl.link/the-blueprint
💙 Follow Janek Gwizdala 👉 YT:  @janekgwizdala  | www.janekgwizdala.com

Scott sits down with Janek Gwizdala for a deep gear dive, kicking off with his go-to pedal pick for players just getting into bass effects. From there, they move through the basses, pedals, and other essentials that have earned a permanent spot in Janek’s setup. Stick around and see what made the cut.

===

Video Breakdown:

00:00 - Introduction
01:10 - Essential Bass Pedals
04:24 - Compression
05:00 - DIs
07:15 - Performance Pt. 1
08:15 - Janek’s Pedalboard Rundown
18:16 - Performance Pt. 2
19:46 - Improvisation
21:13 - Custom Mattisson Bass
23:27 - RKM Custom Bass V
27:00 - RKM Custom Bass IV
28:35 - Fender Precision Bass
29:30 - Classical Guitar Approach
33:20 - Goya Panther II
35:54 - Final Thoughts

===

GET MORE BASS TIPS 👇
_________________________________________________________________
🙌 Be the first to know - SUBSCRIBE now → https://bit.ly/sub-to-sbl-yt
🎧 Tune in to our Weekly PODCAST → https://sblpodcast.buzzsprout.com/share
📱 Try our free GrooveTrainer APP → https://scottsbasslessons.com/groove-trainer-app 


ABOUT SCOTT’S BASS LESSONS (SBL)
_________________________________________________________________
As the largest online bass education platform in the world, with an ever-expanding course library and 40,000+ active members, Scott’s Bass Lessons (SBL) has everything you need to master the bass, all in one place. 

With beginner-friendly bass lessons, interactive courses led by industry experts, structured learning paths, personalized feedback, real-time mentorship from top bassists, and a vibrant, supportive community, SBL is the ultimate destination to enhance your bass playing—whether you're starting out or already a professional.

Try SBL Membership today! → https://sbl.link/join-sbl


RECOMMENDED BASS PLAYLIST
_________________________________________________________________
Catch up with SBL Content you’ve missed:
➡️ https://youtube.com/playlist?list=PLq5Wss5r1Cvvplt7z7O45JHk2TaJ3NT53  

#bassguitarlessons #bassforbeginners #easybasslines","{'default': {'url': 'https://i.ytimg.com/vi/VVMtHqlWa4k/default.jpg', 'width': 120, 'height': 90}, 'medium': {'url': 'https://i.ytimg.com/vi/VVMtHqlWa4k/mqdefault.jpg', 'width': 320, 'height': 180}, 'high': {'url': 'https://i.ytimg.com/vi/VVMtHqlWa4k/hqdefault.jpg', 'width': 480, 'height': 360}, 'standard': {'url': 'https://i.ytimg.com/vi/VVMtHqlWa4k/sddefault.jpg', 'width': 640, 'height': 480}, 'maxres': {'url': 'https://i.ytimg.com/vi/VVMtHqlWa4k/maxresdefault.jpg', 'width': 1280, 'height': 720}}",Scott's Bass Lessons,"['scott devine', 'bass lessons', 'bass guitar', 'beginner', 'beginners', 'scottsbasslessons', 'scotts bass lessons', 'sbl', 'electric bass', 'bass lesson', 'beginner bass lesson', 'beginner bass lessons']",10,none,en,"{'title': ""Janek Gwizdala's Gear Confessions (Pedals, Basses and more)"", 'description': ""🎸 Join the SBL Monthly Giveaway! → https://sbl.link/4gAF9Oj\n🔥 Try the SBL Bass Academy FREE for 14 Days: https://sbl.link/join-sbl\n🚀 Get 1-1 Bass Coaching (enrollment open now!): https://sbl.link/the-blueprint\n💙 Follow Janek Gwizdala 👉 YT:  @janekgwizdala  | www.janekgwizdala.com\n\nScott sits down with Janek Gwizdala for a deep gear dive, kicking off with his go-to pedal pick for players just getting into bass effects. From there, they move through the basses, pedals, and other essentials that have earned a permanent spot in Janek’s setup. Stick around and see what made the cut.\n\n===\n\nVideo Breakdown:\n\n00:00 - Introduction\n01:10 - Essential Bass Pedals\n04:24 - Compression\n05:00 - DIs\n07:15 - Performance Pt. 1\n08:15 - Janek’s Pedalboard Rundown\n18:16 - Performance Pt. 2\n19:46 - Improvisation\n21:13 - Custom Mattisson Bass\n23:27 - RKM Custom Bass V\n27:00 - RKM Custom Bass IV\n28:35 - Fender Precision Bass\n29:30 - Classical Guitar Approach\n33:20 - Goya Panther II\n35:54 - Final Thoughts\n\n===\n\nGET MORE BASS TIPS 👇\n_________________________________________________________________\n🙌 Be the first to know - SUBSCRIBE now → https://bit.ly/sub-to-sbl-yt\n🎧 Tune in to our Weekly PODCAST → https://sblpodcast.buzzsprout.com/share\n📱 Try our free GrooveTrainer APP → https://scottsbasslessons.com/groove-trainer-app \n\n\nABOUT SCOTT’S BASS LESSONS (SBL)\n_________________________________________________________________\nAs the largest online bass education platform in the world, with an ever-expanding course library and 40,000+ active members, Scott’s Bass Lessons (SBL) has everything you need to master the bass, all in one place. \n\nWith beginner-friendly bass lessons, interactive courses led by industry experts, structured learning paths, personalized feedback, real-time mentorship from top bassists, and a vibrant, supportive community, SBL is the ultimate destination to enhance your bass playing—whether you're starting out or already a professional.\n\nTry SBL Membership today! → https://sbl.link/join-sbl\n\n\nRECOMMENDED BASS PLAYLIST\n_________________________________________________________________\nCatch up with SBL Content you’ve missed:\n➡️ https://youtube.com/playlist?list=PLq5Wss5r1Cvvplt7z7O45JHk2TaJ3NT53  \n\n#bassguitarlessons #bassforbeginners #easybasslines""}",en,
go6CfSD0f10,2026-08-31,1364,724893,21079,0,1271,PT22M44S,2d,hd,False,False,{},rectangular,2025-08-13T15:01:13Z,UCWTj3vCqkQIsrTGSm4kM34g,"Jazz Fusion Trio Covers The Police on the spot (ft. Hadrien Feraud, Cory Henry & Ronald Bruner Jr.)","🔥 Try the SBL Bass Academy FREE for 14 Days: https://sbl.link/join-sbl
🚀 Get 1-1 Bass Coaching (enrollment open now!): https://sbl.link/the-blueprint

What happens when Hadrien Feraud, Cory Henry, and Ronald Bruner Jr. take on a Police tune—and flip it into a brand-new arrangement on the spot? Ian and Scott watch in awe as the trio crack the harmony, lock in the groove, and bring the whole thing to life right in front of you.

===

Video Breakdown:

00:00 - Introduction
01:07 - The Track Reveal (The Police - King of Pain)
02:34 - Figuring Out The Harmony
03:25 - Finding The Groove
05:40 - Last Verse Variant
07:08 - King of Pain - Full Take
15:50 - Q&A

===

GET MORE BASS TIPS 👇
_________________________________________________________________
🙌 Be the first to know - SUBSCRIBE now → https://bit.ly/sub-to-sbl-yt
🎧 Tune in to our Weekly PODCAST → https://sblpodcast.buzzsprout.com/share
📱 Try our free GrooveTrainer APP → https://scottsbasslessons.com/groove-trainer-app 


ABOUT SCOTT’S BASS LESSONS (SBL)
_________________________________________________________________
As the largest online bass education platform in the world, with an ever-expanding course library and 40,000+ active members, Scott’s Bass Lessons (SBL) has everything you need to master the bass, all in one place. 

With beginner-friendly bass lessons, interactive courses led by industry experts, structured learning paths, personalized feedback, real-time mentorship from top bassists, and a vibrant, supportive community, SBL is the ultimate destination to enhance your bass playing—whether you're starting out or already a professional.

Try SBL Membership today! → https://sbl.link/join-sbl


RECOMMENDED BASS PLAYLIST
_________________________________________________________________
Catch up with SBL Content you’ve missed:
➡️ https://youtube.com/playlist?list=PLq5Wss5r1Cvvplt7z7O45JHk2TaJ3NT53  

#bassguitarlessons #bassforbeginners #easybasslines","{'default': {'url': 'https://i.ytimg.com/vi/go6CfSD0f10/default.jpg', 'width': 120, 'height': 90}, 'medium': {'url': 'https://i.ytimg.com/vi/go6CfSD0f10/mqdefault.jpg', 'width': 320, 'height': 180}, 'high': {'url': 'https://i.ytimg.com/vi/go6CfSD0f10/hqdefault.jpg', 'width': 480, 'height': 360}, 'standard': {'url': 'https://i.ytimg.com/vi/go6CfSD0f10/sddefault.jpg', 'width': 640, 'height': 480}, 'maxres': {'url': 'https://i.ytimg.com/vi/go6CfSD0f10/maxresdefault.jpg', 'width': 1280, 'height': 720}}",Scott's Bass Lessons,"['scott devine', 'bass lessons', 'bass guitar', 'beginner', 'beginners', 'scottsbasslessons', 'scotts bass lessons', 'sbl', 'electric bass', 'bass lesson', 'beginner bass lesson', 'beginner bass lessons']",10,none,en,"{'title': 'Jazz Fusion Trio Covers The Police on the spot (ft. Hadrien Feraud, Cory Henry & Ronald Bruner Jr.)', 'description': ""🔥 Try the SBL Bass Academy FREE for 14 Days: https://sbl.link/join-sbl\n🚀 Get 1-1 Bass Coaching (enrollment open now!): https://sbl.link/the-blueprint\n\nWhat happens when Hadrien Feraud, Cory Henry, and Ronald Bruner Jr. take on a Police tune—and flip it into a brand-new arrangement on the spot? Ian and Scott watch in awe as the trio crack the harmony, lock in the groove, and bring the whole thing to life right in front of you.\n\n===\n\nVideo Breakdown:\n\n00:00 - Introduction\n01:07 - The Track Reveal (The Police - King of Pain)\n02:34 - Figuring Out The Harmony\n03:25 - Finding The Groove\n05:40 - Last Verse Variant\n07:08 - King of Pain - Full Take\n15:50 - Q&A\n\n===\n\nGET MORE BASS TIPS 👇\n_________________________________________________________________\n🙌 Be the first to know - SUBSCRIBE now → https://bit.ly/sub-to-sbl-yt\n🎧 Tune in to our Weekly PODCAST → https://sblpodcast.buzzsprout.com/share\n📱 Try our free GrooveTrainer APP → https://scottsbasslessons.com/groove-trainer-app \n\n\nABOUT SCOTT’S BASS LESSONS (SBL)\n_________________________________________________________________\nAs the largest online bass education platform in the world, with an ever-expanding course library and 40,000+ active members, Scott’s Bass Lessons (SBL) has everything you need to master the bass, all in one place. \n\nWith beginner-friendly bass lessons, interactive courses led by industry experts, structured learning paths, personalized feedback, real-time mentorship from top bassists, and a vibrant, supportive community, SBL is the ultimate destination to enhance your bass playing—whether you're starting out or already a professional.\n\nTry SBL Membership today! → https://sbl.link/join-sbl\n\n\nRECOMMENDED BASS PLAYLIST\n_________________________________________________________________\nCatch up with SBL Content you’ve missed:\n➡️ https://youtube.com/playlist?list=PLq5Wss5r1Cvvplt7z7O45JHk2TaJ3NT53  \n\n#bassguitarlessons #bassforbeginners #easybasslines""}",en,"{'blocked': ['BY', 'RU']}"
Gbm9Zg5ww5A,2026-08-31,715,145212,5677,0,629,PT11M55S,2d,hd,False,False,{},rectangular,2025-08-20T15:00:33Z,UCWTj3vCqkQIsrTGSm4kM34g,Is this the Greatest GRUNGE Bass Line of 1992?,"👉 Grab the FREE Tab & Notation here: https://sbl.link/47avtJf
🔥 Try the SBL Bass Academy FREE for 14 Days: https://sbl.link/join-sbl
🚀 Get 1-1 Bass Coaching (enrollment open now!): https://sbl.link/the-blueprint

Is Would? The ultimate grunge bass line? Scott and Ian explore the riffs, tone, and production tricks that turned this Alice in Chains anthem into one of the most unforgettable bass moments of the '90s. Grab your bass, tune down, and play along as they unpack every detail.

===

Video Breakdown:

00:00 - Introduction
00:53 - Verse
02:25 - The Isolated Bass Part
03:00 - Verse (Continued)
04:35 - The Tone
05:34 - The Lollapalooza Soundcheck 1993
06:15 - The Art SGX Nightbass
07:33 - Chorus
08:40 - The Secret Revealed!
11:00 - Final Thoughts
11:23 - Outtakes

===

GET MORE BASS TIPS 👇
_________________________________________________________________
🙌 Be the first to know - SUBSCRIBE now → https://bit.ly/sub-to-sbl-yt
🎧 Tune in to our Weekly PODCAST → https://sblpodcast.buzzsprout.com/share
📱 Try our free GrooveTrainer APP → https://scottsbasslessons.com/groove-trainer-app 


ABOUT SCOTT'S BASS LESSONS (SBL)
_________________________________________________________________
As the largest online bass education platform in the world, with an ever-expanding course library and 40,000+ active members, Scott's Bass Lessons (SBL) has everything you need to master the bass, all in one place. 

With beginner-friendly bass lessons, interactive courses led by industry experts, structured learning paths, personalized feedback, real-time mentorship from top bassists, and a vibrant, supportive community, SBL is the ultimate destination to enhance your bass playing—whether you're starting out or already a professional.

Try SBL Membership today! → https://sbl.link/join-sbl


RECOMMENDED BASS PLAYLIST
_________________________________________________________________
Catch up with SBL Content you've missed:
➡️ https://youtube.com/playlist?list=PLq5Wss5r1Cvvplt7z7O45JHk2TaJ3NT53  

#bassguitarlessons #bassforbeginners #easybasslines","{'default': {'url': 'https://i.ytimg.com/vi/Gbm9Zg5ww5A/default.jpg', 'width': 120, 'height': 90}, 'medium': {'url': 'https://i.ytimg.com/vi/Gbm9Zg5ww5A/mqdefault.jpg', 'width': 320, 'height': 180}, 'high': {'url': 'https://i.ytimg.com/vi/Gbm9Zg5ww5A/hqdefault.jpg', 'width': 480, 'height': 360}, 'standard': {'url': 'https://i.ytimg.com/vi/Gbm9Zg5ww5A/sddefault.jpg', 'width': 640, 'height': 480}, 'maxres': {'url': 'https://i.ytimg.com/vi/Gbm9Zg5ww5A/maxresdefault.jpg', 'width': 1280, 'height': 720}}",Scott's Bass Lessons,"['bass guitar', 'bass lesson', 'bass lessons', 'beginner', 'beginner bass lesson', 'beginner bass lessons', 'beginners', 'electric bass', 'sbl', 'scott devine', ""scott's bass lessons"", 'scotts bass lessons', 'scottsbasslessons']",10,none,en,"{'title': 'Is this the Greatest GRUNGE Bass Line of 1992?', 'description': ""👉 Grab the FREE Tab & Notation here: https://sbl.link/47avtJf\n🔥 Try the SBL Bass Academy FREE for 14 Days: https://sbl.link/join-sbl\n🚀 Get 1-1 Bass Coaching (enrollment open now!): https://sbl.link/the-blueprint\n\nIs Would? The ultimate grunge bass line? Scott and Ian explore the riffs, tone, and production tricks that turned this Alice in Chains anthem into one of the most unforgettable bass moments of the '90s. Grab your bass, tune down, and play along as they unpack every detail.\n\n===\n\nVideo Breakdown:\n\n00:00 - Introduction\n00:53 - Verse\n02:25 - The Isolated Bass Part\n03:00 - Verse (Continued)\n04:35 - The Tone\n05:34 - The Lollapalooza Soundcheck 1993\n06:15 - The Art SGX Nightbass\n07:33 - Chorus\n08:40 - The Secret Revealed!\n11:00 - Final Thoughts\n11:23 - Outtakes\n\n===\n\nGET MORE BASS TIPS 👇\n_________________________________________________________________\n🙌 Be the first to know - SUBSCRIBE now → https://bit.ly/sub-to-sbl-yt\n🎧 Tune in to our Weekly PODCAST → https://sblpodcast.buzzsprout.com/share\n📱 Try our free GrooveTrainer APP → https://scottsbasslessons.com/groove-trainer-app \n\n\nABOUT SCOTT'S BASS LESSONS (SBL)\n_________________________________________________________________\nAs the largest online bass education platform in the world, with an ever-expanding course library and 40,000+ active members, Scott's Bass Lessons (SBL) has everything you need to master the bass, all in one place. \n\nWith beginner-friendly bass lessons, interactive courses led by industry experts, structured learning paths, personalized feedback, real-time mentorship from top bassists, and a vibrant, supportive community, SBL is the ultimate destination to enhance your bass playing—whether you're starting out or already a professional.\n\nTry SBL Membership today! → https://sbl.link/join-sbl\n\n\nRECOMMENDED BASS PLAYLIST\n_________________________________________________________________\nCatch up with SBL Content you've missed:\n➡️ https://youtube.com/playlist?list=PLq5Wss5r1Cvvplt7z7O45JHk2TaJ3NT53  \n\n#bassguitarlessons #bassforbeginners #easybasslines""}",en-US,{'blocked': ['RU']}
KQQJN_YUYAQ,2026-08-31,4141,17748,397,0,79,PT1H9M1S,2d,hd,False,True,{},rectangular,2025-08-22T15:00:38Z,UCWTj3vCqkQIsrTGSm4kM34g,What if one program could solve all of your bass troubles?,"🚀 Get 1-1 Bass Coaching (enrollment open now!): http://thesblblueprint.com/
🔥 Try the SBL Bass Academy FREE for 14 Days: https://sbl.link/join-sbl

For the past three years, the Blueprint has quietly been helping bass players work through the same hurdles we all face. In this episode, Scott and Ian bring on the coaches who’ve been working one-on-one with students every week to talk about what the program’s really like, the common problems that keep showing up, and how players move past them. If you’ve ever felt stuck on your bass journey, this one’s for you.

===

Video Breakdown:

00:00:00 - Introduction
00:02:13 - Simon King (Head of Coaching)
00:06:13 - Keith Peberdy (Coach)
00:12:49 - Jim Moore (Head of Program)
00:13:46 - The Development of the Program
00:16:00 - Assessments
00:19:00 - The Pillars & Onboarding Process
00:21:30 - Awareness of Problem Areas
00:24:40 - Common Problems
00:29:20 - Pressure
00:33:45 - Dedication
00:36:00 - Group Learning & The Blueprint Live
00:37:25 - Awareness of Problem Areas (continued)
00:45:00 - How much time does the program take?
00:49:55 - Identifying the Spark 
00:52:54 - Masterclasses
00:58:33 - Blueprint Live
01:01:00 - Community
01:02:25 - Before & After
01:04:00 - Final Thoughts

===

GET MORE BASS TIPS 👇
_________________________________________________________________
🙌 Be the first to know - SUBSCRIBE now → https://bit.ly/sub-to-sbl-yt
🎧 Tune in to our Weekly PODCAST → https://sblpodcast.buzzsprout.com/share
📱 Try our free GrooveTrainer APP → https://scottsbasslessons.com/groove-trainer-app 


ABOUT SCOTT'S BASS LESSONS (SBL)
_________________________________________________________________
As the largest online bass education platform in the world, with an ever-expanding course library and 40,000+ active members, Scott's Bass Lessons (SBL) has everything you need to master the bass, all in one place. 

With beginner-friendly bass lessons, interactive courses led by industry experts, structured learning paths, personalized feedback, real-time mentorship from top bassists, and a vibrant, supportive community, SBL is the ultimate destination to enhance your bass playing—whether you're starting out or already a professional.

Try SBL Membership today! → https://sbl.link/join-sbl


RECOMMENDED BASS PLAYLIST
_________________________________________________________________
Catch up with SBL Content you've missed:
➡️ https://youtube.com/playlist?list=PLq5Wss5r1Cvvplt7z7O45JHk2TaJ3NT53  

#bassguitarlessons #bassforbeginners #easybasslines","{'default': {'url': 'https://i.ytimg.com/vi/KQQJN_YUYAQ/default.jpg', 'width': 120, 'height': 90}, 'medium': {'url': 'https://i.ytimg.com/vi/KQQJN_YUYAQ/mqdefault.jpg', 'width': 320, 'height': 180}, 'high': {'url': 'https://i.ytimg.com/vi/KQQJN_YUYAQ/hqdefault.jpg', 'width': 480, 'height': 360}, 'standard': {'url': 'https://i.ytimg.com/vi/KQQJN_YUYAQ/sddefault.jpg', 'width': 640, 'height': 480}, 'maxres': {'url': 'https://i.ytimg.com/vi/KQQJN_YUYAQ/maxresdefault.jpg', 'width': 1280, 'height': 720}}",Scott's Bass Lessons,"['bass guitar', 'bass lesson', 'bass lessons', 'beginner', 'beginner bass lesson', 'beginner bass lessons', 'beginners', 'electric bass', 'sbl', 'scott devine', ""scott's bass lessons"", 'scotts bass lessons', 'scottsbasslessons']",10,none,en,"{'title': 'What if one program could solve all of your bass troubles?', 'description': ""🚀 Get 1-1 Bass Coaching (enrollment open now!): http://thesblblueprint.com/\n🔥 Try the SBL Bass Academy FREE for 14 Days: https://sbl.link/join-sbl\n\nFor the past three years, the Blueprint has quietly been helping bass players work through the same hurdles we all face. In this episode, Scott and Ian bring on the coaches who’ve been working one-on-one with students every week to talk about what the program’s really like, the common problems that keep showing up, and how players move past them. If you’ve ever felt stuck on your bass journey, this one’s for you.\n\n===\n\nVideo Breakdown:\n\n00:00:00 - Introduction\n00:02:13 - Simon King (Head of Coaching)\n00:06:13 - Keith Peberdy (Coach)\n00:12:49 - Jim Moore (Head of Program)\n00:13:46 - The Development of the Program\n00:16:00 - Assessments\n00:19:00 - The Pillars & Onboarding Process\n00:21:30 - Awareness of Problem Areas\n00:24:40 - Common Problems\n00:29:20 - Pressure\n00:33:45 - Dedication\n00:36:00 - Group Learning & The Blueprint Live\n00:37:25 - Awareness of Problem Areas (continued)\n00:45:00 - How much time does the program take?\n00:49:55 - Identifying the Spark \n00:52:54 - Masterclasses\n00:58:33 - Blueprint Live\n01:01:00 - Community\n01:02:25 - Before & After\n01:04:00 - Final Thoughts\n\n===\n\nGET MORE BASS TIPS 👇\n_________________________________________________________________\n🙌 Be the first to know - SUBSCRIBE now → https://bit.ly/sub-to-sbl-yt\n🎧 Tune in to our Weekly PODCAST → https://sblpodcast.buzzsprout.com/share\n📱 Try our free GrooveTrainer APP → https://scottsbasslessons.com/groove-trainer-app \n\n\nABOUT SCOTT'S BASS LESSONS (SBL)\n_________________________________________________________________\nAs the largest online bass education platform in the world, with an ever-expanding course library and 40,000+ active members, Scott's Bass Lessons (SBL) has everything you need to master the bass, all in one place. \n\nWith beginner-friendly bass lessons, interactive courses led by industry experts, structured learning paths, personalized feedback, real-time mentorship from top bassists, and a vibrant, supportive community, SBL is the ultimate destination to enhance your bass playing—whether you're starting out or already a professional.\n\nTry SBL Membership today! → https://sbl.link/join-sbl\n\n\nRECOMMENDED BASS PLAYLIST\n_________________________________________________________________\nCatch up with SBL Content you've missed:\n➡️ https://youtube.com/playlist?list=PLq5Wss5r1Cvvplt7z7O45JHk2TaJ3NT53  \n\n#bassguitarlessons #bassforbeginners #easybasslines""}",en-US,
UlcWLU1o_yI,2026-08-31,3495,142381,4750,0,682,PT58M15S,2d,hd,False,False,{},rectangular,2025-08-26T15:00:50Z,UCWTj3vCqkQIsrTGSm4kM34g,MXR Bass Synth: The Bass Pedal that BROKE the internet,"🔥 Try the SBL Bass Academy FREE for 14 Days: https://sbl.link/join-sbl
🚀 Get 1-1 Bass Coaching (enrollment open now!): https://sbl.link/the-blueprint

What happens when you’re not just handed a brand-new bass pedal, but asked to help design the sounds inside it? That’s where Ian found himself with the MXR Synth Pedal. In this episode, he and Sharon finally spill the story - from the first prototype that blew him away, to the sounds he programmed, and why this pedal left every other synth in the dust.
===

Video Breakdown:

00:00 - Introduction
04:41 - The Dunlop Team
05:30 - Tracking & Latency
08:30 - Will Birckhead & Andrew Gouche
09:20 - The Controls / Product Design
12:32 - The Release
17:00 - Green 1
25:50 - Green 2
29:50 - Green 3
33:00 - Green 4
36:00 - Red 1
38:30 - Red 2
43:00 - Red 3
44:30 - Red 4
47:00 - Playing Synth Bass
50:00 - The Prototype
53:00 - Final Thoughts

===

GET MORE BASS TIPS 👇
_________________________________________________________________
🙌 Be the first to know - SUBSCRIBE now → https://bit.ly/sub-to-sbl-yt
🎧 Tune in to our Weekly PODCAST → https://sblpodcast.buzzsprout.com/share
📱 Try our free GrooveTrainer APP → https://scottsbasslessons.com/groove-trainer-app 


ABOUT SCOTT'S BASS LESSONS (SBL)
_________________________________________________________________
As the largest online bass education platform in the world, with an ever-expanding course library and 40,000+ active members, Scott's Bass Lessons (SBL) has everything you need to master the bass, all in one place. 

With beginner-friendly bass lessons, interactive courses led by industry experts, structured learning paths, personalized feedback, real-time mentorship from top bassists, and a vibrant, supportive community, SBL is the ultimate destination to enhance your bass playing—whether you're starting out or already a professional.

Try SBL Membership today! → https://sbl.link/join-sbl


RECOMMENDED BASS PLAYLIST
_________________________________________________________________
Catch up with SBL Content you've missed:
➡️ https://youtube.com/playlist?list=PLq5Wss5r1Cvvplt7z7O45JHk2TaJ3NT53  

#bassguitarlessons #bassforbeginners #easybasslines","{'default': {'url': 'https://i.ytimg.com/vi/UlcWLU1o_yI/default.jpg', 'width': 120, 'height': 90}, 'medium': {'url': 'https://i.ytimg.com/vi/UlcWLU1o_yI/mqdefault.jpg', 'width': 320, 'height': 180}, 'high': {'url': 'https://i.ytimg.com/vi/UlcWLU1o_yI/hqdefault.jpg', 'width': 480, 'height': 360}, 'standard': {'url': 'https://i.ytimg.com/vi/UlcWLU1o_yI/sddefault.jpg', 'width': 640, 'height': 480}, 'maxres': {'url': 'https://i.ytimg.com/vi/UlcWLU1o_yI/maxresdefault.jpg', 'width': 1280, 'height': 720}}",Scott's Bass Lessons,"['bass guitar', 'bass lesson', 'bass lessons', 'beginner', 'beginner bass lesson', 'beginner bass lessons', 'beginners', 'electric bass', 'sbl', 'scott devine', ""scott's bass lessons"", 'scotts bass lessons', 'scottsbasslessons']",10,none,en,"{'title': 'MXR Bass Synth: The Bass Pedal that BROKE the internet', 'description': ""🔥 Try the SBL Bass Academy FREE for 14 Days: https://sbl.link/join-sbl\n🚀 Get 1-1 Bass Coaching (enrollment open now!): https://sbl.link/the-blueprint\n\nWhat happens when you’re not just handed a brand-new bass pedal, but asked to help design the sounds inside it? That’s where Ian found himself with the MXR Synth Pedal. In this episode, he and Sharon finally spill the story - from the first prototype that blew him away, to the sounds he programmed, and why this pedal left every other synth in the dust.\n===\n\nVideo Breakdown:\n\n00:00 - Introduction\n04:41 - The Dunlop Team\n05:30 - Tracking & Latency\n08:30 - Will Birckhead & Andrew Gouche\n09:20 - The Controls / Product Design\n12:32 - The Release\n17:00 - Green 1\n25:50 - Green 2\n29:50 - Green 3\n33:00 - Green 4\n36:00 - Red 1\n38:30 - Red 2\n43:00 - Red 3\n44:30 - Red 4\n47:00 - Playing Synth Bass\n50:00 - The Prototype\n53:00 - Final Thoughts\n\n===\n\nGET MORE BASS TIPS 👇\n_________________________________________________________________\n🙌 Be the first to know - SUBSCRIBE now → https://bit.ly/sub-to-sbl-yt\n🎧 Tune in to our Weekly PODCAST → https://sblpodcast.buzzsprout.com/share\n📱 Try our free GrooveTrainer APP → https://scottsbasslessons.com/groove-trainer-app \n\n\nABOUT SCOTT'S BASS LESSONS (SBL)\n_________________________________________________________________\nAs the largest online bass education platform in the world, with an ever-expanding course library and 40,000+ active members, Scott's Bass Lessons (SBL) has everything you need to master the bass, all in one place. \n\nWith beginner-friendly bass lessons, interactive courses led by industry experts, structured learning paths, personalized feedback, real-time mentorship from top bassists, and a vibrant, supportive community, SBL is the ultimate destination to enhance your bass playing—whether you're starting out or already a professional.\n\nTry SBL Membership today! → https://sbl.link/join-sbl\n\n\nRECOMMENDED BASS PLAYLIST\n_________________________________________________________________\nCatch up with SBL Content you've missed:\n➡️ https://youtube.com/playlist?list=PLq5Wss5r1Cvvplt7z7O45JHk2TaJ3NT53  \n\n#bassguitarlessons #bassforbeginners #easybasslines""}",en-US,{'blocked': ['RU']}
PQk1VondNws,2026-08-31,406,121874,7090,0,483,PT6M46S,2d,hd,False,False,{},rectangular,2025-08-29T15:00:49Z,UCWTj3vCqkQIsrTGSm4kM34g,Danny Sapko Learns Spinal Tap As Fast As Possible,"👉 Grab the FREE Tab & Notation here: https://sbl.link/4mF8Npn
🔥 Try the SBL Bass Academy FREE for 14 Days: https://sbl.link/join-sbl
🚀 Get 1-1 Bass Coaching (enrollment open now!): https://sbl.link/the-blueprint

===

Video Breakdown:

00:00 - Introduction
00:48 - First Listen (Stonehenge - Spinal Tap Feat. Elton John)
02:22 - Relative Pitch
02:50 - Figuring It Out
03:40 - Placing The Dipstick Lick
04:00 - Final Tehk
05:58 - How to Dipstick
06:30 - Outtakes

===

GET MORE BASS TIPS 👇
_________________________________________________________________
🙌 Be the first to know - SUBSCRIBE now → https://bit.ly/sub-to-sbl-yt
🎧 Tune in to our Weekly PODCAST → https://sblpodcast.buzzsprout.com/share
📱 Try our free GrooveTrainer APP → https://scottsbasslessons.com/groove-trainer-app 


ABOUT SCOTT'S BASS LESSONS (SBL)
_________________________________________________________________
As the largest online bass education platform in the world, with an ever-expanding course library and 40,000+ active members, Scott's Bass Lessons (SBL) has everything you need to master the bass, all in one place. 

With beginner-friendly bass lessons, interactive courses led by industry experts, structured learning paths, personalized feedback, real-time mentorship from top bassists, and a vibrant, supportive community, SBL is the ultimate destination to enhance your bass playing—whether you're starting out or already a professional.

Try SBL Membership today! → https://sbl.link/join-sbl


RECOMMENDED BASS PLAYLIST
_________________________________________________________________
Catch up with SBL Content you've missed:
➡️ https://youtube.com/playlist?list=PLq5Wss5r1Cvvplt7z7O45JHk2TaJ3NT53  

#bassguitarlessons #bassforbeginners #easybasslines","{'default': {'url': 'https://i.ytimg.com/vi/PQk1VondNws/default.jpg', 'width': 120, 'height': 90}, 'medium': {'url': 'https://i.ytimg.com/vi/PQk1VondNws/mqdefault.jpg', 'width': 320, 'height': 180}, 'high': {'url': 'https://i.ytimg.com/vi/PQk1VondNws/hqdefault.jpg', 'width': 480, 'height': 360}, 'standard': {'url': 'https://i.ytimg.com/vi/PQk1VondNws/sddefault.jpg', 'width': 640, 'height': 480}, 'maxres': {'url': 'https://i.ytimg.com/vi/PQk1VondNws/maxresdefault.jpg', 'width': 1280, 'height': 720}}",Scott's Bass Lessons,"['bass guitar', 'bass lesson', 'bass lessons', 'beginner', 'beginner bass lesson', 'beginner bass lessons', 'beginners', 'electric bass', 'sbl', 'scott devine', ""scott's bass lessons"", 'scotts bass lessons', 'scottsbasslessons']",10,none,en,"{'title': 'Danny Sapko Learns Spinal Tap As Fast As Possible', 'description': ""👉 Grab the FREE Tab & Notation here: https://sbl.link/4mF8Npn\n🔥 Try the SBL Bass Academy FREE for 14 Days: https://sbl.link/join-sbl\n🚀 Get 1-1 Bass Coaching (enrollment open now!): https://sbl.link/the-blueprint\n\n===\n\nVideo Breakdown:\n\n00:00 - Introduction\n00:48 - First Listen (Stonehenge - Spinal Tap Feat. Elton John)\n02:22 - Relative Pitch\n02:50 - Figuring It Out\n03:40 - Placing The Dipstick Lick\n04:00 - Final Tehk\n05:58 - How to Dipstick\n06:30 - Outtakes\n\n===\n\nGET MORE BASS TIPS 👇\n_________________________________________________________________\n🙌 Be the first to know - SUBSCRIBE now → https://bit.ly/sub-to-sbl-yt\n🎧 Tune in to our Weekly PODCAST → https://sblpodcast.buzzsprout.com/share\n📱 Try our free GrooveTrainer APP → https://scottsbasslessons.com/groove-trainer-app \n\n\nABOUT SCOTT'S BASS LESSONS (SBL)\n_________________________________________________________________\nAs the largest online bass education platform in the world, with an ever-expanding course library and 40,000+ active members, Scott's Bass Lessons (SBL) has everything you need to master the bass, all in one place. \n\nWith beginner-friendly bass lessons, interactive courses led by industry experts, structured learning paths, personalized feedback, real-time mentorship from top bassists, and a vibrant, supportive community, SBL is the ultimate destination to enhance your bass playing—whether you're starting out or already a professional.\n\nTry SBL Membership today! → https://sbl.link/join-sbl\n\n\nRECOMMENDED BASS PLAYLIST\n_________________________________________________________________\nCatch up with SBL Content you've missed:\n➡️ https://youtube.com/playlist?list=PLq5Wss5r1Cvvplt7z7O45JHk2TaJ3NT53  \n\n#bassguitarlessons #bassforbeginners #easybasslines""}",en-US,"{'blocked': ['BY', 'RU']}"
OnUp-0ZDiDQ,2026-09-01,611,92182,2574,0,453,PT10M11S,2d,hd,False,True,{},rectangular,2025-07-25T15:31:26Z,UCWTj3vCqkQIsrTGSm4kM34g,"Cooler than a Jazz Bass? Actually, maybe.","FREE Slap Bass Workshop – Choose Your Time Slot Below!
Join Ian Martin Allison and myself for a 90-minute live session where you’ll decode the slap bass styles of Flea, Marcus Miller, and Larry Graham.

Pick the time that works best for you:

✅ Monday, July 28 @ 3pm UK / 10am EDT / 7am PDT
👉 https://sbl.link/monday-slap-bass-workshop

✅ Tuesday, July 29 @ 8pm UK / 3pm EDT / 12pm PDT
👉 https://sbl.link/tuesday-slap-bass-workshop

*SAME session, two options* — grab your seat and get ready to groove.


GET MORE BASS TIPS 👇
_________________________________________________________________
🙌 Be the first to know - SUBSCRIBE now → https://bit.ly/sub-to-sbl-yt
🎧 Tune in to our Weekly PODCAST → https://sblpodcast.buzzsprout.com/share
📱 Try our free GrooveTrainer APP → https://scottsbasslessons.com/groove-trainer-app 


ABOUT SCOTT’S BASS LESSONS (SBL)
_________________________________________________________________
As the largest online bass education platform in the world, with an ever-expanding course library and 40,000+ active members, Scott’s Bass Lessons (SBL) has everything you need to master the bass, all in one place. 

With beginner-friendly bass lessons, interactive courses led by industry experts, structured learning paths, personalized feedback, real-time mentorship from top bassists, and a vibrant, supportive community, SBL is the ultimate destination to enhance your bass playing—whether you're starting out or already a professional.

Try SBL Membership today! → https://sbl.link/join-sbl


RECOMMENDED BASS PLAYLIST
_________________________________________________________________
Catch up with SBL Content you’ve missed:
➡️ https://youtube.com/playlist?list=PLq5Wss5r1Cvvplt7z7O45JHk2TaJ3NT53  

#bassguitarlessons #bassforbeginners #easybasslines","{'default': {'url': 'https://i.ytimg.com/vi/OnUp-0ZDiDQ/default.jpg', 'width': 120, 'height': 90}, 'medium': {'url': 'https://i.ytimg.com/vi/OnUp-0ZDiDQ/mqdefault.jpg', 'width': 320, 'height': 180}, 'high': {'url': 'https://i.ytimg.com/vi/OnUp-0ZDiDQ/hqdefault.jpg', 'width': 480, 'height': 360}, 'standard': {'url': 'https://i.ytimg.com/vi/OnUp-0ZDiDQ/sddefault.jpg', 'width': 640, 'height': 480}, 'maxres': {'url': 'https://i.ytimg.com/vi/OnUp-0ZDiDQ/maxresdefault.jpg', 'width': 1280, 'height': 720}}",Scott's Bass Lessons,"['scott devine', 'bass lessons', 'bass guitar', 'beginner', 'beginners', 'scottsbasslessons', 'scotts bass lessons', 'sbl', 'electric bass', 'bass lesson', 'beginner bass lesson', 'beginner bass lessons']",10,none,en,"{'title': 'Cooler than a Jazz Bass? Actually, maybe.', 'description': ""FREE Slap Bass Workshop – Choose Your Time Slot Below!\nJoin Ian Martin Allison and myself for a 90-minute live session where you’ll decode the slap bass styles of Flea, Marcus Miller, and Larry Graham.\n\nPick the time that works best for you:\n\n✅ Monday, July 28 @ 3pm UK / 10am EDT / 7am PDT\n👉 https://sbl.link/monday-slap-bass-workshop\n\n✅ Tuesday, July 29 @ 8pm UK / 3pm EDT / 12pm PDT\n👉 https://sbl.link/tuesday-slap-bass-workshop\n\n*SAME session, two options* — grab your seat and get ready to groove.\n\n\nGET MORE BASS TIPS 👇\n_________________________________________________________________\n🙌 Be the first to know - SUBSCRIBE now → https://bit.ly/sub-to-sbl-yt\n🎧 Tune in to our Weekly PODCAST → https://sblpodcast.buzzsprout.com/share\n📱 Try our free GrooveTrainer APP → https://scottsbasslessons.com/groove-trainer-app \n\n\nABOUT SCOTT’S BASS LESSONS (SBL)\n_________________________________________________________________\nAs the largest online bass education platform in the world, with an ever-expanding course library and 40,000+ active members, Scott’s Bass Lessons (SBL) has everything you need to master the bass, all in one place. \n\nWith beginner-friendly bass lessons, interactive courses led by industry experts, structured learning paths, personalized feedback, real-time mentorship from top bassists, and a vibrant, supportive community, SBL is the ultimate destination to enhance your bass playing—whether you're starting out or already a professional.\n\nTry SBL Membership today! → https://sbl.link/join-sbl\n\n\nRECOMMENDED BASS PLAYLIST\n_________________________________________________________________\nCatch up with SBL Content you’ve missed:\n➡️ https://youtube.com/playlist?list=PLq5Wss5r1Cvvplt7z7O45JHk2TaJ3NT53  \n\n#bassguitarlessons #bassforbeginners #easybasslines""}",en,
5UmZlya3AY8,2026-09-01,1029,165168,5429,0,469,PT17M9S,2d,hd,False,True,{},rectangular,2025-07-28T10:37:00Z,UCWTj3vCqkQIsrTGSm4kM34g,responding to the Victor Wooten video,,"{'default': {'url': 'https://i.ytimg.com/vi/5UmZlya3AY8/default.jpg', 'width': 120, 'height': 90}, 'medium': {'url': 'https://i.ytimg.com/vi/5UmZlya3AY8/mqdefault.jpg', 'width': 320, 'height': 180}, 'high': {'url': 'https://i.ytimg.com/vi/5UmZlya3AY8/hqdefault.jpg', 'width': 480, 'height': 360}, 'standard': {'url': 'https://i.ytimg.com/vi/5UmZlya3AY8/sddefault.jpg', 'width': 640, 'height': 480}, 'maxres': {'url': 'https://i.ytimg.com/vi/5UmZlya3AY8/maxresdefault.jpg', 'width': 1280, 'height': 720}}",Scott's Bass Lessons,"['scott devine', 'bass lessons', 'bass guitar', 'beginner', 'beginners', 'scottsbasslessons', 'scotts bass lessons', 'sbl', 'electric bass', 'bass lesson', 'beginner bass lesson', 'beginner bass lessons']",10,none,en,"{'title': 'responding to the Victor Wooten video', 'description': ''}",en,
-8nWeVXyXNk,2026-09-01,855,25157,932,0,90,PT14M15S,2d,hd,False,True,{},rectangular,2025-07-30T15:00:00Z,UCWTj3vCqkQIsrTGSm4kM34g,How does Victor Wooten do THIS??,"🎸 The Slap Accelerator is now OPEN for enrollment! Claim your spot before it closes to get your $100 discount + FREE bonuses → https://sbl.link/3IQanpq

🔥 Try the SBL Bass Academy FREE for 14 Days: https://sbl.link/join-sbl
🚀 Get 1-1 Bass Coaching (enrollment open now!): https://sbl.link/the-blueprint

===

Double thumb used to be my worst nightmare—until Ian dropped a course that made it look way too fun to ignore. In this video, I break down how I finally got it together, plus a slap riff to help you do the same. If you’ve ever struggled with this technique, you’re in good company!

===

00:00 - Introduction
01:43 - The Slap Accelerator
02:25 - The Basics
03:55 - Exercise 1
08:00 - The Riff Breakdown
12:00 - My Slap Bass Journey
12:40 - Final Thoughts

GET MORE BASS TIPS 👇
_________________________________________________________________
🙌 Be the first to know - SUBSCRIBE now → https://bit.ly/sub-to-sbl-yt
🎧 Tune in to our Weekly PODCAST → https://sblpodcast.buzzsprout.com/share
📱 Try our free GrooveTrainer APP → https://scottsbasslessons.com/groove-trainer-app 

ABOUT SCOTT’S BASS LESSONS (SBL)
_________________________________________________________________
As the largest online bass education platform in the world, with an ever-expanding course library and 40,000+ active members, Scott’s Bass Lessons (SBL) has everything you need to master the bass, all in one place. 

With beginner-friendly bass lessons, interactive courses led by industry experts, structured learning paths, personalized feedback, real-time mentorship from top bassists, and a vibrant, supportive community, SBL is the ultimate destination to enhance your bass playing—whether you're starting out or already a professional.

Try SBL Membership today! → https://sbl.link/join-sbl


RECOMMENDED BASS PLAYLIST
_________________________________________________________________
Catch up with SBL Content you’ve missed:
➡️ https://youtube.com/playlist?list=PLq5Wss5r1Cvvplt7z7O45JHk2TaJ3NT53  

#bassguitarlessons #bassforbeginners #easybasslines","{'default': {'url': 'https://i.ytimg.com/vi/-8nWeVXyXNk/default.jpg', 'width': 120, 'height': 90}, 'medium': {'url': 'https://i.ytimg.com/vi/-8nWeVXyXNk/mqdefault.jpg', 'width': 320, 'height': 180}, 'high': {'url': 'https://i.ytimg.com/vi/-8nWeVXyXNk/hqdefault.jpg', 'width': 480, 'height': 360}, 'standard': {'url': 'https://i.ytimg.com/vi/-8nWeVXyXNk/sddefault.jpg', 'width': 640, 'height': 480}, 'maxres': {'url': 'https://i.ytimg.com/vi/-8nWeVXyXNk/maxresdefault.jpg', 'width': 1280, 'height': 720}}",Scott's Bass Lessons,"['scott devine', 'bass lessons', 'bass guitar', 'beginner', 'beginners', 'scottsbasslessons', 'scotts bass lessons', 'sbl', 'electric bass', 'bass lesson', 'beginner bass lesson', 'beginner bass lessons']",10,none,en,"{'title': 'How does Victor Wooten do THIS??', 'description': ""🎸 The Slap Accelerator is now OPEN for enrollment! Claim your spot before it closes to get your $100 discount + FREE bonuses → https://sbl.link/3IQanpq\n\n🔥 Try the SBL Bass Academy FREE for 14 Days: https://sbl.link/join-sbl\n🚀 Get 1-1 Bass Coaching (enrollment open now!): https://sbl.link/the-blueprint\n\n===\n\nDouble thumb used to be my worst nightmare—until Ian dropped a course that made it look way too fun to ignore. In this video, I break down how I finally got it together, plus a slap riff to help you do the same. If you’ve ever struggled with this technique, you’re in good company!\n\n===\n\n00:00 - Introduction\n01:43 - The Slap Accelerator\n02:25 - The Basics\n03:55 - Exercise 1\n08:00 - The Riff Breakdown\n12:00 - My Slap Bass Journey\n12:40 - Final Thoughts\n\nGET MORE BASS TIPS 👇\n_________________________________________________________________\n🙌 Be the first to know - SUBSCRIBE now → https://bit.ly/sub-to-sbl-yt\n🎧 Tune in to our Weekly PODCAST → https://sblpodcast.buzzsprout.com/share\n📱 Try our free GrooveTrainer APP → https://scottsbasslessons.com/groove-trainer-app \n\nABOUT SCOTT’S BASS LESSONS (SBL)\n_________________________________________________________________\nAs the largest online bass education platform in the world, with an ever-expanding course library and 40,000+ active members, Scott’s Bass Lessons (SBL) has everything you need to master the bass, all in one place. \n\nWith beginner-friendly bass lessons, interactive courses led by industry experts, structured learning paths, personalized feedback, real-time mentorship from top bassists, and a vibrant, supportive community, SBL is the ultimate destination to enhance your bass playing—whether you're starting out or already a professional.\n\nTry SBL Membership today! → https://sbl.link/join-sbl\n\n\nRECOMMENDED BASS PLAYLIST\n_________________________________________________________________\nCatch up with SBL Content you’ve missed:\n➡️ https://youtube.com/playlist?list=PLq5Wss5r1Cvvplt7z7O45JHk2TaJ3NT53  \n\n#bassguitarlessons #bassforbeginners #easybasslines""}",en,
X9f7LIhEXN8,2026-09-01,829,31389,945,0,104,PT13M49S,2d,hd,False,True,{},rectangular,2025-08-01T15:00:58Z,UCWTj3vCqkQIsrTGSm4kM34g,Mark Kings’ (Level 42) GREATEST bass line ever,"🎸 The Slap Accelerator is now OPEN for enrollment! Claim your spot before it closes to get your $100 discount + FREE bonuses → https://sbl.link/3IQanpq

👉 Grab the FREE Tab & Notation here: https://sbl.link/45eTA6C
🔥 Try the SBL Bass Academy FREE for 14 Days: https://sbl.link/join-sbl
🚀 Get 1-1 Bass Coaching (enrollment open now!): https://sbl.link/the-blueprint

===

===

00:00 - Introduction
01:00 - The Fretting Hand Slap
01:29 - Fretting Hand Slap Exercise
02:02 - The Main Riff Pt. 1
04:15 - The Main Riff Pt. 2
07:40 - The Main Riff Pt. 3
08:37 - The Repeat
09:49 - Slow Version
10:21 - How To Approach The Bass Line

GET MORE BASS TIPS 👇
_________________________________________________________________
🙌 Be the first to know - SUBSCRIBE now → https://bit.ly/sub-to-sbl-yt
🎧 Tune in to our Weekly PODCAST → https://sblpodcast.buzzsprout.com/share
📱 Try our free GrooveTrainer APP → https://scottsbasslessons.com/groove-trainer-app 

ABOUT SCOTT’S BASS LESSONS (SBL)
_________________________________________________________________
As the largest online bass education platform in the world, with an ever-expanding course library and 40,000+ active members, Scott’s Bass Lessons (SBL) has everything you need to master the bass, all in one place. 

With beginner-friendly bass lessons, interactive courses led by industry experts, structured learning paths, personalized feedback, real-time mentorship from top bassists, and a vibrant, supportive community, SBL is the ultimate destination to enhance your bass playing—whether you're starting out or already a professional.

Try SBL Membership today! → https://sbl.link/join-sbl

RECOMMENDED BASS PLAYLIST
_________________________________________________________________
Catch up with SBL Content you’ve missed:
➡️ https://youtube.com/playlist?list=PLq5Wss5r1Cvvplt7z7O45JHk2TaJ3NT53  

#bassguitarlessons #bassforbeginners #easybasslines","{'default': {'url': 'https://i.ytimg.com/vi/X9f7LIhEXN8/default.jpg', 'width': 120, 'height': 90}, 'medium': {'url': 'https://i.ytimg.com/vi/X9f7LIhEXN8/mqdefault.jpg', 'width': 320, 'height': 180}, 'high': {'url': 'https://i.ytimg.com/vi/X9f7LIhEXN8/hqdefault.jpg', 'width': 480, 'height': 360}, 'standard': {'url': 'https://i.ytimg.com/vi/X9f7LIhEXN8/sddefault.jpg', 'width': 640, 'height': 480}, 'maxres': {'url': 'https://i.ytimg.com/vi/X9f7LIhEXN8/maxresdefault.jpg', 'width': 1280, 'height': 720}}",Scott's Bass Lessons,"['scott devine', 'bass lessons', 'bass guitar', 'beginner', 'beginners', 'scottsbasslessons', 'scotts bass lessons', 'sbl', 'electric bass', 'bass lesson', 'beginner bass lesson', 'beginner bass lessons']",10,none,en,"{'title': 'Mark Kings’ (Level 42) GREATEST bass line ever', 'description': ""🎸 The Slap Accelerator is now OPEN for enrollment! Claim your spot before it closes to get your $100 discount + FREE bonuses → https://sbl.link/3IQanpq\n\n👉 Grab the FREE Tab & Notation here: https://sbl.link/45eTA6C\n🔥 Try the SBL Bass Academy FREE for 14 Days: https://sbl.link/join-sbl\n🚀 Get 1-1 Bass Coaching (enrollment open now!): https://sbl.link/the-blueprint\n\n===\n\n===\n\n00:00 - Introduction\n01:00 - The Fretting Hand Slap\n01:29 - Fretting Hand Slap Exercise\n02:02 - The Main Riff Pt. 1\n04:15 - The Main Riff Pt. 2\n07:40 - The Main Riff Pt. 3\n08:37 - The Repeat\n09:49 - Slow Version\n10:21 - How To Approach The Bass Line\n\nGET MORE BASS TIPS 👇\n_________________________________________________________________\n🙌 Be the first to know - SUBSCRIBE now → https://bit.ly/sub-to-sbl-yt\n🎧 Tune in to our Weekly PODCAST → https://sblpodcast.buzzsprout.com/share\n📱 Try our free GrooveTrainer APP → https://scottsbasslessons.com/groove-trainer-app \n\nABOUT SCOTT’S BASS LESSONS (SBL)\n_________________________________________________________________\nAs the largest online bass education platform in the world, with an ever-expanding course library and 40,000+ active members, Scott’s Bass Lessons (SBL) has everything you need to master the bass, all in one place. \n\nWith beginner-friendly bass lessons, interactive courses led by industry experts, structured learning paths, personalized feedback, real-time mentorship from top bassists, and a vibrant, supportive community, SBL is the ultimate destination to enhance your bass playing—whether you're starting out or already a professional.\n\nTry SBL Membership today! → https://sbl.link/join-sbl\n\nRECOMMENDED BASS PLAYLIST\n_________________________________________________________________\nCatch up with SBL Content you’ve missed:\n➡️ https://youtube.com/playlist?list=PLq5Wss5r1Cvvplt7z7O45JHk2TaJ3NT53  \n\n#bassguitarlessons #bassforbeginners #easybasslines""}",en,
4ervOxAR1xc,2026-09-01,3558,30061,974,0,254,PT59M18S,2d,hd,False,True,{},rectangular,2025-08-04T15:00:07Z,UCWTj3vCqkQIsrTGSm4kM34g,Travel DISASTER? (6 pro-level travel hacks so you don’t have one),"🎸 The Slap Accelerator is OPEN for enrollment! One day left to sign up! → https://sbl.link/4lTQ9JS
🔥 Try the SBL Bass Academy FREE for 14 Days: https://sbl.link/join-sbl
🚀 Get 1-1 Bass Coaching (enrollment open now!): https://sbl.link/the-blueprint

Ian and Sharon swap travel horror stories and share their biggest lessons from years of touring and bass travel. From packing light to gate check debates, things get real (and occasionally frustrating). Expect strong opinions, a few surprises, and plenty of what not to do next time you fly.

===

Video Breakdown:

00:00 - Introduction  
03:30 - Travelling Light  
06:22 - Janek Gwizdala  
08:45 - Carry On VS. Gate Check  
21:16 - 1 - Do Not Fight  
25:18 - 2 - Case Recommendations  
26:42 - 3 - Smart Packing  
32:03 - Travelling with Multiple Basses  
33:53 - 4 - String Prep  
35:18 - Horror Stories  
40:48 - 5 - Small Pedal Board & Bag  
41:59 - Ian Almost Getting Cancelled  
55:05 - 6 - Sneaky Air Tag  

===

GET MORE BASS TIPS 👇
_________________________________________________________________
🙌 Be the first to know - SUBSCRIBE now → https://bit.ly/sub-to-sbl-yt
🎧 Tune in to our Weekly PODCAST → https://sblpodcast.buzzsprout.com/share
📱 Try our free GrooveTrainer APP → https://scottsbasslessons.com/groove-trainer-app 


ABOUT SCOTT'S BASS LESSONS (SBL)
_________________________________________________________________
As the largest online bass education platform in the world, with an ever-expanding course library and 40,000+ active members, Scott's Bass Lessons (SBL) has everything you need to master the bass, all in one place. 

With beginner-friendly bass lessons, interactive courses led by industry experts, structured learning paths, personalized feedback, real-time mentorship from top bassists, and a vibrant, supportive community, SBL is the ultimate destination to enhance your bass playing—whether you're starting out or already a professional.

Try SBL Membership today! → https://sbl.link/join-sbl


RECOMMENDED BASS PLAYLIST
_________________________________________________________________
Catch up with SBL Content you've missed:
➡️ https://youtube.com/playlist?list=PLq5Wss5r1Cvvplt7z7O45JHk2TaJ3NT53  

#bassguitarlessons #bassforbeginners #easybasslines","{'default': {'url': 'https://i.ytimg.com/vi/4ervOxAR1xc/default.jpg', 'width': 120, 'height': 90}, 'medium': {'url': 'https://i.ytimg.com/vi/4ervOxAR1xc/mqdefault.jpg', 'width': 320, 'height': 180}, 'high': {'url': 'https://i.ytimg.com/vi/4ervOxAR1xc/hqdefault.jpg', 'width': 480, 'height': 360}, 'standard': {'url': 'https://i.ytimg.com/vi/4ervOxAR1xc/sddefault.jpg', 'width': 640, 'height': 480}, 'maxres': {'url': 'https://i.ytimg.com/vi/4ervOxAR1xc/maxresdefault.jpg', 'width': 1280, 'height': 720}}",Scott's Bass Lessons,"['bass guitar', 'bass lesson', 'bass lessons', 'beginner', 'beginner bass lesson', 'beginner bass lessons', 'beginners', 'electric bass', 'sbl', 'scott devine', ""scott's bass lessons"", 'scotts bass lessons', 'scottsbasslessons']",10,none,en,"{'title': 'Travel DISASTER? (6 pro-level travel hacks so you don’t have one)', 'description': ""🎸 The Slap Accelerator is OPEN for enrollment! One day left to sign up! → https://sbl.link/4lTQ9JS\n🔥 Try the SBL Bass Academy FREE for 14 Days: https://sbl.link/join-sbl\n🚀 Get 1-1 Bass Coaching (enrollment open now!): https://sbl.link/the-blueprint\n\nIan and Sharon swap travel horror stories and share their biggest lessons from years of touring and bass travel. From packing light to gate check debates, things get real (and occasionally frustrating). Expect strong opinions, a few surprises, and plenty of what not to do next time you fly.\n\n===\n\nVideo Breakdown:\n\n00:00 - Introduction  \n03:30 - Travelling Light  \n06:22 - Janek Gwizdala  \n08:45 - Carry On VS. Gate Check  \n21:16 - 1 - Do Not Fight  \n25:18 - 2 - Case Recommendations  \n26:42 - 3 - Smart Packing  \n32:03 - Travelling with Multiple Basses  \n33:53 - 4 - String Prep  \n35:18 - Horror Stories  \n40:48 - 5 - Small Pedal Board & Bag  \n41:59 - Ian Almost Getting Cancelled  \n55:05 - 6 - Sneaky Air Tag  \n\n===\n\nGET MORE BASS TIPS 👇\n_________________________________________________________________\n🙌 Be the first to know - SUBSCRIBE now → https://bit.ly/sub-to-sbl-yt\n🎧 Tune in to our Weekly PODCAST → https://sblpodcast.buzzsprout.com/share\n📱 Try our free GrooveTrainer APP → https://scottsbasslessons.com/groove-trainer-app \n\n\nABOUT SCOTT'S BASS LESSONS (SBL)\n_________________________________________________________________\nAs the largest online bass education platform in the world, with an ever-expanding course library and 40,000+ active members, Scott's Bass Lessons (SBL) has everything you need to master the bass, all in one place. \n\nWith beginner-friendly bass lessons, interactive courses led by industry experts, structured learning paths, personalized feedback, real-time mentorship from top bassists, and a vibrant, supportive community, SBL is the ultimate destination to enhance your bass playing—whether you're starting out or already a professional.\n\nTry SBL Membership today! → https://sbl.link/join-sbl\n\n\nRECOMMENDED BASS PLAYLIST\n_________________________________________________________________\nCatch up with SBL Content you've missed:\n➡️ https://youtube.com/playlist?list=PLq5Wss5r1Cvvplt7z7O45JHk2TaJ3NT53  \n\n#bassguitarlessons #bassforbeginners #easybasslines""}",en-US,
99pGNiKw0-s,2026-09-01,810,76646,2429,0,400,PT13M30S,2d,hd,False,False,{},rectangular,2025-08-07T15:00:20Z,UCWTj3vCqkQIsrTGSm4kM34g,Is this the Greatest PUNK-SOUL Bass Line of 1982?,"👉 Grab the FREE Tab & Notation here: https://sbl.link/3IXdw6V
🔥 Try the SBL Bass Academy FREE for 14 Days: https://sbl.link/join-sbl
🚀 Get 1-1 Bass Coaching (enrollment open now!): https://sbl.link/the-blueprint

Punk meets Motown? In this lesson, Ian breaks down A Town Called Malice by The Jam—a bass line that’s all feel, motion, and attitude. From the jumpy, soul-inspired groove to the driving verse, there’s a lot going on under the hood. 

You’ll hear the Motown influence - but played like it’s late for a train.
Grab your bass and dig in—this one’s all about getting it in your hands and feeling it for yourself.

===

Video Breakdown:

00:00 - Introduction
00:44 - Motown Inspiration
01:22 - Intro & Chorus Riff
02:58 - Gear & Sound
06:38 - Picking Technique
08:30 - Verse
10:26 - How To Master The Feel
11:00 - Pick Technique Continued
12:40 - Wrap Up
13:05 - Outtakes

===

GET MORE BASS TIPS 👇
_________________________________________________________________
🙌 Be the first to know - SUBSCRIBE now → https://bit.ly/sub-to-sbl-yt
🎧 Tune in to our Weekly PODCAST → https://sblpodcast.buzzsprout.com/share
📱 Try our free GrooveTrainer APP → https://scottsbasslessons.com/groove-trainer-app 


ABOUT SCOTT'S BASS LESSONS (SBL)
_________________________________________________________________
As the largest online bass education platform in the world, with an ever-expanding course library and 40,000+ active members, Scott's Bass Lessons (SBL) has everything you need to master the bass, all in one place. 

With beginner-friendly bass lessons, interactive courses led by industry experts, structured learning paths, personalized feedback, real-time mentorship from top bassists, and a vibrant, supportive community, SBL is the ultimate destination to enhance your bass playing—whether you're starting out or already a professional.

Try SBL Membership today! → https://sbl.link/join-sbl


RECOMMENDED BASS PLAYLIST
_________________________________________________________________
Catch up with SBL Content you've missed:
➡️ https://youtube.com/playlist?list=PLq5Wss5r1Cvvplt7z7O45JHk2TaJ3NT53  

#bassguitarlessons #bassforbeginners #easybasslines","{'default': {'url': 'https://i.ytimg.com/vi/99pGNiKw0-s/default.jpg', 'width': 120, 'height': 90}, 'medium': {'url': 'https://i.ytimg.com/vi/99pGNiKw0-s/mqdefault.jpg', 'width': 320, 'height': 180}, 'high': {'url': 'https://i.ytimg.com/vi/99pGNiKw0-s/hqdefault.jpg', 'width': 480, 'height': 360}, 'standard': {'url': 'https://i.ytimg.com/vi/99pGNiKw0-s/sddefault.jpg', 'width': 640, 'height': 480}, 'maxres': {'url': 'https://i.ytimg.com/vi/99pGNiKw0-s/maxresdefault.jpg', 'width': 1280, 'height': 720}}",Scott's Bass Lessons,"['bass guitar', 'bass lesson', 'bass lessons', 'beginner', 'beginner bass lesson', 'beginner bass lessons', 'beginners', 'electric bass', 'sbl', 'scott devine', ""scott's bass lessons"", 'scotts bass lessons', 'scottsbasslessons']",10,none,en,"{'title': 'Is this the Greatest PUNK-SOUL Bass Line of 1982?', 'description': ""👉 Grab the FREE Tab & Notation here: https://sbl.link/3IXdw6V\n🔥 Try the SBL Bass Academy FREE for 14 Days: https://sbl.link/join-sbl\n🚀 Get 1-1 Bass Coaching (enrollment open now!): https://sbl.link/the-blueprint\n\nPunk meets Motown? In this lesson, Ian breaks down A Town Called Malice by The Jam—a bass line that’s all feel, motion, and attitude. From the jumpy, soul-inspired groove to the driving verse, there’s a lot going on under the hood. \n\nYou’ll hear the Motown influence - but played like it’s late for a train.\nGrab your bass and dig in—this one’s all about getting it in your hands and feeling it for yourself.\n\n===\n\nVideo Breakdown:\n\n00:00 - Introduction\n00:44 - Motown Inspiration\n01:22 - Intro & Chorus Riff\n02:58 - Gear & Sound\n06:38 - Picking Technique\n08:30 - Verse\n10:26 - How To Master The Feel\n11:00 - Pick Technique Continued\n12:40 - Wrap Up\n13:05 - Outtakes\n\n===\n\nGET MORE BASS TIPS 👇\n_________________________________________________________________\n🙌 Be the first to know - SUBSCRIBE now → https://bit.ly/sub-to-sbl-yt\n🎧 Tune in to our Weekly PODCAST → https://sblpodcast.buzzsprout.com/share\n📱 Try our free GrooveTrainer APP → https://scottsbasslessons.com/groove-trainer-app \n\n\nABOUT SCOTT'S BASS LESSONS (SBL)\n_________________________________________________________________\nAs the largest online bass education platform in the world, with an ever-expanding course library and 40,000+ active members, Scott's Bass Lessons (SBL) has everything you need to master the bass, all in one place. \n\nWith beginner-friendly bass lessons, interactive courses led by industry experts, structured learning paths, personalized feedback, real-time mentorship from top bassists, and a vibrant, supportive community, SBL is the ultimate destination to enhance your bass playing—whether you're starting out or already a professional.\n\nTry SBL Membership today! → https://sbl.link/join-sbl\n\n\nRECOMMENDED BASS PLAYLIST\n_________________________________________________________________\nCatch up with SBL Content you've missed:\n➡️ https://youtube.com/playlist?list=PLq5Wss5r1Cvvplt7z7O45JHk2TaJ3NT53  \n\n#bassguitarlessons #bassforbeginners #easybasslines""}",en-US,
VVMtHqlWa4k,2026-09-01,2273,42929,1344,0,134,PT37M53S,2d,hd,False,True,{},rectangular,2025-08-11T15:00:54Z,UCWTj3vCqkQIsrTGSm4kM34g,"Janek Gwizdala's Gear Confessions (Pedals, Basses and more)","🎸 Join the SBL Monthly Giveaway! → https://sbl.link/4gAF9Oj
🔥 Try the SBL Bass Academy FREE for 14 Days: https://sbl.link/join-sbl
🚀 Get 1-1 Bass Coaching (enrollment open now!): https://sbl.link/the-blueprint
💙 Follow Janek Gwizdala 👉 YT:  @janekgwizdala  | www.janekgwizdala.com

Scott sits down with Janek Gwizdala for a deep gear dive, kicking off with his go-to pedal pick for players just getting into bass effects. From there, they move through the basses, pedals, and other essentials that have earned a permanent spot in Janek’s setup. Stick around and see what made the cut.

===

Video Breakdown:

00:00 - Introduction
01:10 - Essential Bass Pedals
04:24 - Compression
05:00 - DIs
07:15 - Performance Pt. 1
08:15 - Janek’s Pedalboard Rundown
18:16 - Performance Pt. 2
19:46 - Improvisation
21:13 - Custom Mattisson Bass
23:27 - RKM Custom Bass V
27:00 - RKM Custom Bass IV
28:35 - Fender Precision Bass
29:30 - Classical Guitar Approach
33:20 - Goya Panther II
35:54 - Final Thoughts

===

GET MORE BASS TIPS 👇
_________________________________________________________________
🙌 Be the first to know - SUBSCRIBE now → https://bit.ly/sub-to-sbl-yt
🎧 Tune in to our Weekly PODCAST → https://sblpodcast.buzzsprout.com/share
📱 Try our free GrooveTrainer APP → https://scottsbasslessons.com/groove-trainer-app 


ABOUT SCOTT’S BASS LESSONS (SBL)
_________________________________________________________________
As the largest online bass education platform in the world, with an ever-expanding course library and 40,000+ active members, Scott’s Bass Lessons (SBL) has everything you need to master the bass, all in one place. 

With beginner-friendly bass lessons, interactive courses led by industry experts, structured learning paths, personalized feedback, real-time mentorship from top bassists, and a vibrant, supportive community, SBL is the ultimate destination to enhance your bass playing—whether you're starting out or already a professional.

Try SBL Membership today! → https://sbl.link/join-sbl


RECOMMENDED BASS PLAYLIST
_________________________________________________________________
Catch up with SBL Content you’ve missed:
➡️ https://youtube.com/playlist?list=PLq5Wss5r1Cvvplt7z7O45JHk2TaJ3NT53  

#bassguitarlessons #bassforbeginners #easybasslines","{'default': {'url': 'https://i.ytimg.com/vi/VVMtHqlWa4k/default.jpg', 'width': 120, 'height': 90}, 'medium': {'url': 'https://i.ytimg.com/vi/VVMtHqlWa4k/mqdefault.jpg', 'width': 320, 'height': 180}, 'high': {'url': 'https://i.ytimg.com/vi/VVMtHqlWa4k/hqdefault.jpg', 'width': 480, 'height': 360}, 'standard': {'url': 'https://i.ytimg.com/vi/VVMtHqlWa4k/sddefault.jpg', 'width': 640, 'height': 480}, 'maxres': {'url': 'https://i.ytimg.com/vi/VVMtHqlWa4k/maxresdefault.jpg', 'width': 1280, 'height': 720}}",Scott's Bass Lessons,"['scott devine', 'bass lessons', 'bass guitar', 'beginner', 'beginners', 'scottsbasslessons', 'scotts bass lessons', 'sbl', 'electric bass', 'bass lesson', 'beginner bass lesson', 'beginner bass lessons']",10,none,en,"{'title': ""Janek Gwizdala's Gear Confessions (Pedals, Basses and more)"", 'description': ""🎸 Join the SBL Monthly Giveaway! → https://sbl.link/4gAF9Oj\n🔥 Try the SBL Bass Academy FREE for 14 Days: https://sbl.link/join-sbl\n🚀 Get 1-1 Bass Coaching (enrollment open now!): https://sbl.link/the-blueprint\n💙 Follow Janek Gwizdala 👉 YT:  @janekgwizdala  | www.janekgwizdala.com\n\nScott sits down with Janek Gwizdala for a deep gear dive, kicking off with his go-to pedal pick for players just getting into bass effects. From there, they move through the basses, pedals, and other essentials that have earned a permanent spot in Janek’s setup. Stick around and see what made the cut.\n\n===\n\nVideo Breakdown:\n\n00:00 - Introduction\n01:10 - Essential Bass Pedals\n04:24 - Compression\n05:00 - DIs\n07:15 - Performance Pt. 1\n08:15 - Janek’s Pedalboard Rundown\n18:16 - Performance Pt. 2\n19:46 - Improvisation\n21:13 - Custom Mattisson Bass\n23:27 - RKM Custom Bass V\n27:00 - RKM Custom Bass IV\n28:35 - Fender Precision Bass\n29:30 - Classical Guitar Approach\n33:20 - Goya Panther II\n35:54 - Final Thoughts\n\n===\n\nGET MORE BASS TIPS 👇\n_________________________________________________________________\n🙌 Be the first to know - SUBSCRIBE now → https://bit.ly/sub-to-sbl-yt\n🎧 Tune in to our Weekly PODCAST → https://sblpodcast.buzzsprout.com/share\n📱 Try our free GrooveTrainer APP → https://scottsbasslessons.com/groove-trainer-app \n\n\nABOUT SCOTT’S BASS LESSONS (SBL)\n_________________________________________________________________\nAs the largest online bass education platform in the world, with an ever-expanding course library and 40,000+ active members, Scott’s Bass Lessons (SBL) has everything you need to master the bass, all in one place. \n\nWith beginner-friendly bass lessons, interactive courses led by industry experts, structured learning paths, personalized feedback, real-time mentorship from top bassists, and a vibrant, supportive community, SBL is the ultimate destination to enhance your bass playing—whether you're starting out or already a professional.\n\nTry SBL Membership today! → https://sbl.link/join-sbl\n\n\nRECOMMENDED BASS PLAYLIST\n_________________________________________________________________\nCatch up with SBL Content you’ve missed:\n➡️ https://youtube.com/playlist?list=PLq5Wss5r1Cvvplt7z7O45JHk2TaJ3NT53  \n\n#bassguitarlessons #bassforbeginners #easybasslines""}",en,
go6CfSD0f10,2026-09-01,1364,725931,21088,0,1271,PT22M44S,2d,hd,False,False,{},rectangular,2025-08-13T15:01:13Z,UCWTj3vCqkQIsrTGSm4kM34g,"Jazz Fusion Trio Covers The Police on the spot (ft. Hadrien Feraud, Cory Henry & Ronald Bruner Jr.)","🔥 Try the SBL Bass Academy FREE for 14 Days: https://sbl.link/join-sbl
🚀 Get 1-1 Bass Coaching (enrollment open now!): https://sbl.link/the-blueprint

What happens when Hadrien Feraud, Cory Henry, and Ronald Bruner Jr. take on a Police tune—and flip it into a brand-new arrangement on the spot? Ian and Scott watch in awe as the trio crack the harmony, lock in the groove, and bring the whole thing to life right in front of you.

===

Video Breakdown:

00:00 - Introduction
01:07 - The Track Reveal (The Police - King of Pain)
02:34 - Figuring Out The Harmony
03:25 - Finding The Groove
05:40 - Last Verse Variant
07:08 - King of Pain - Full Take
15:50 - Q&A

===

GET MORE BASS TIPS 👇
_________________________________________________________________
🙌 Be the first to know - SUBSCRIBE now → https://bit.ly/sub-to-sbl-yt
🎧 Tune in to our Weekly PODCAST → https://sblpodcast.buzzsprout.com/share
📱 Try our free GrooveTrainer APP → https://scottsbasslessons.com/groove-trainer-app 


ABOUT SCOTT’S BASS LESSONS (SBL)
_________________________________________________________________
As the largest online bass education platform in the world, with an ever-expanding course library and 40,000+ active members, Scott’s Bass Lessons (SBL) has everything you need to master the bass, all in one place. 

With beginner-friendly bass lessons, interactive courses led by industry experts, structured learning paths, personalized feedback, real-time mentorship from top bassists, and a vibrant, supportive community, SBL is the ultimate destination to enhance your bass playing—whether you're starting out or already a professional.

Try SBL Membership today! → https://sbl.link/join-sbl


RECOMMENDED BASS PLAYLIST
_________________________________________________________________
Catch up with SBL Content you’ve missed:
➡️ https://youtube.com/playlist?list=PLq5Wss5r1Cvvplt7z7O45JHk2TaJ3NT53  

#bassguitarlessons #bassforbeginners #easybasslines","{'default': {'url': 'https://i.ytimg.com/vi/go6CfSD0f10/default.jpg', 'width': 120, 'height': 90}, 'medium': {'url': 'https://i.ytimg.com/vi/go6CfSD0f10/mqdefault.jpg', 'width': 320, 'height': 180}, 'high': {'url': 'https://i.ytimg.com/vi/go6CfSD0f10/hqdefault.jpg', 'width': 480, 'height': 360}, 'standard': {'url': 'https://i.ytimg.com/vi/go6CfSD0f10/sddefault.jpg', 'width': 640, 'height': 480}, 'maxres': {'url': 'https://i.ytimg.com/vi/go6CfSD0f10/maxresdefault.jpg', 'width': 1280, 'height': 720}}",Scott's Bass Lessons,"['scott devine', 'bass lessons', 'bass guitar', 'beginner', 'beginners', 'scottsbasslessons', 'scotts bass lessons', 'sbl', 'electric bass', 'bass lesson', 'beginner bass lesson', 'beginner bass lessons']",10,none,en,"{'title': 'Jazz Fusion Trio Covers The Police on the spot (ft. Hadrien Feraud, Cory Henry & Ronald Bruner Jr.)', 'description': ""🔥 Try the SBL Bass Academy FREE for 14 Days: https://sbl.link/join-sbl\n🚀 Get 1-1 Bass Coaching (enrollment open now!): https://sbl.link/the-blueprint\n\nWhat happens when Hadrien Feraud, Cory Henry, and Ronald Bruner Jr. take on a Police tune—and flip it into a brand-new arrangement on the spot? Ian and Scott watch in awe as the trio crack the harmony, lock in the groove, and bring the whole thing to life right in front of you.\n\n===\n\nVideo Breakdown:\n\n00:00 - Introduction\n01:07 - The Track Reveal (The Police - King of Pain)\n02:34 - Figuring Out The Harmony\n03:25 - Finding The Groove\n05:40 - Last Verse Variant\n07:08 - King of Pain - Full Take\n15:50 - Q&A\n\n===\n\nGET MORE BASS TIPS 👇\n_________________________________________________________________\n🙌 Be the first to know - SUBSCRIBE now → https://bit.ly/sub-to-sbl-yt\n🎧 Tune in to our Weekly PODCAST → https://sblpodcast.buzzsprout.com/share\n📱 Try our free GrooveTrainer APP → https://scottsbasslessons.com/groove-trainer-app \n\n\nABOUT SCOTT’S BASS LESSONS (SBL)\n_________________________________________________________________\nAs the largest online bass education platform in the world, with an ever-expanding course library and 40,000+ active members, Scott’s Bass Lessons (SBL) has everything you need to master the bass, all in one place. \n\nWith beginner-friendly bass lessons, interactive courses led by industry experts, structured learning paths, personalized feedback, real-time mentorship from top bassists, and a vibrant, supportive community, SBL is the ultimate destination to enhance your bass playing—whether you're starting out or already a professional.\n\nTry SBL Membership today! → https://sbl.link/join-sbl\n\n\nRECOMMENDED BASS PLAYLIST\n_________________________________________________________________\nCatch up with SBL Content you’ve missed:\n➡️ https://youtube.com/playlist?list=PLq5Wss5r1Cvvplt7z7O45JHk2TaJ3NT53  \n\n#bassguitarlessons #bassforbeginners #easybasslines""}",en,"{'blocked': ['BY', 'RU']}"
Gbm9Zg5ww5A,2026-09-01,715,145316,5678,0,629,PT11M55S,2d,hd,False,False,{},rectangular,2025-08-20T15:00:33Z,UCWTj3vCqkQIsrTGSm4kM34g,Is this the Greatest GRUNGE Bass Line of 1992?,"👉 Grab the FREE Tab & Notation here: https://sbl.link/47avtJf
🔥 Try the SBL Bass Academy FREE for 14 Days: https://sbl.link/join-sbl
🚀 Get 1-1 Bass Coaching (enrollment open now!): https://sbl.link/the-blueprint

Is Would? The ultimate grunge bass line? Scott and Ian explore the riffs, tone, and production tricks that turned this Alice in Chains anthem into one of the most unforgettable bass moments of the '90s. Grab your bass, tune down, and play along as they unpack every detail.

===

Video Breakdown:

00:00 - Introduction
00:53 - Verse
02:25 - The Isolated Bass Part
03:00 - Verse (Continued)
04:35 - The Tone
05:34 - The Lollapalooza Soundcheck 1993
06:15 - The Art SGX Nightbass
07:33 - Chorus
08:40 - The Secret Revealed!
11:00 - Final Thoughts
11:23 - Outtakes

===

GET MORE BASS TIPS 👇
_________________________________________________________________
🙌 Be the first to know - SUBSCRIBE now → https://bit.ly/sub-to-sbl-yt
🎧 Tune in to our Weekly PODCAST → https://sblpodcast.buzzsprout.com/share
📱 Try our free GrooveTrainer APP → https://scottsbasslessons.com/groove-trainer-app 


ABOUT SCOTT'S BASS LESSONS (SBL)
_________________________________________________________________
As the largest online bass education platform in the world, with an ever-expanding course library and 40,000+ active members, Scott's Bass Lessons (SBL) has everything you need to master the bass, all in one place. 

With beginner-friendly bass lessons, interactive courses led by industry experts, structured learning paths, personalized feedback, real-time mentorship from top bassists, and a vibrant, supportive community, SBL is the ultimate destination to enhance your bass playing—whether you're starting out or already a professional.

Try SBL Membership today! → https://sbl.link/join-sbl


RECOMMENDED BASS PLAYLIST
_________________________________________________________________
Catch up with SBL Content you've missed:
➡️ https://youtube.com/playlist?list=PLq5Wss5r1Cvvplt7z7O45JHk2TaJ3NT53  

#bassguitarlessons #bassforbeginners #easybasslines","{'default': {'url': 'https://i.ytimg.com/vi/Gbm9Zg5ww5A/default.jpg', 'width': 120, 'height': 90}, 'medium': {'url': 'https://i.ytimg.com/vi/Gbm9Zg5ww5A/mqdefault.jpg', 'width': 320, 'height': 180}, 'high': {'url': 'https://i.ytimg.com/vi/Gbm9Zg5ww5A/hqdefault.jpg', 'width': 480, 'height': 360}, 'standard': {'url': 'https://i.ytimg.com/vi/Gbm9Zg5ww5A/sddefault.jpg', 'width': 640, 'height': 480}, 'maxres': {'url': 'https://i.ytimg.com/vi/Gbm9Zg5ww5A/maxresdefault.jpg', 'width': 1280, 'height': 720}}",Scott's Bass Lessons,"['bass guitar', 'bass lesson', 'bass lessons', 'beginner', 'beginner bass lesson', 'beginner bass lessons', 'beginners', 'electric bass', 'sbl', 'scott devine', ""scott's bass lessons"", 'scotts bass lessons', 'scottsbasslessons']",10,none,en,"{'title': 'Is this the Greatest GRUNGE Bass Line of 1992?', 'description': ""👉 Grab the FREE Tab & Notation here: https://sbl.link/47avtJf\n🔥 Try the SBL Bass Academy FREE for 14 Days: https://sbl.link/join-sbl\n🚀 Get 1-1 Bass Coaching (enrollment open now!): https://sbl.link/the-blueprint\n\nIs Would? The ultimate grunge bass line? Scott and Ian explore the riffs, tone, and production tricks that turned this Alice in Chains anthem into one of the most unforgettable bass moments of the '90s. Grab your bass, tune down, and play along as they unpack every detail.\n\n===\n\nVideo Breakdown:\n\n00:00 - Introduction\n00:53 - Verse\n02:25 - The Isolated Bass Part\n03:00 - Verse (Continued)\n04:35 - The Tone\n05:34 - The Lollapalooza Soundcheck 1993\n06:15 - The Art SGX Nightbass\n07:33 - Chorus\n08:40 - The Secret Revealed!\n11:00 - Final Thoughts\n11:23 - Outtakes\n\n===\n\nGET MORE BASS TIPS 👇\n_________________________________________________________________\n🙌 Be the first to know - SUBSCRIBE now → https://bit.ly/sub-to-sbl-yt\n🎧 Tune in to our Weekly PODCAST → https://sblpodcast.buzzsprout.com/share\n📱 Try our free GrooveTrainer APP → https://scottsbasslessons.com/groove-trainer-app \n\n\nABOUT SCOTT'S BASS LESSONS (SBL)\n_________________________________________________________________\nAs the largest online bass education platform in the world, with an ever-expanding course library and 40,000+ active members, Scott's Bass Lessons (SBL) has everything you need to master the bass, all in one place. \n\nWith beginner-friendly bass lessons, interactive courses led by industry experts, structured learning paths, personalized feedback, real-time mentorship from top bassists, and a vibrant, supportive community, SBL is the ultimate destination to enhance your bass playing—whether you're starting out or already a professional.\n\nTry SBL Membership today! → https://sbl.link/join-sbl\n\n\nRECOMMENDED BASS PLAYLIST\n_________________________________________________________________\nCatch up with SBL Content you've missed:\n➡️ https://youtube.com/playlist?list=PLq5Wss5r1Cvvplt7z7O45JHk2TaJ3NT53  \n\n#bassguitarlessons #bassforbeginners #easybasslines""}",en-US,{'blocked': ['RU']}
KQQJN_YUYAQ,2026-09-01,4141,17755,397,0,79,PT1H9M1S,2d,hd,False,True,{},rectangular,2025-08-22T15:00:38Z,UCWTj3vCqkQIsrTGSm4kM34g,What if one program could solve all of your bass troubles?,"🚀 Get 1-1 Bass Coaching (enrollment open now!): http://thesblblueprint.com/
🔥 Try the SBL Bass Academy FREE for 14 Days: https://sbl.link/join-sbl

For the past three years, the Blueprint has quietly been helping bass players work through the same hurdles we all face. In this episode, Scott and Ian bring on the coaches who’ve been working one-on-one with students every week to talk about what the program’s really like, the common problems that keep showing up, and how players move past them. If you’ve ever felt stuck on your bass journey, this one’s for you.

===

Video Breakdown:

00:00:00 - Introduction
00:02:13 - Simon King (Head of Coaching)
00:06:13 - Keith Peberdy (Coach)
00:12:49 - Jim Moore (Head of Program)
00:13:46 - The Development of the Program
00:16:00 - Assessments
00:19:00 - The Pillars & Onboarding Process
00:21:30 - Awareness of Problem Areas
00:24:40 - Common Problems
00:29:20 - Pressure
00:33:45 - Dedication
00:36:00 - Group Learning & The Blueprint Live
00:37:25 - Awareness of Problem Areas (continued)
00:45:00 - How much time does the program take?
00:49:55 - Identifying the Spark 
00:52:54 - Masterclasses
00:58:33 - Blueprint Live
01:01:00 - Community
01:02:25 - Before & After
01:04:00 - Final Thoughts

===

GET MORE BASS TIPS 👇
_________________________________________________________________
🙌 Be the first to know - SUBSCRIBE now → https://bit.ly/sub-to-sbl-yt
🎧 Tune in to our Weekly PODCAST → https://sblpodcast.buzzsprout.com/share
📱 Try our free GrooveTrainer APP → https://scottsbasslessons.com/groove-trainer-app 


ABOUT SCOTT'S BASS LESSONS (SBL)
_________________________________________________________________
As the largest online bass education platform in the world, with an ever-expanding course library and 40,000+ active members, Scott's Bass Lessons (SBL) has everything you need to master the bass, all in one place. 

With beginner-friendly bass lessons, interactive courses led by industry experts, structured learning paths, personalized feedback, real-time mentorship from top bassists, and a vibrant, supportive community, SBL is the ultimate destination to enhance your bass playing—whether you're starting out or already a professional.

Try SBL Membership today! → https://sbl.link/join-sbl


RECOMMENDED BASS PLAYLIST
_________________________________________________________________
Catch up with SBL Content you've missed:
➡️ https://youtube.com/playlist?list=PLq5Wss5r1Cvvplt7z7O45JHk2TaJ3NT53  

#bassguitarlessons #bassforbeginners #easybasslines","{'default': {'url': 'https://i.ytimg.com/vi/KQQJN_YUYAQ/default.jpg', 'width': 120, 'height': 90}, 'medium': {'url': 'https://i.ytimg.com/vi/KQQJN_YUYAQ/mqdefault.jpg', 'width': 320, 'height': 180}, 'high': {'url': 'https://i.ytimg.com/vi/KQQJN_YUYAQ/hqdefault.jpg', 'width': 480, 'height': 360}, 'standard': {'url': 'https://i.ytimg.com/vi/KQQJN_YUYAQ/sddefault.jpg', 'width': 640, 'height': 480}, 'maxres': {'url': 'https://i.ytimg.com/vi/KQQJN_YUYAQ/maxresdefault.jpg', 'width': 1280, 'height': 720}}",Scott's Bass Lessons,"['bass guitar', 'bass lesson', 'bass lessons', 'beginner', 'beginner bass lesson', 'beginner bass lessons', 'beginners', 'electric bass', 'sbl', 'scott devine', ""scott's bass lessons"", 'scotts bass lessons', 'scottsbasslessons']",10,none,en,"{'title': 'What if one program could solve all of your bass troubles?', 'description': ""🚀 Get 1-1 Bass Coaching (enrollment open now!): http://thesblblueprint.com/\n🔥 Try the SBL Bass Academy FREE for 14 Days: https://sbl.link/join-sbl\n\nFor the past three years, the Blueprint has quietly been helping bass players work through the same hurdles we all face. In this episode, Scott and Ian bring on the coaches who’ve been working one-on-one with students every week to talk about what the program’s really like, the common problems that keep showing up, and how players move past them. If you’ve ever felt stuck on your bass journey, this one’s for you.\n\n===\n\nVideo Breakdown:\n\n00:00:00 - Introduction\n00:02:13 - Simon King (Head of Coaching)\n00:06:13 - Keith Peberdy (Coach)\n00:12:49 - Jim Moore (Head of Program)\n00:13:46 - The Development of the Program\n00:16:00 - Assessments\n00:19:00 - The Pillars & Onboarding Process\n00:21:30 - Awareness of Problem Areas\n00:24:40 - Common Problems\n00:29:20 - Pressure\n00:33:45 - Dedication\n00:36:00 - Group Learning & The Blueprint Live\n00:37:25 - Awareness of Problem Areas (continued)\n00:45:00 - How much time does the program take?\n00:49:55 - Identifying the Spark \n00:52:54 - Masterclasses\n00:58:33 - Blueprint Live\n01:01:00 - Community\n01:02:25 - Before & After\n01:04:00 - Final Thoughts\n\n===\n\nGET MORE BASS TIPS 👇\n_________________________________________________________________\n🙌 Be the first to know - SUBSCRIBE now → https://bit.ly/sub-to-sbl-yt\n🎧 Tune in to our Weekly PODCAST → https://sblpodcast.buzzsprout.com/share\n📱 Try our free GrooveTrainer APP → https://scottsbasslessons.com/groove-trainer-app \n\n\nABOUT SCOTT'S BASS LESSONS (SBL)\n_________________________________________________________________\nAs the largest online bass education platform in the world, with an ever-expanding course library and 40,000+ active members, Scott's Bass Lessons (SBL) has everything you need to master the bass, all in one place. \n\nWith beginner-friendly bass lessons, interactive courses led by industry experts, structured learning paths, personalized feedback, real-time mentorship from top bassists, and a vibrant, supportive community, SBL is the ultimate destination to enhance your bass playing—whether you're starting out or already a professional.\n\nTry SBL Membership today! → https://sbl.link/join-sbl\n\n\nRECOMMENDED BASS PLAYLIST\n_________________________________________________________________\nCatch up with SBL Content you've missed:\n➡️ https://youtube.com/playlist?list=PLq5Wss5r1Cvvplt7z7O45JHk2TaJ3NT53  \n\n#bassguitarlessons #bassforbeginners #easybasslines""}",en-US,
UlcWLU1o_yI,2026-09-01,3495,142582,4751,0,682,PT58M15S,2d,hd,False,False,{},rectangular,2025-08-26T15:00:50Z,UCWTj3vCqkQIsrTGSm4kM34g,MXR Bass Synth: The Bass Pedal that BROKE the internet,"🔥 Try the SBL Bass Academy FREE for 14 Days: https://sbl.link/join-sbl
🚀 Get 1-1 Bass Coaching (enrollment open now!): https://sbl.link/the-blueprint

What happens when you’re not just handed a brand-new bass pedal, but asked to help design the sounds inside it? That’s where Ian found himself with the MXR Synth Pedal. In this episode, he and Sharon finally spill the story - from the first prototype that blew him away, to the sounds he programmed, and why this pedal left every other synth in the dust.
===

Video Breakdown:

00:00 - Introduction
04:41 - The Dunlop Team
05:30 - Tracking & Latency
08:30 - Will Birckhead & Andrew Gouche
09:20 - The Controls / Product Design
12:32 - The Release
17:00 - Green 1
25:50 - Green 2
29:50 - Green 3
33:00 - Green 4
36:00 - Red 1
38:30 - Red 2
43:00 - Red 3
44:30 - Red 4
47:00 - Playing Synth Bass
50:00 - The Prototype
53:00 - Final Thoughts

===

GET MORE BASS TIPS 👇
_________________________________________________________________
🙌 Be the first to know - SUBSCRIBE now → https://bit.ly/sub-to-sbl-yt
🎧 Tune in to our Weekly PODCAST → https://sblpodcast.buzzsprout.com/share
📱 Try our free GrooveTrainer APP → https://scottsbasslessons.com/groove-trainer-app 


ABOUT SCOTT'S BASS LESSONS (SBL)
_________________________________________________________________
As the largest online bass education platform in the world, with an ever-expanding course library and 40,000+ active members, Scott's Bass Lessons (SBL) has everything you need to master the bass, all in one place. 

With beginner-friendly bass lessons, interactive courses led by industry experts, structured learning paths, personalized feedback, real-time mentorship from top bassists, and a vibrant, supportive community, SBL is the ultimate destination to enhance your bass playing—whether you're starting out or already a professional.

Try SBL Membership today! → https://sbl.link/join-sbl


RECOMMENDED BASS PLAYLIST
_________________________________________________________________
Catch up with SBL Content you've missed:
➡️ https://youtube.com/playlist?list=PLq5Wss5r1Cvvplt7z7O45JHk2TaJ3NT53  

#bassguitarlessons #bassforbeginners #easybasslines","{'default': {'url': 'https://i.ytimg.com/vi/UlcWLU1o_yI/default.jpg', 'width': 120, 'height': 90}, 'medium': {'url': 'https://i.ytimg.com/vi/UlcWLU1o_yI/mqdefault.jpg', 'width': 320, 'height': 180}, 'high': {'url': 'https://i.ytimg.com/vi/UlcWLU1o_yI/hqdefault.jpg', 'width': 480, 'height': 360}, 'standard': {'url': 'https://i.ytimg.com/vi/UlcWLU1o_yI/sddefault.jpg', 'width': 640, 'height': 480}, 'maxres': {'url': 'https://i.ytimg.com/vi/UlcWLU1o_yI/maxresdefault.jpg', 'width': 1280, 'height': 720}}",Scott's Bass Lessons,"['bass guitar', 'bass lesson', 'bass lessons', 'beginner', 'beginner bass lesson', 'beginner bass lessons', 'beginners', 'electric bass', 'sbl', 'scott devine', ""scott's bass lessons"", 'scotts bass lessons', 'scottsbasslessons']",10,none,en,"{'title': 'MXR Bass Synth: The Bass Pedal that BROKE the internet', 'description': ""🔥 Try the SBL Bass Academy FREE for 14 Days: https://sbl.link/join-sbl\n🚀 Get 1-1 Bass Coaching (enrollment open now!): https://sbl.link/the-blueprint\n\nWhat happens when you’re not just handed a brand-new bass pedal, but asked to help design the sounds inside it? That’s where Ian found himself with the MXR Synth Pedal. In this episode, he and Sharon finally spill the story - from the first prototype that blew him away, to the sounds he programmed, and why this pedal left every other synth in the dust.\n===\n\nVideo Breakdown:\n\n00:00 - Introduction\n04:41 - The Dunlop Team\n05:30 - Tracking & Latency\n08:30 - Will Birckhead & Andrew Gouche\n09:20 - The Controls / Product Design\n12:32 - The Release\n17:00 - Green 1\n25:50 - Green 2\n29:50 - Green 3\n33:00 - Green 4\n36:00 - Red 1\n38:30 - Red 2\n43:00 - Red 3\n44:30 - Red 4\n47:00 - Playing Synth Bass\n50:00 - The Prototype\n53:00 - Final Thoughts\n\n===\n\nGET MORE BASS TIPS 👇\n_________________________________________________________________\n🙌 Be the first to know - SUBSCRIBE now → https://bit.ly/sub-to-sbl-yt\n🎧 Tune in to our Weekly PODCAST → https://sblpodcast.buzzsprout.com/share\n📱 Try our free GrooveTrainer APP → https://scottsbasslessons.com/groove-trainer-app \n\n\nABOUT SCOTT'S BASS LESSONS (SBL)\n_________________________________________________________________\nAs the largest online bass education platform in the world, with an ever-expanding course library and 40,000+ active members, Scott's Bass Lessons (SBL) has everything you need to master the bass, all in one place. \n\nWith beginner-friendly bass lessons, interactive courses led by industry experts, structured learning paths, personalized feedback, real-time mentorship from top bassists, and a vibrant, supportive community, SBL is the ultimate destination to enhance your bass playing—whether you're starting out or already a professional.\n\nTry SBL Membership today! → https://sbl.link/join-sbl\n\n\nRECOMMENDED BASS PLAYLIST\n_________________________________________________________________\nCatch up with SBL Content you've missed:\n➡️ https://youtube.com/playlist?list=PLq5Wss5r1Cvvplt7z7O45JHk2TaJ3NT53  \n\n#bassguitarlessons #bassforbeginners #easybasslines""}",en-US,{'blocked': ['RU']}
PQk1VondNws,2026-09-01,406,121908,7090,0,483,PT6M46S,2d,hd,False,False,{},rectangular,2025-08-29T15:00:49Z,UCWTj3vCqkQIsrTGSm4kM34g,Danny Sapko Learns Spinal Tap As Fast As Possible,"👉 Grab the FREE Tab & Notation here: https://sbl.link/4mF8Npn
🔥 Try the SBL Bass Academy FREE for 14 Days: https://sbl.link/join-sbl
🚀 Get 1-1 Bass Coaching (enrollment open now!): https://sbl.link/the-blueprint

===

Video Breakdown:

00:00 - Introduction
00:48 - First Listen (Stonehenge - Spinal Tap Feat. Elton John)
02:22 - Relative Pitch
02:50 - Figuring It Out
03:40 - Placing The Dipstick Lick
04:00 - Final Tehk
05:58 - How to Dipstick
06:30 - Outtakes

===

GET MORE BASS TIPS 👇
_________________________________________________________________
🙌 Be the first to know - SUBSCRIBE now → https://bit.ly/sub-to-sbl-yt
🎧 Tune in to our Weekly PODCAST → https://sblpodcast.buzzsprout.com/share
📱 Try our free GrooveTrainer APP → https://scottsbasslessons.com/groove-trainer-app 


ABOUT SCOTT'S BASS LESSONS (SBL)
_________________________________________________________________
As the largest online bass education platform in the world, with an ever-expanding course library and 40,000+ active members, Scott's Bass Lessons (SBL) has everything you need to master the bass, all in one place. 

With beginner-friendly bass lessons, interactive courses led by industry experts, structured learning paths, personalized feedback, real-time mentorship from top bassists, and a vibrant, supportive community, SBL is the ultimate destination to enhance your bass playing—whether you're starting out or already a professional.

Try SBL Membership today! → https://sbl.link/join-sbl


RECOMMENDED BASS PLAYLIST
_________________________________________________________________
Catch up with SBL Content you've missed:
➡️ https://youtube.com/playlist?list=PLq5Wss5r1Cvvplt7z7O45JHk2TaJ3NT53  

#bassguitarlessons #bassforbeginners #easybasslines","{'default': {'url': 'https://i.ytimg.com/vi/PQk1VondNws/default.jpg', 'width': 120, 'height': 90}, 'medium': {'url': 'https://i.ytimg.com/vi/PQk1VondNws/mqdefault.jpg', 'width': 320, 'height': 180}, 'high': {'url': 'https://i.ytimg.com/vi/PQk1VondNws/hqdefault.jpg', 'width': 480, 'height': 360}, 'standard': {'url': 'https://i.ytimg.com/vi/PQk1VondNws/sddefault.jpg', 'width': 640, 'height': 480}, 'maxres': {'url': 'https://i.ytimg.com/vi/PQk1VondNws/maxresdefault.jpg', 'width': 1280, 'height': 720}}",Scott's Bass Lessons,"['bass guitar', 'bass lesson', 'bass lessons', 'beginner', 'beginner bass lesson', 'beginner bass lessons', 'beginners', 'electric bass', 'sbl', 'scott devine', ""scott's bass lessons"", 'scotts bass lessons', 'scottsbasslessons']",10,none,en,"{'title': 'Danny Sapko Learns Spinal Tap As Fast As Possible', 'description': ""👉 Grab the FREE Tab & Notation here: https://sbl.link/4mF8Npn\n🔥 Try the SBL Bass Academy FREE for 14 Days: https://sbl.link/join-sbl\n🚀 Get 1-1 Bass Coaching (enrollment open now!): https://sbl.link/the-blueprint\n\n===\n\nVideo Breakdown:\n\n00:00 - Introduction\n00:48 - First Listen (Stonehenge - Spinal Tap Feat. Elton John)\n02:22 - Relative Pitch\n02:50 - Figuring It Out\n03:40 - Placing The Dipstick Lick\n04:00 - Final Tehk\n05:58 - How to Dipstick\n06:30 - Outtakes\n\n===\n\nGET MORE BASS TIPS 👇\n_________________________________________________________________\n🙌 Be the first to know - SUBSCRIBE now → https://bit.ly/sub-to-sbl-yt\n🎧 Tune in to our Weekly PODCAST → https://sblpodcast.buzzsprout.com/share\n📱 Try our free GrooveTrainer APP → https://scottsbasslessons.com/groove-trainer-app \n\n\nABOUT SCOTT'S BASS LESSONS (SBL)\n_________________________________________________________________\nAs the largest online bass education platform in the world, with an ever-expanding course library and 40,000+ active members, Scott's Bass Lessons (SBL) has everything you need to master the bass, all in one place. \n\nWith beginner-friendly bass lessons, interactive courses led by industry experts, structured learning paths, personalized feedback, real-time mentorship from top bassists, and a vibrant, supportive community, SBL is the ultimate destination to enhance your bass playing—whether you're starting out or already a professional.\n\nTry SBL Membership today! → https://sbl.link/join-sbl\n\n\nRECOMMENDED BASS PLAYLIST\n_________________________________________________________________\nCatch up with SBL Content you've missed:\n➡️ https://youtube.com/playlist?list=PLq5Wss5r1Cvvplt7z7O45JHk2TaJ3NT53  \n\n#bassguitarlessons #bassforbeginners #easybasslines""}",en-US,"{'blocked': ['BY', 'RU']}"
OnUp-0ZDiDQ,2026-09-02,611,92228,2574,0,453,PT10M11S,2d,hd,False,True,{},rectangular,2025-07-25T15:31:26Z,UCWTj3vCqkQIsrTGSm4kM34g,"Cooler than a Jazz Bass? Actually, maybe.","FREE Slap Bass Workshop – Choose Your Time Slot Below!
Join Ian Martin Allison and myself for a 90-minute live session where you’ll decode the slap bass styles of Flea, Marcus Miller, and Larry Graham.

Pick the time that works best for you:

✅ Monday, July 28 @ 3pm UK / 10am EDT / 7am PDT
👉 https://sbl.link/monday-slap-bass-workshop

✅ Tuesday, July 29 @ 8pm UK / 3pm EDT / 12pm PDT
👉 https://sbl.link/tuesday-slap-bass-workshop

*SAME session, two options* — grab your seat and get ready to groove.


GET MORE BASS TIPS 👇
_________________________________________________________________
🙌 Be the first to know - SUBSCRIBE now → https://bit.ly/sub-to-sbl-yt
🎧 Tune in to our Weekly PODCAST → https://sblpodcast.buzzsprout.com/share
📱 Try our free GrooveTrainer APP → https://scottsbasslessons.com/groove-trainer-app 


ABOUT SCOTT’S BASS LESSONS (SBL)
_________________________________________________________________
As the largest online bass education platform in the world, with an ever-expanding course library and 40,000+ active members, Scott’s Bass Lessons (SBL) has everything you need to master the bass, all in one place. 

With beginner-friendly bass lessons, interactive courses led by industry experts, structured learning paths, personalized feedback, real-time mentorship from top bassists, and a vibrant, supportive community, SBL is the ultimate destination to enhance your bass playing—whether you're starting out or already a professional.

Try SBL Membership today! → https://sbl.link/join-sbl


RECOMMENDED BASS PLAYLIST
_________________________________________________________________
Catch up with SBL Content you’ve missed:
➡️ https://youtube.com/playlist?list=PLq5Wss5r1Cvvplt7z7O45JHk2TaJ3NT53  

#bassguitarlessons #bassforbeginners #easybasslines","{'default': {'url': 'https://i.ytimg.com/vi/OnUp-0ZDiDQ/default.jpg', 'width': 120, 'height': 90}, 'medium': {'url': 'https://i.ytimg.com/vi/OnUp-0ZDiDQ/mqdefault.jpg', 'width': 320, 'height': 180}, 'high': {'url': 'https://i.ytimg.com/vi/OnUp-0ZDiDQ/hqdefault.jpg', 'width': 480, 'height': 360}, 'standard': {'url': 'https://i.ytimg.com/vi/OnUp-0ZDiDQ/sddefault.jpg', 'width': 640, 'height': 480}, 'maxres': {'url': 'https://i.ytimg.com/vi/OnUp-0ZDiDQ/maxresdefault.jpg', 'width': 1280, 'height': 720}}",Scott's Bass Lessons,"['scott devine', 'bass lessons', 'bass guitar', 'beginner', 'beginners', 'scottsbasslessons', 'scotts bass lessons', 'sbl', 'electric bass', 'bass lesson', 'beginner bass lesson', 'beginner bass lessons']",10,none,en,"{'title': 'Cooler than a Jazz Bass? Actually, maybe.', 'description': ""FREE Slap Bass Workshop – Choose Your Time Slot Below!\nJoin Ian Martin Allison and myself for a 90-minute live session where you’ll decode the slap bass styles of Flea, Marcus Miller, and Larry Graham.\n\nPick the time that works best for you:\n\n✅ Monday, July 28 @ 3pm UK / 10am EDT / 7am PDT\n👉 https://sbl.link/monday-slap-bass-workshop\n\n✅ Tuesday, July 29 @ 8pm UK / 3pm EDT / 12pm PDT\n👉 https://sbl.link/tuesday-slap-bass-workshop\n\n*SAME session, two options* — grab your seat and get ready to groove.\n\n\nGET MORE BASS TIPS 👇\n_________________________________________________________________\n🙌 Be the first to know - SUBSCRIBE now → https://bit.ly/sub-to-sbl-yt\n🎧 Tune in to our Weekly PODCAST → https://sblpodcast.buzzsprout.com/share\n📱 Try our free GrooveTrainer APP → https://scottsbasslessons.com/groove-trainer-app \n\n\nABOUT SCOTT’S BASS LESSONS (SBL)\n_________________________________________________________________\nAs the largest online bass education platform in the world, with an ever-expanding course library and 40,000+ active members, Scott’s Bass Lessons (SBL) has everything you need to master the bass, all in one place. \n\nWith beginner-friendly bass lessons, interactive courses led by industry experts, structured learning paths, personalized feedback, real-time mentorship from top bassists, and a vibrant, supportive community, SBL is the ultimate destination to enhance your bass playing—whether you're starting out or already a professional.\n\nTry SBL Membership today! → https://sbl.link/join-sbl\n\n\nRECOMMENDED BASS PLAYLIST\n_________________________________________________________________\nCatch up with SBL Content you’ve missed:\n➡️ https://youtube.com/playlist?list=PLq5Wss5r1Cvvplt7z7O45JHk2TaJ3NT53  \n\n#bassguitarlessons #bassforbeginners #easybasslines""}",en,
5UmZlya3AY8,2026-09-02,1029,165190,5429,0,469,PT17M9S,2d,hd,False,True,{},rectangular,2025-07-28T10:37:00Z,UCWTj3vCqkQIsrTGSm4kM34g,responding to the Victor Wooten video,,"{'default': {'url': 'https://i.ytimg.com/vi/5UmZlya3AY8/default.jpg', 'width': 120, 'height': 90}, 'medium': {'url': 'https://i.ytimg.com/vi/5UmZlya3AY8/mqdefault.jpg', 'width': 320, 'height': 180}, 'high': {'url': 'https://i.ytimg.com/vi/5UmZlya3AY8/hqdefault.jpg', 'width': 480, 'height': 360}, 'standard': {'url': 'https://i.ytimg.com/vi/5UmZlya3AY8/sddefault.jpg', 'width': 640, 'height': 480}, 'maxres': {'url': 'https://i.ytimg.com/vi/5UmZlya3AY8/maxresdefault.jpg', 'width': 1280, 'height': 720}}",Scott's Bass Lessons,"['scott devine', 'bass lessons', 'bass guitar', 'beginner', 'beginners', 'scottsbasslessons', 'scotts bass lessons', 'sbl', 'electric bass', 'bass lesson', 'beginner bass lesson', 'beginner bass lessons']",10,none,en,"{'title': 'responding to the Victor Wooten video', 'description': ''}",en,
-8nWeVXyXNk,2026-09-02,855,25157,932,0,90,PT14M15S,2d,hd,False,True,{},rectangular,2025-07-30T15:00:00Z,UCWTj3vCqkQIsrTGSm4kM34g,How does Victor Wooten do THIS??,"🎸 The Slap Accelerator is now OPEN for enrollment! Claim your spot before it closes to get your $100 discount + FREE bonuses → https://sbl.link/3IQanpq

🔥 Try the SBL Bass Academy FREE for 14 Days: https://sbl.link/join-sbl
🚀 Get 1-1 Bass Coaching (enrollment open now!): https://sbl.link/the-blueprint

===

Double thumb used to be my worst nightmare—until Ian dropped a course that made it look way too fun to ignore. In this video, I break down how I finally got it together, plus a slap riff to help you do the same. If you’ve ever struggled with this technique, you’re in good company!

===

00:00 - Introduction
01:43 - The Slap Accelerator
02:25 - The Basics
03:55 - Exercise 1
08:00 - The Riff Breakdown
12:00 - My Slap Bass Journey
12:40 - Final Thoughts

GET MORE BASS TIPS 👇
_________________________________________________________________
🙌 Be the first to know - SUBSCRIBE now → https://bit.ly/sub-to-sbl-yt
🎧 Tune in to our Weekly PODCAST → https://sblpodcast.buzzsprout.com/share
📱 Try our free GrooveTrainer APP → https://scottsbasslessons.com/groove-trainer-app 

ABOUT SCOTT’S BASS LESSONS (SBL)
_________________________________________________________________
As the largest online bass education platform in the world, with an ever-expanding course library and 40,000+ active members, Scott’s Bass Lessons (SBL) has everything you need to master the bass, all in one place. 

With beginner-friendly bass lessons, interactive courses led by industry experts, structured learning paths, personalized feedback, real-time mentorship from top bassists, and a vibrant, supportive community, SBL is the ultimate destination to enhance your bass playing—whether you're starting out or already a professional.

Try SBL Membership today! → https://sbl.link/join-sbl


RECOMMENDED BASS PLAYLIST
_________________________________________________________________
Catch up with SBL Content you’ve missed:
➡️ https://youtube.com/playlist?list=PLq5Wss5r1Cvvplt7z7O45JHk2TaJ3NT53  

#bassguitarlessons #bassforbeginners #easybasslines","{'default': {'url': 'https://i.ytimg.com/vi/-8nWeVXyXNk/default.jpg', 'width': 120, 'height': 90}, 'medium': {'url': 'https://i.ytimg.com/vi/-8nWeVXyXNk/mqdefault.jpg', 'width': 320, 'height': 180}, 'high': {'url': 'https://i.ytimg.com/vi/-8nWeVXyXNk/hqdefault.jpg', 'width': 480, 'height': 360}, 'standard': {'url': 'https://i.ytimg.com/vi/-8nWeVXyXNk/sddefault.jpg', 'width': 640, 'height': 480}, 'maxres': {'url': 'https://i.ytimg.com/vi/-8nWeVXyXNk/maxresdefault.jpg', 'width': 1280, 'height': 720}}",Scott's Bass Lessons,"['scott devine', 'bass lessons', 'bass guitar', 'beginner', 'beginners', 'scottsbasslessons', 'scotts bass lessons', 'sbl', 'electric bass', 'bass lesson', 'beginner bass lesson', 'beginner bass lessons']",10,none,en,"{'title': 'How does Victor Wooten do THIS??', 'description': ""🎸 The Slap Accelerator is now OPEN for enrollment! Claim your spot before it closes to get your $100 discount + FREE bonuses → https://sbl.link/3IQanpq\n\n🔥 Try the SBL Bass Academy FREE for 14 Days: https://sbl.link/join-sbl\n🚀 Get 1-1 Bass Coaching (enrollment open now!): https://sbl.link/the-blueprint\n\n===\n\nDouble thumb used to be my worst nightmare—until Ian dropped a course that made it look way too fun to ignore. In this video, I break down how I finally got it together, plus a slap riff to help you do the same. If you’ve ever struggled with this technique, you’re in good company!\n\n===\n\n00:00 - Introduction\n01:43 - The Slap Accelerator\n02:25 - The Basics\n03:55 - Exercise 1\n08:00 - The Riff Breakdown\n12:00 - My Slap Bass Journey\n12:40 - Final Thoughts\n\nGET MORE BASS TIPS 👇\n_________________________________________________________________\n🙌 Be the first to know - SUBSCRIBE now → https://bit.ly/sub-to-sbl-yt\n🎧 Tune in to our Weekly PODCAST → https://sblpodcast.buzzsprout.com/share\n📱 Try our free GrooveTrainer APP → https://scottsbasslessons.com/groove-trainer-app \n\nABOUT SCOTT’S BASS LESSONS (SBL)\n_________________________________________________________________\nAs the largest online bass education platform in the world, with an ever-expanding course library and 40,000+ active members, Scott’s Bass Lessons (SBL) has everything you need to master the bass, all in one place. \n\nWith beginner-friendly bass lessons, interactive courses led by industry experts, structured learning paths, personalized feedback, real-time mentorship from top bassists, and a vibrant, supportive community, SBL is the ultimate destination to enhance your bass playing—whether you're starting out or already a professional.\n\nTry SBL Membership today! → https://sbl.link/join-sbl\n\n\nRECOMMENDED BASS PLAYLIST\n_________________________________________________________________\nCatch up with SBL Content you’ve missed:\n➡️ https://youtube.com/playlist?list=PLq5Wss5r1Cvvplt7z7O45JHk2TaJ3NT53  \n\n#bassguitarlessons #bassforbeginners #easybasslines""}",en,
X9f7LIhEXN8,2026-09-02,829,31404,945,0,104,PT13M49S,2d,hd,False,True,{},rectangular,2025-08-01T15:00:58Z,UCWTj3vCqkQIsrTGSm4kM34g,Mark Kings’ (Level 42) GREATEST bass line ever,"🎸 The Slap Accelerator is now OPEN for enrollment! Claim your spot before it closes to get your $100 discount + FREE bonuses → https://sbl.link/3IQanpq

👉 Grab the FREE Tab & Notation here: https://sbl.link/45eTA6C
🔥 Try the SBL Bass Academy FREE for 14 Days: https://sbl.link/join-sbl
🚀 Get 1-1 Bass Coaching (enrollment open now!): https://sbl.link/the-blueprint

===

===

00:00 - Introduction
01:00 - The Fretting Hand Slap
01:29 - Fretting Hand Slap Exercise
02:02 - The Main Riff Pt. 1
04:15 - The Main Riff Pt. 2
07:40 - The Main Riff Pt. 3
08:37 - The Repeat
09:49 - Slow Version
10:21 - How To Approach The Bass Line

GET MORE BASS TIPS 👇
_________________________________________________________________
🙌 Be the first to know - SUBSCRIBE now → https://bit.ly/sub-to-sbl-yt
🎧 Tune in to our Weekly PODCAST → https://sblpodcast.buzzsprout.com/share
📱 Try our free GrooveTrainer APP → https://scottsbasslessons.com/groove-trainer-app 

ABOUT SCOTT’S BASS LESSONS (SBL)
_________________________________________________________________
As the largest online bass education platform in the world, with an ever-expanding course library and 40,000+ active members, Scott’s Bass Lessons (SBL) has everything you need to master the bass, all in one place. 

With beginner-friendly bass lessons, interactive courses led by industry experts, structured learning paths, personalized feedback, real-time mentorship from top bassists, and a vibrant, supportive community, SBL is the ultimate destination to enhance your bass playing—whether you're starting out or already a professional.

Try SBL Membership today! → https://sbl.link/join-sbl

RECOMMENDED BASS PLAYLIST
_________________________________________________________________
Catch up with SBL Content you’ve missed:
➡️ https://youtube.com/playlist?list=PLq5Wss5r1Cvvplt7z7O45JHk2TaJ3NT53  

#bassguitarlessons #bassforbeginners #easybasslines","{'default': {'url': 'https://i.ytimg.com/vi/X9f7LIhEXN8/default.jpg', 'width': 120, 'height': 90}, 'medium': {'url': 'https://i.ytimg.com/vi/X9f7LIhEXN8/mqdefault.jpg', 'width': 320, 'height': 180}, 'high': {'url': 'https://i.ytimg.com/vi/X9f7LIhEXN8/hqdefault.jpg', 'width': 480, 'height': 360}, 'standard': {'url': 'https://i.ytimg.com/vi/X9f7LIhEXN8/sddefault.jpg', 'width': 640, 'height': 480}, 'maxres': {'url': 'https://i.ytimg.com/vi/X9f7LIhEXN8/maxresdefault.jpg', 'width': 1280, 'height': 720}}",Scott's Bass Lessons,"['scott devine', 'bass lessons', 'bass guitar', 'beginner', 'beginners', 'scottsbasslessons', 'scotts bass lessons', 'sbl', 'electric bass', 'bass lesson', 'beginner bass lesson', 'beginner bass lessons']",10,none,en,"{'title': 'Mark Kings’ (Level 42) GREATEST bass line ever', 'description': ""🎸 The Slap Accelerator is now OPEN for enrollment! Claim your spot before it closes to get your $100 discount + FREE bonuses → https://sbl.link/3IQanpq\n\n👉 Grab the FREE Tab & Notation here: https://sbl.link/45eTA6C\n🔥 Try the SBL Bass Academy FREE for 14 Days: https://sbl.link/join-sbl\n🚀 Get 1-1 Bass Coaching (enrollment open now!): https://sbl.link/the-blueprint\n\n===\n\n===\n\n00:00 - Introduction\n01:00 - The Fretting Hand Slap\n01:29 - Fretting Hand Slap Exercise\n02:02 - The Main Riff Pt. 1\n04:15 - The Main Riff Pt. 2\n07:40 - The Main Riff Pt. 3\n08:37 - The Repeat\n09:49 - Slow Version\n10:21 - How To Approach The Bass Line\n\nGET MORE BASS TIPS 👇\n_________________________________________________________________\n🙌 Be the first to know - SUBSCRIBE now → https://bit.ly/sub-to-sbl-yt\n🎧 Tune in to our Weekly PODCAST → https://sblpodcast.buzzsprout.com/share\n📱 Try our free GrooveTrainer APP → https://scottsbasslessons.com/groove-trainer-app \n\nABOUT SCOTT’S BASS LESSONS (SBL)\n_________________________________________________________________\nAs the largest online bass education platform in the world, with an ever-expanding course library and 40,000+ active members, Scott’s Bass Lessons (SBL) has everything you need to master the bass, all in one place. \n\nWith beginner-friendly bass lessons, interactive courses led by industry experts, structured learning paths, personalized feedback, real-time mentorship from top bassists, and a vibrant, supportive community, SBL is the ultimate destination to enhance your bass playing—whether you're starting out or already a professional.\n\nTry SBL Membership today! → https://sbl.link/join-sbl\n\nRECOMMENDED BASS PLAYLIST\n_________________________________________________________________\nCatch up with SBL Content you’ve missed:\n➡️ https://youtube.com/playlist?list=PLq5Wss5r1Cvvplt7z7O45JHk2TaJ3NT53  \n\n#bassguitarlessons #bassforbeginners #easybasslines""}",en,
4ervOxAR1xc,2026-09-02,3558,30076,976,0,254,PT59M18S,2d,hd,False,True,{},rectangular,2025-08-04T15:00:07Z,UCWTj3vCqkQIsrTGSm4kM34g,Travel DISASTER? (6 pro-level travel hacks so you don’t have one),"🎸 The Slap Accelerator is OPEN for enrollment! One day left to sign up! → https://sbl.link/4lTQ9JS
🔥 Try the SBL Bass Academy FREE for 14 Days: https://sbl.link/join-sbl
🚀 Get 1-1 Bass Coaching (enrollment open now!): https://sbl.link/the-blueprint

Ian and Sharon swap travel horror stories and share their biggest lessons from years of touring and bass travel. From packing light to gate check debates, things get real (and occasionally frustrating). Expect strong opinions, a few surprises, and plenty of what not to do next time you fly.

===

Video Breakdown:

00:00 - Introduction  
03:30 - Travelling Light  
06:22 - Janek Gwizdala  
08:45 - Carry On VS. Gate Check  
21:16 - 1 - Do Not Fight  
25:18 - 2 - Case Recommendations  
26:42 - 3 - Smart Packing  
32:03 - Travelling with Multiple Basses  
33:53 - 4 - String Prep  
35:18 - Horror Stories  
40:48 - 5 - Small Pedal Board & Bag  
41:59 - Ian Almost Getting Cancelled  
55:05 - 6 - Sneaky Air Tag  

===

GET MORE BASS TIPS 👇
_________________________________________________________________
🙌 Be the first to know - SUBSCRIBE now → https://bit.ly/sub-to-sbl-yt
🎧 Tune in to our Weekly PODCAST → https://sblpodcast.buzzsprout.com/share
📱 Try our free GrooveTrainer APP → https://scottsbasslessons.com/groove-trainer-app 


ABOUT SCOTT'S BASS LESSONS (SBL)
_________________________________________________________________
As the largest online bass education platform in the world, with an ever-expanding course library and 40,000+ active members, Scott's Bass Lessons (SBL) has everything you need to master the bass, all in one place. 

With beginner-friendly bass lessons, interactive courses led by industry experts, structured learning paths, personalized feedback, real-time mentorship from top bassists, and a vibrant, supportive community, SBL is the ultimate destination to enhance your bass playing—whether you're starting out or already a professional.

Try SBL Membership today! → https://sbl.link/join-sbl


RECOMMENDED BASS PLAYLIST
_________________________________________________________________
Catch up with SBL Content you've missed:
➡️ https://youtube.com/playlist?list=PLq5Wss5r1Cvvplt7z7O45JHk2TaJ3NT53  

#bassguitarlessons #bassforbeginners #easybasslines","{'default': {'url': 'https://i.ytimg.com/vi/4ervOxAR1xc/default.jpg', 'width': 120, 'height': 90}, 'medium': {'url': 'https://i.ytimg.com/vi/4ervOxAR1xc/mqdefault.jpg', 'width': 320, 'height': 180}, 'high': {'url': 'https://i.ytimg.com/vi/4ervOxAR1xc/hqdefault.jpg', 'width': 480, 'height': 360}, 'standard': {'url': 'https://i.ytimg.com/vi/4ervOxAR1xc/sddefault.jpg', 'width': 640, 'height': 480}, 'maxres': {'url': 'https://i.ytimg.com/vi/4ervOxAR1xc/maxresdefault.jpg', 'width': 1280, 'height': 720}}",Scott's Bass Lessons,"['bass guitar', 'bass lesson', 'bass lessons', 'beginner', 'beginner bass lesson', 'beginner bass lessons', 'beginners', 'electric bass', 'sbl', 'scott devine', ""scott's bass lessons"", 'scotts bass lessons', 'scottsbasslessons']",10,none,en,"{'title': 'Travel DISASTER? (6 pro-level travel hacks so you don’t have one)', 'description': ""🎸 The Slap Accelerator is OPEN for enrollment! One day left to sign up! → https://sbl.link/4lTQ9JS\n🔥 Try the SBL Bass Academy FREE for 14 Days: https://sbl.link/join-sbl\n🚀 Get 1-1 Bass Coaching (enrollment open now!): https://sbl.link/the-blueprint\n\nIan and Sharon swap travel horror stories and share their biggest lessons from years of touring and bass travel. From packing light to gate check debates, things get real (and occasionally frustrating). Expect strong opinions, a few surprises, and plenty of what not to do next time you fly.\n\n===\n\nVideo Breakdown:\n\n00:00 - Introduction  \n03:30 - Travelling Light  \n06:22 - Janek Gwizdala  \n08:45 - Carry On VS. Gate Check  \n21:16 - 1 - Do Not Fight  \n25:18 - 2 - Case Recommendations  \n26:42 - 3 - Smart Packing  \n32:03 - Travelling with Multiple Basses  \n33:53 - 4 - String Prep  \n35:18 - Horror Stories  \n40:48 - 5 - Small Pedal Board & Bag  \n41:59 - Ian Almost Getting Cancelled  \n55:05 - 6 - Sneaky Air Tag  \n\n===\n\nGET MORE BASS TIPS 👇\n_________________________________________________________________\n🙌 Be the first to know - SUBSCRIBE now → https://bit.ly/sub-to-sbl-yt\n🎧 Tune in to our Weekly PODCAST → https://sblpodcast.buzzsprout.com/share\n📱 Try our free GrooveTrainer APP → https://scottsbasslessons.com/groove-trainer-app \n\n\nABOUT SCOTT'S BASS LESSONS (SBL)\n_________________________________________________________________\nAs the largest online bass education platform in the world, with an ever-expanding course library and 40,000+ active members, Scott's Bass Lessons (SBL) has everything you need to master the bass, all in one place. \n\nWith beginner-friendly bass lessons, interactive courses led by industry experts, structured learning paths, personalized feedback, real-time mentorship from top bassists, and a vibrant, supportive community, SBL is the ultimate destination to enhance your bass playing—whether you're starting out or already a professional.\n\nTry SBL Membership today! → https://sbl.link/join-sbl\n\n\nRECOMMENDED BASS PLAYLIST\n_________________________________________________________________\nCatch up with SBL Content you've missed:\n➡️ https://youtube.com/playlist?list=PLq5Wss5r1Cvvplt7z7O45JHk2TaJ3NT53  \n\n#bassguitarlessons #bassforbeginners #easybasslines""}",en-US,
99pGNiKw0-s,2026-09-02,810,76708,2430,0,400,PT13M30S,2d,hd,False,False,{},rectangular,2025-08-07T15:00:20Z,UCWTj3vCqkQIsrTGSm4kM34g,Is this the Greatest PUNK-SOUL Bass Line of 1982?,"👉 Grab the FREE Tab & Notation here: https://sbl.link/3IXdw6V
🔥 Try the SBL Bass Academy FREE for 14 Days: https://sbl.link/join-sbl
🚀 Get 1-1 Bass Coaching (enrollment open now!): https://sbl.link/the-blueprint

Punk meets Motown? In this lesson, Ian breaks down A Town Called Malice by The Jam—a bass line that’s all feel, motion, and attitude. From the jumpy, soul-inspired groove to the driving verse, there’s a lot going on under the hood. 

You’ll hear the Motown influence - but played like it’s late for a train.
Grab your bass and dig in—this one’s all about getting it in your hands and feeling it for yourself.

===

Video Breakdown:

00:00 - Introduction
00:44 - Motown Inspiration
01:22 - Intro & Chorus Riff
02:58 - Gear & Sound
06:38 - Picking Technique
08:30 - Verse
10:26 - How To Master The Feel
11:00 - Pick Technique Continued
12:40 - Wrap Up
13:05 - Outtakes

===

GET MORE BASS TIPS 👇
_________________________________________________________________
🙌 Be the first to know - SUBSCRIBE now → https://bit.ly/sub-to-sbl-yt
🎧 Tune in to our Weekly PODCAST → https://sblpodcast.buzzsprout.com/share
📱 Try our free GrooveTrainer APP → https://scottsbasslessons.com/groove-trainer-app 


ABOUT SCOTT'S BASS LESSONS (SBL)
_________________________________________________________________
As the largest online bass education platform in the world, with an ever-expanding course library and 40,000+ active members, Scott's Bass Lessons (SBL) has everything you need to master the bass, all in one place. 

With beginner-friendly bass lessons, interactive courses led by industry experts, structured learning paths, personalized feedback, real-time mentorship from top bassists, and a vibrant, supportive community, SBL is the ultimate destination to enhance your bass playing—whether you're starting out or already a professional.

Try SBL Membership today! → https://sbl.link/join-sbl


RECOMMENDED BASS PLAYLIST
_________________________________________________________________
Catch up with SBL Content you've missed:
➡️ https://youtube.com/playlist?list=PLq5Wss5r1Cvvplt7z7O45JHk2TaJ3NT53  

#bassguitarlessons #bassforbeginners #easybasslines","{'default': {'url': 'https://i.ytimg.com/vi/99pGNiKw0-s/default.jpg', 'width': 120, 'height': 90}, 'medium': {'url': 'https://i.ytimg.com/vi/99pGNiKw0-s/mqdefault.jpg', 'width': 320, 'height': 180}, 'high': {'url': 'https://i.ytimg.com/vi/99pGNiKw0-s/hqdefault.jpg', 'width': 480, 'height': 360}, 'standard': {'url': 'https://i.ytimg.com/vi/99pGNiKw0-s/sddefault.jpg', 'width': 640, 'height': 480}, 'maxres': {'url': 'https://i.ytimg.com/vi/99pGNiKw0-s/maxresdefault.jpg', 'width': 1280, 'height': 720}}",Scott's Bass Lessons,"['bass guitar', 'bass lesson', 'bass lessons', 'beginner', 'beginner bass lesson', 'beginner bass lessons', 'beginners', 'electric bass', 'sbl', 'scott devine', ""scott's bass lessons"", 'scotts bass lessons', 'scottsbasslessons']",10,none,en,"{'title': 'Is this the Greatest PUNK-SOUL Bass Line of 1982?', 'description': ""👉 Grab the FREE Tab & Notation here: https://sbl.link/3IXdw6V\n🔥 Try the SBL Bass Academy FREE for 14 Days: https://sbl.link/join-sbl\n🚀 Get 1-1 Bass Coaching (enrollment open now!): https://sbl.link/the-blueprint\n\nPunk meets Motown? In this lesson, Ian breaks down A Town Called Malice by The Jam—a bass line that’s all feel, motion, and attitude. From the jumpy, soul-inspired groove to the driving verse, there’s a lot going on under the hood. \n\nYou’ll hear the Motown influence - but played like it’s late for a train.\nGrab your bass and dig in—this one’s all about getting it in your hands and feeling it for yourself.\n\n===\n\nVideo Breakdown:\n\n00:00 - Introduction\n00:44 - Motown Inspiration\n01:22 - Intro & Chorus Riff\n02:58 - Gear & Sound\n06:38 - Picking Technique\n08:30 - Verse\n10:26 - How To Master The Feel\n11:00 - Pick Technique Continued\n12:40 - Wrap Up\n13:05 - Outtakes\n\n===\n\nGET MORE BASS TIPS 👇\n_________________________________________________________________\n🙌 Be the first to know - SUBSCRIBE now → https://bit.ly/sub-to-sbl-yt\n🎧 Tune in to our Weekly PODCAST → https://sblpodcast.buzzsprout.com/share\n📱 Try our free GrooveTrainer APP → https://scottsbasslessons.com/groove-trainer-app \n\n\nABOUT SCOTT'S BASS LESSONS (SBL)\n_________________________________________________________________\nAs the largest online bass education platform in the world, with an ever-expanding course library and 40,000+ active members, Scott's Bass Lessons (SBL) has everything you need to master the bass, all in one place. \n\nWith beginner-friendly bass lessons, interactive courses led by industry experts, structured learning paths, personalized feedback, real-time mentorship from top bassists, and a vibrant, supportive community, SBL is the ultimate destination to enhance your bass playing—whether you're starting out or already a professional.\n\nTry SBL Membership today! → https://sbl.link/join-sbl\n\n\nRECOMMENDED BASS PLAYLIST\n_________________________________________________________________\nCatch up with SBL Content you've missed:\n➡️ https://youtube.com/playlist?list=PLq5Wss5r1Cvvplt7z7O45JHk2TaJ3NT53  \n\n#bassguitarlessons #bassforbeginners #easybasslines""}",en-US,
VVMtHqlWa4k,2026-09-02,2273,42995,1344,0,134,PT37M53S,2d,hd,False,True,{},rectangular,2025-08-11T15:00:54Z,UCWTj3vCqkQIsrTGSm4kM34g,"Janek Gwizdala's Gear Confessions (Pedals, Basses and more)","🎸 Join the SBL Monthly Giveaway! → https://sbl.link/4gAF9Oj
🔥 Try the SBL Bass Academy FREE for 14 Days: https://sbl.link/join-sbl
🚀 Get 1-1 Bass Coaching (enrollment open now!): https://sbl.link/the-blueprint
💙 Follow Janek Gwizdala 👉 YT:  @janekgwizdala  | www.janekgwizdala.com

Scott sits down with Janek Gwizdala for a deep gear dive, kicking off with his go-to pedal pick for players just getting into bass effects. From there, they move through the basses, pedals, and other essentials that have earned a permanent spot in Janek’s setup. Stick around and see what made the cut.

===

Video Breakdown:

00:00 - Introduction
01:10 - Essential Bass Pedals
04:24 - Compression
05:00 - DIs
07:15 - Performance Pt. 1
08:15 - Janek’s Pedalboard Rundown
18:16 - Performance Pt. 2
19:46 - Improvisation
21:13 - Custom Mattisson Bass
23:27 - RKM Custom Bass V
27:00 - RKM Custom Bass IV
28:35 - Fender Precision Bass
29:30 - Classical Guitar Approach
33:20 - Goya Panther II
35:54 - Final Thoughts

===

GET MORE BASS TIPS 👇
_________________________________________________________________
🙌 Be the first to know - SUBSCRIBE now → https://bit.ly/sub-to-sbl-yt
🎧 Tune in to our Weekly PODCAST → https://sblpodcast.buzzsprout.com/share
📱 Try our free GrooveTrainer APP → https://scottsbasslessons.com/groove-trainer-app 


ABOUT SCOTT’S BASS LESSONS (SBL)
_________________________________________________________________
As the largest online bass education platform in the world, with an ever-expanding course library and 40,000+ active members, Scott’s Bass Lessons (SBL) has everything you need to master the bass, all in one place. 

With beginner-friendly bass lessons, interactive courses led by industry experts, structured learning paths, personalized feedback, real-time mentorship from top bassists, and a vibrant, supportive community, SBL is the ultimate destination to enhance your bass playing—whether you're starting out or already a professional.

Try SBL Membership today! → https://sbl.link/join-sbl


RECOMMENDED BASS PLAYLIST
_________________________________________________________________
Catch up with SBL Content you’ve missed:
➡️ https://youtube.com/playlist?list=PLq5Wss5r1Cvvplt7z7O45JHk2TaJ3NT53  

#bassguitarlessons #bassforbeginners #easybasslines","{'default': {'url': 'https://i.ytimg.com/vi/VVMtHqlWa4k/default.jpg', 'width': 120, 'height': 90}, 'medium': {'url': 'https://i.ytimg.com/vi/VVMtHqlWa4k/mqdefault.jpg', 'width': 320, 'height': 180}, 'high': {'url': 'https://i.ytimg.com/vi/VVMtHqlWa4k/hqdefault.jpg', 'width': 480, 'height': 360}, 'standard': {'url': 'https://i.ytimg.com/vi/VVMtHqlWa4k/sddefault.jpg', 'width': 640, 'height': 480}, 'maxres': {'url': 'https://i.ytimg.com/vi/VVMtHqlWa4k/maxresdefault.jpg', 'width': 1280, 'height': 720}}",Scott's Bass Lessons,"['scott devine', 'bass lessons', 'bass guitar', 'beginner', 'beginners', 'scottsbasslessons', 'scotts bass lessons', 'sbl', 'electric bass', 'bass lesson', 'beginner bass lesson', 'beginner bass lessons']",10,none,en,"{'title': ""Janek Gwizdala's Gear Confessions (Pedals, Basses and more)"", 'description': ""🎸 Join the SBL Monthly Giveaway! → https://sbl.link/4gAF9Oj\n🔥 Try the SBL Bass Academy FREE for 14 Days: https://sbl.link/join-sbl\n🚀 Get 1-1 Bass Coaching (enrollment open now!): https://sbl.link/the-blueprint\n💙 Follow Janek Gwizdala 👉 YT:  @janekgwizdala  | www.janekgwizdala.com\n\nScott sits down with Janek Gwizdala for a deep gear dive, kicking off with his go-to pedal pick for players just getting into bass effects. From there, they move through the basses, pedals, and other essentials that have earned a permanent spot in Janek’s setup. Stick around and see what made the cut.\n\n===\n\nVideo Breakdown:\n\n00:00 - Introduction\n01:10 - Essential Bass Pedals\n04:24 - Compression\n05:00 - DIs\n07:15 - Performance Pt. 1\n08:15 - Janek’s Pedalboard Rundown\n18:16 - Performance Pt. 2\n19:46 - Improvisation\n21:13 - Custom Mattisson Bass\n23:27 - RKM Custom Bass V\n27:00 - RKM Custom Bass IV\n28:35 - Fender Precision Bass\n29:30 - Classical Guitar Approach\n33:20 - Goya Panther II\n35:54 - Final Thoughts\n\n===\n\nGET MORE BASS TIPS 👇\n_________________________________________________________________\n🙌 Be the first to know - SUBSCRIBE now → https://bit.ly/sub-to-sbl-yt\n🎧 Tune in to our Weekly PODCAST → https://sblpodcast.buzzsprout.com/share\n📱 Try our free GrooveTrainer APP → https://scottsbasslessons.com/groove-trainer-app \n\n\nABOUT SCOTT’S BASS LESSONS (SBL)\n_________________________________________________________________\nAs the largest online bass education platform in the world, with an ever-expanding course library and 40,000+ active members, Scott’s Bass Lessons (SBL) has everything you need to master the bass, all in one place. \n\nWith beginner-friendly bass lessons, interactive courses led by industry experts, structured learning paths, personalized feedback, real-time mentorship from top bassists, and a vibrant, supportive community, SBL is the ultimate destination to enhance your bass playing—whether you're starting out or already a professional.\n\nTry SBL Membership today! → https://sbl.link/join-sbl\n\n\nRECOMMENDED BASS PLAYLIST\n_________________________________________________________________\nCatch up with SBL Content you’ve missed:\n➡️ https://youtube.com/playlist?list=PLq5Wss5r1Cvvplt7z7O45JHk2TaJ3NT53  \n\n#bassguitarlessons #bassforbeginners #easybasslines""}",en,
go6CfSD0f10,2026-09-02,1364,726833,21096,0,1271,PT22M44S,2d,hd,False,False,{},rectangular,2025-08-13T15:01:13Z,UCWTj3vCqkQIsrTGSm4kM34g,"Jazz Fusion Trio Covers The Police on the spot (ft. Hadrien Feraud, Cory Henry & Ronald Bruner Jr.)","🔥 Try the SBL Bass Academy FREE for 14 Days: https://sbl.link/join-sbl
🚀 Get 1-1 Bass Coaching (enrollment open now!): https://sbl.link/the-blueprint

What happens when Hadrien Feraud, Cory Henry, and Ronald Bruner Jr. take on a Police tune—and flip it into a brand-new arrangement on the spot? Ian and Scott watch in awe as the trio crack the harmony, lock in the groove, and bring the whole thing to life right in front of you.

===

Video Breakdown:

00:00 - Introduction
01:07 - The Track Reveal (The Police - King of Pain)
02:34 - Figuring Out The Harmony
03:25 - Finding The Groove
05:40 - Last Verse Variant
07:08 - King of Pain - Full Take
15:50 - Q&A

===

GET MORE BASS TIPS 👇
_________________________________________________________________
🙌 Be the first to know - SUBSCRIBE now → https://bit.ly/sub-to-sbl-yt
🎧 Tune in to our Weekly PODCAST → https://sblpodcast.buzzsprout.com/share
📱 Try our free GrooveTrainer APP → https://scottsbasslessons.com/groove-trainer-app 


ABOUT SCOTT’S BASS LESSONS (SBL)
_________________________________________________________________
As the largest online bass education platform in the world, with an ever-expanding course library and 40,000+ active members, Scott’s Bass Lessons (SBL) has everything you need to master the bass, all in one place. 

With beginner-friendly bass lessons, interactive courses led by industry experts, structured learning paths, personalized feedback, real-time mentorship from top bassists, and a vibrant, supportive community, SBL is the ultimate destination to enhance your bass playing—whether you're starting out or already a professional.

Try SBL Membership today! → https://sbl.link/join-sbl


RECOMMENDED BASS PLAYLIST
_________________________________________________________________
Catch up with SBL Content you’ve missed:
➡️ https://youtube.com/playlist?list=PLq5Wss5r1Cvvplt7z7O45JHk2TaJ3NT53  

#bassguitarlessons #bassforbeginners #easybasslines","{'default': {'url': 'https://i.ytimg.com/vi/go6CfSD0f10/default.jpg', 'width': 120, 'height': 90}, 'medium': {'url': 'https://i.ytimg.com/vi/go6CfSD0f10/mqdefault.jpg', 'width': 320, 'height': 180}, 'high': {'url': 'https://i.ytimg.com/vi/go6CfSD0f10/hqdefault.jpg', 'width': 480, 'height': 360}, 'standard': {'url': 'https://i.ytimg.com/vi/go6CfSD0f10/sddefault.jpg', 'width': 640, 'height': 480}, 'maxres': {'url': 'https://i.ytimg.com/vi/go6CfSD0f10/maxresdefault.jpg', 'width': 1280, 'height': 720}}",Scott's Bass Lessons,"['scott devine', 'bass lessons', 'bass guitar', 'beginner', 'beginners', 'scottsbasslessons', 'scotts bass lessons', 'sbl', 'electric bass', 'bass lesson', 'beginner bass lesson', 'beginner bass lessons']",10,none,en,"{'title': 'Jazz Fusion Trio Covers The Police on the spot (ft. Hadrien Feraud, Cory Henry & Ronald Bruner Jr.)', 'description': ""🔥 Try the SBL Bass Academy FREE for 14 Days: https://sbl.link/join-sbl\n🚀 Get 1-1 Bass Coaching (enrollment open now!): https://sbl.link/the-blueprint\n\nWhat happens when Hadrien Feraud, Cory Henry, and Ronald Bruner Jr. take on a Police tune—and flip it into a brand-new arrangement on the spot? Ian and Scott watch in awe as the trio crack the harmony, lock in the groove, and bring the whole thing to life right in front of you.\n\n===\n\nVideo Breakdown:\n\n00:00 - Introduction\n01:07 - The Track Reveal (The Police - King of Pain)\n02:34 - Figuring Out The Harmony\n03:25 - Finding The Groove\n05:40 - Last Verse Variant\n07:08 - King of Pain - Full Take\n15:50 - Q&A\n\n===\n\nGET MORE BASS TIPS 👇\n_________________________________________________________________\n🙌 Be the first to know - SUBSCRIBE now → https://bit.ly/sub-to-sbl-yt\n🎧 Tune in to our Weekly PODCAST → https://sblpodcast.buzzsprout.com/share\n📱 Try our free GrooveTrainer APP → https://scottsbasslessons.com/groove-trainer-app \n\n\nABOUT SCOTT’S BASS LESSONS (SBL)\n_________________________________________________________________\nAs the largest online bass education platform in the world, with an ever-expanding course library and 40,000+ active members, Scott’s Bass Lessons (SBL) has everything you need to master the bass, all in one place. \n\nWith beginner-friendly bass lessons, interactive courses led by industry experts, structured learning paths, personalized feedback, real-time mentorship from top bassists, and a vibrant, supportive community, SBL is the ultimate destination to enhance your bass playing—whether you're starting out or already a professional.\n\nTry SBL Membership today! → https://sbl.link/join-sbl\n\n\nRECOMMENDED BASS PLAYLIST\n_________________________________________________________________\nCatch up with SBL Content you’ve missed:\n➡️ https://youtube.com/playlist?list=PLq5Wss5r1Cvvplt7z7O45JHk2TaJ3NT53  \n\n#bassguitarlessons #bassforbeginners #easybasslines""}",en,"{'blocked': ['BY', 'RU']}"
Gbm9Zg5ww5A,2026-09-02,715,145429,5680,0,629,PT11M55S,2d,hd,False,False,{},rectangular,2025-08-20T15:00:33Z,UCWTj3vCqkQIsrTGSm4kM34g,Is this the Greatest GRUNGE Bass Line of 1992?,"👉 Grab the FREE Tab & Notation here: https://sbl.link/47avtJf
🔥 Try the SBL Bass Academy FREE for 14 Days: https://sbl.link/join-sbl
🚀 Get 1-1 Bass Coaching (enrollment open now!): https://sbl.link/the-blueprint

Is Would? The ultimate grunge bass line? Scott and Ian explore the riffs, tone, and production tricks that turned this Alice in Chains anthem into one of the most unforgettable bass moments of the '90s. Grab your bass, tune down, and play along as they unpack every detail.

===

Video Breakdown:

00:00 - Introduction
00:53 - Verse
02:25 - The Isolated Bass Part
03:00 - Verse (Continued)
04:35 - The Tone
05:34 - The Lollapalooza Soundcheck 1993
06:15 - The Art SGX Nightbass
07:33 - Chorus
08:40 - The Secret Revealed!
11:00 - Final Thoughts
11:23 - Outtakes

===

GET MORE BASS TIPS 👇
_________________________________________________________________
🙌 Be the first to know - SUBSCRIBE now → https://bit.ly/sub-to-sbl-yt
🎧 Tune in to our Weekly PODCAST → https://sblpodcast.buzzsprout.com/share
📱 Try our free GrooveTrainer APP → https://scottsbasslessons.com/groove-trainer-app 


ABOUT SCOTT'S BASS LESSONS (SBL)
_________________________________________________________________
As the largest online bass education platform in the world, with an ever-expanding course library and 40,000+ active members, Scott's Bass Lessons (SBL) has everything you need to master the bass, all in one place. 

With beginner-friendly bass lessons, interactive courses led by industry experts, structured learning paths, personalized feedback, real-time mentorship from top bassists, and a vibrant, supportive community, SBL is the ultimate destination to enhance your bass playing—whether you're starting out or already a professional.

Try SBL Membership today! → https://sbl.link/join-sbl


RECOMMENDED BASS PLAYLIST
_________________________________________________________________
Catch up with SBL Content you've missed:
➡️ https://youtube.com/playlist?list=PLq5Wss5r1Cvvplt7z7O45JHk2TaJ3NT53  

#bassguitarlessons #bassforbeginners #easybasslines","{'default': {'url': 'https://i.ytimg.com/vi/Gbm9Zg5ww5A/default.jpg', 'width': 120, 'height': 90}, 'medium': {'url': 'https://i.ytimg.com/vi/Gbm9Zg5ww5A/mqdefault.jpg', 'width': 320, 'height': 180}, 'high': {'url': 'https://i.ytimg.com/vi/Gbm9Zg5ww5A/hqdefault.jpg', 'width': 480, 'height': 360}, 'standard': {'url': 'https://i.ytimg.com/vi/Gbm9Zg5ww5A/sddefault.jpg', 'width': 640, 'height': 480}, 'maxres': {'url': 'https://i.ytimg.com/vi/Gbm9Zg5ww5A/maxresdefault.jpg', 'width': 1280, 'height': 720}}",Scott's Bass Lessons,"['bass guitar', 'bass lesson', 'bass lessons', 'beginner', 'beginner bass lesson', 'beginner bass lessons', 'beginners', 'electric bass', 'sbl', 'scott devine', ""scott's bass lessons"", 'scotts bass lessons', 'scottsbasslessons']",10,none,en,"{'title': 'Is this the Greatest GRUNGE Bass Line of 1992?', 'description': ""👉 Grab the FREE Tab & Notation here: https://sbl.link/47avtJf\n🔥 Try the SBL Bass Academy FREE for 14 Days: https://sbl.link/join-sbl\n🚀 Get 1-1 Bass Coaching (enrollment open now!): https://sbl.link/the-blueprint\n\nIs Would? The ultimate grunge bass line? Scott and Ian explore the riffs, tone, and production tricks that turned this Alice in Chains anthem into one of the most unforgettable bass moments of the '90s. Grab your bass, tune down, and play along as they unpack every detail.\n\n===\n\nVideo Breakdown:\n\n00:00 - Introduction\n00:53 - Verse\n02:25 - The Isolated Bass Part\n03:00 - Verse (Continued)\n04:35 - The Tone\n05:34 - The Lollapalooza Soundcheck 1993\n06:15 - The Art SGX Nightbass\n07:33 - Chorus\n08:40 - The Secret Revealed!\n11:00 - Final Thoughts\n11:23 - Outtakes\n\n===\n\nGET MORE BASS TIPS 👇\n_________________________________________________________________\n🙌 Be the first to know - SUBSCRIBE now → https://bit.ly/sub-to-sbl-yt\n🎧 Tune in to our Weekly PODCAST → https://sblpodcast.buzzsprout.com/share\n📱 Try our free GrooveTrainer APP → https://scottsbasslessons.com/groove-trainer-app \n\n\nABOUT SCOTT'S BASS LESSONS (SBL)\n_________________________________________________________________\nAs the largest online bass education platform in the world, with an ever-expanding course library and 40,000+ active members, Scott's Bass Lessons (SBL) has everything you need to master the bass, all in one place. \n\nWith beginner-friendly bass lessons, interactive courses led by industry experts, structured learning paths, personalized feedback, real-time mentorship from top bassists, and a vibrant, supportive community, SBL is the ultimate destination to enhance your bass playing—whether you're starting out or already a professional.\n\nTry SBL Membership today! → https://sbl.link/join-sbl\n\n\nRECOMMENDED BASS PLAYLIST\n_________________________________________________________________\nCatch up with SBL Content you've missed:\n➡️ https://youtube.com/playlist?list=PLq5Wss5r1Cvvplt7z7O45JHk2TaJ3NT53  \n\n#bassguitarlessons #bassforbeginners #easybasslines""}",en-US,{'blocked': ['RU']}
KQQJN_YUYAQ,2026-09-02,4141,17761,397,0,79,PT1H9M1S,2d,hd,False,True,{},rectangular,2025-08-22T15:00:38Z,UCWTj3vCqkQIsrTGSm4kM34g,What if one program could solve all of your bass troubles?,"🚀 Get 1-1 Bass Coaching (enrollment open now!): http://thesblblueprint.com/
🔥 Try the SBL Bass Academy FREE for 14 Days: https://sbl.link/join-sbl

For the past three years, the Blueprint has quietly been helping bass players work through the same hurdles we all face. In this episode, Scott and Ian bring on the coaches who’ve been working one-on-one with students every week to talk about what the program’s really like, the common problems that keep showing up, and how players move past them. If you’ve ever felt stuck on your bass journey, this one’s for you.

===

Video Breakdown:

00:00:00 - Introduction
00:02:13 - Simon King (Head of Coaching)
00:06:13 - Keith Peberdy (Coach)
00:12:49 - Jim Moore (Head of Program)
00:13:46 - The Development of the Program
00:16:00 - Assessments
00:19:00 - The Pillars & Onboarding Process
00:21:30 - Awareness of Problem Areas
00:24:40 - Common Problems
00:29:20 - Pressure
00:33:45 - Dedication
00:36:00 - Group Learning & The Blueprint Live
00:37:25 - Awareness of Problem Areas (continued)
00:45:00 - How much time does the program take?
00:49:55 - Identifying the Spark 
00:52:54 - Masterclasses
00:58:33 - Blueprint Live
01:01:00 - Community
01:02:25 - Before & After
01:04:00 - Final Thoughts

===

GET MORE BASS TIPS 👇
_________________________________________________________________
🙌 Be the first to know - SUBSCRIBE now → https://bit.ly/sub-to-sbl-yt
🎧 Tune in to our Weekly PODCAST → https://sblpodcast.buzzsprout.com/share
📱 Try our free GrooveTrainer APP → https://scottsbasslessons.com/groove-trainer-app 


ABOUT SCOTT'S BASS LESSONS (SBL)
_________________________________________________________________
As the largest online bass education platform in the world, with an ever-expanding course library and 40,000+ active members, Scott's Bass Lessons (SBL) has everything you need to master the bass, all in one place. 

With beginner-friendly bass lessons, interactive courses led by industry experts, structured learning paths, personalized feedback, real-time mentorship from top bassists, and a vibrant, supportive community, SBL is the ultimate destination to enhance your bass playing—whether you're starting out or already a professional.

Try SBL Membership today! → https://sbl.link/join-sbl


RECOMMENDED BASS PLAYLIST
_________________________________________________________________
Catch up with SBL Content you've missed:
➡️ https://youtube.com/playlist?list=PLq5Wss5r1Cvvplt7z7O45JHk2TaJ3NT53  

#bassguitarlessons #bassforbeginners #easybasslines","{'default': {'url': 'https://i.ytimg.com/vi/KQQJN_YUYAQ/default.jpg', 'width': 120, 'height': 90}, 'medium': {'url': 'https://i.ytimg.com/vi/KQQJN_YUYAQ/mqdefault.jpg', 'width': 320, 'height': 180}, 'high': {'url': 'https://i.ytimg.com/vi/KQQJN_YUYAQ/hqdefault.jpg', 'width': 480, 'height': 360}, 'standard': {'url': 'https://i.ytimg.com/vi/KQQJN_YUYAQ/sddefault.jpg', 'width': 640, 'height': 480}, 'maxres': {'url': 'https://i.ytimg.com/vi/KQQJN_YUYAQ/maxresdefault.jpg', 'width': 1280, 'height': 720}}",Scott's Bass Lessons,"['bass guitar', 'bass lesson', 'bass lessons', 'beginner', 'beginner bass lesson', 'beginner bass lessons', 'beginners', 'electric bass', 'sbl', 'scott devine', ""scott's bass lessons"", 'scotts bass lessons', 'scottsbasslessons']",10,none,en,"{'title': 'What if one program could solve all of your bass troubles?', 'description': ""🚀 Get 1-1 Bass Coaching (enrollment open now!): http://thesblblueprint.com/\n🔥 Try the SBL Bass Academy FREE for 14 Days: https://sbl.link/join-sbl\n\nFor the past three years, the Blueprint has quietly been helping bass players work through the same hurdles we all face. In this episode, Scott and Ian bring on the coaches who’ve been working one-on-one with students every week to talk about what the program’s really like, the common problems that keep showing up, and how players move past them. If you’ve ever felt stuck on your bass journey, this one’s for you.\n\n===\n\nVideo Breakdown:\n\n00:00:00 - Introduction\n00:02:13 - Simon King (Head of Coaching)\n00:06:13 - Keith Peberdy (Coach)\n00:12:49 - Jim Moore (Head of Program)\n00:13:46 - The Development of the Program\n00:16:00 - Assessments\n00:19:00 - The Pillars & Onboarding Process\n00:21:30 - Awareness of Problem Areas\n00:24:40 - Common Problems\n00:29:20 - Pressure\n00:33:45 - Dedication\n00:36:00 - Group Learning & The Blueprint Live\n00:37:25 - Awareness of Problem Areas (continued)\n00:45:00 - How much time does the program take?\n00:49:55 - Identifying the Spark \n00:52:54 - Masterclasses\n00:58:33 - Blueprint Live\n01:01:00 - Community\n01:02:25 - Before & After\n01:04:00 - Final Thoughts\n\n===\n\nGET MORE BASS TIPS 👇\n_________________________________________________________________\n🙌 Be the first to know - SUBSCRIBE now → https://bit.ly/sub-to-sbl-yt\n🎧 Tune in to our Weekly PODCAST → https://sblpodcast.buzzsprout.com/share\n📱 Try our free GrooveTrainer APP → https://scottsbasslessons.com/groove-trainer-app \n\n\nABOUT SCOTT'S BASS LESSONS (SBL)\n_________________________________________________________________\nAs the largest online bass education platform in the world, with an ever-expanding course library and 40,000+ active members, Scott's Bass Lessons (SBL) has everything you need to master the bass, all in one place. \n\nWith beginner-friendly bass lessons, interactive courses led by industry experts, structured learning paths, personalized feedback, real-time mentorship from top bassists, and a vibrant, supportive community, SBL is the ultimate destination to enhance your bass playing—whether you're starting out or already a professional.\n\nTry SBL Membership today! → https://sbl.link/join-sbl\n\n\nRECOMMENDED BASS PLAYLIST\n_________________________________________________________________\nCatch up with SBL Content you've missed:\n➡️ https://youtube.com/playlist?list=PLq5Wss5r1Cvvplt7z7O45JHk2TaJ3NT53  \n\n#bassguitarlessons #bassforbeginners #easybasslines""}",en-US,
UlcWLU1o_yI,2026-09-02,3495,142805,4754,0,682,PT58M15S,2d,hd,False,False,{},rectangular,2025-08-26T15:00:50Z,UCWTj3vCqkQIsrTGSm4kM34g,MXR Bass Synth: The Bass Pedal that BROKE the internet,"🔥 Try the SBL Bass Academy FREE for 14 Days: https://sbl.link/join-sbl
🚀 Get 1-1 Bass Coaching (enrollment open now!): https://sbl.link/the-blueprint

What happens when you’re not just handed a brand-new bass pedal, but asked to help design the sounds inside it? That’s where Ian found himself with the MXR Synth Pedal. In this episode, he and Sharon finally spill the story - from the first prototype that blew him away, to the sounds he programmed, and why this pedal left every other synth in the dust.
===

Video Breakdown:

00:00 - Introduction
04:41 - The Dunlop Team
05:30 - Tracking & Latency
08:30 - Will Birckhead & Andrew Gouche
09:20 - The Controls / Product Design
12:32 - The Release
17:00 - Green 1
25:50 - Green 2
29:50 - Green 3
33:00 - Green 4
36:00 - Red 1
38:30 - Red 2
43:00 - Red 3
44:30 - Red 4
47:00 - Playing Synth Bass
50:00 - The Prototype
53:00 - Final Thoughts

===

GET MORE BASS TIPS 👇
_________________________________________________________________
🙌 Be the first to know - SUBSCRIBE now → https://bit.ly/sub-to-sbl-yt
🎧 Tune in to our Weekly PODCAST → https://sblpodcast.buzzsprout.com/share
📱 Try our free GrooveTrainer APP → https://scottsbasslessons.com/groove-trainer-app 


ABOUT SCOTT'S BASS LESSONS (SBL)
_________________________________________________________________
As the largest online bass education platform in the world, with an ever-expanding course library and 40,000+ active members, Scott's Bass Lessons (SBL) has everything you need to master the bass, all in one place. 

With beginner-friendly bass lessons, interactive courses led by industry experts, structured learning paths, personalized feedback, real-time mentorship from top bassists, and a vibrant, supportive community, SBL is the ultimate destination to enhance your bass playing—whether you're starting out or already a professional.

Try SBL Membership today! → https://sbl.link/join-sbl


RECOMMENDED BASS PLAYLIST
_________________________________________________________________
Catch up with SBL Content you've missed:
➡️ https://youtube.com/playlist?list=PLq5Wss5r1Cvvplt7z7O45JHk2TaJ3NT53  

#bassguitarlessons #bassforbeginners #easybasslines","{'default': {'url': 'https://i.ytimg.com/vi/UlcWLU1o_yI/default.jpg', 'width': 120, 'height': 90}, 'medium': {'url': 'https://i.ytimg.com/vi/UlcWLU1o_yI/mqdefault.jpg', 'width': 320, 'height': 180}, 'high': {'url': 'https://i.ytimg.com/vi/UlcWLU1o_yI/hqdefault.jpg', 'width': 480, 'height': 360}, 'standard': {'url': 'https://i.ytimg.com/vi/UlcWLU1o_yI/sddefault.jpg', 'width': 640, 'height': 480}, 'maxres': {'url': 'https://i.ytimg.com/vi/UlcWLU1o_yI/maxresdefault.jpg', 'width': 1280, 'height': 720}}",Scott's Bass Lessons,"['bass guitar', 'bass lesson', 'bass lessons', 'beginner', 'beginner bass lesson', 'beginner bass lessons', 'beginners', 'electric bass', 'sbl', 'scott devine', ""scott's bass lessons"", 'scotts bass lessons', 'scottsbasslessons']",10,none,en,"{'title': 'MXR Bass Synth: The Bass Pedal that BROKE the internet', 'description': ""🔥 Try the SBL Bass Academy FREE for 14 Days: https://sbl.link/join-sbl\n🚀 Get 1-1 Bass Coaching (enrollment open now!): https://sbl.link/the-blueprint\n\nWhat happens when you’re not just handed a brand-new bass pedal, but asked to help design the sounds inside it? That’s where Ian found himself with the MXR Synth Pedal. In this episode, he and Sharon finally spill the story - from the first prototype that blew him away, to the sounds he programmed, and why this pedal left every other synth in the dust.\n===\n\nVideo Breakdown:\n\n00:00 - Introduction\n04:41 - The Dunlop Team\n05:30 - Tracking & Latency\n08:30 - Will Birckhead & Andrew Gouche\n09:20 - The Controls / Product Design\n12:32 - The Release\n17:00 - Green 1\n25:50 - Green 2\n29:50 - Green 3\n33:00 - Green 4\n36:00 - Red 1\n38:30 - Red 2\n43:00 - Red 3\n44:30 - Red 4\n47:00 - Playing Synth Bass\n50:00 - The Prototype\n53:00 - Final Thoughts\n\n===\n\nGET MORE BASS TIPS 👇\n_________________________________________________________________\n🙌 Be the first to know - SUBSCRIBE now → https://bit.ly/sub-to-sbl-yt\n🎧 Tune in to our Weekly PODCAST → https://sblpodcast.buzzsprout.com/share\n📱 Try our free GrooveTrainer APP → https://scottsbasslessons.com/groove-trainer-app \n\n\nABOUT SCOTT'S BASS LESSONS (SBL)\n_________________________________________________________________\nAs the largest online bass education platform in the world, with an ever-expanding course library and 40,000+ active members, Scott's Bass Lessons (SBL) has everything you need to master the bass, all in one place. \n\nWith beginner-friendly bass lessons, interactive courses led by industry experts, structured learning paths, personalized feedback, real-time mentorship from top bassists, and a vibrant, supportive community, SBL is the ultimate destination to enhance your bass playing—whether you're starting out or already a professional.\n\nTry SBL Membership today! → https://sbl.link/join-sbl\n\n\nRECOMMENDED BASS PLAYLIST\n_________________________________________________________________\nCatch up with SBL Content you've missed:\n➡️ https://youtube.com/playlist?list=PLq5Wss5r1Cvvplt7z7O45JHk2TaJ3NT53  \n\n#bassguitarlessons #bassforbeginners #easybasslines""}",en-US,{'blocked': ['RU']}
PQk1VondNws,2026-09-02,406,121958,7091,0,483,PT6M46S,2d,hd,False,False,{},rectangular,2025-08-29T15:00:49Z,UCWTj3vCqkQIsrTGSm4kM34g,Danny Sapko Learns Spinal Tap As Fast As Possible,"👉 Grab the FREE Tab & Notation here: https://sbl.link/4mF8Npn
🔥 Try the SBL Bass Academy FREE for 14 Days: https://sbl.link/join-sbl
🚀 Get 1-1 Bass Coaching (enrollment open now!): https://sbl.link/the-blueprint

===

Video Breakdown:

00:00 - Introduction
00:48 - First Listen (Stonehenge - Spinal Tap Feat. Elton John)
02:22 - Relative Pitch
02:50 - Figuring It Out
03:40 - Placing The Dipstick Lick
04:00 - Final Tehk
05:58 - How to Dipstick
06:30 - Outtakes

===

GET MORE BASS TIPS 👇
_________________________________________________________________
🙌 Be the first to know - SUBSCRIBE now → https://bit.ly/sub-to-sbl-yt
🎧 Tune in to our Weekly PODCAST → https://sblpodcast.buzzsprout.com/share
📱 Try our free GrooveTrainer APP → https://scottsbasslessons.com/groove-trainer-app 


ABOUT SCOTT'S BASS LESSONS (SBL)
_________________________________________________________________
As the largest online bass education platform in the world, with an ever-expanding course library and 40,000+ active members, Scott's Bass Lessons (SBL) has everything you need to master the bass, all in one place. 

With beginner-friendly bass lessons, interactive courses led by industry experts, structured learning paths, personalized feedback, real-time mentorship from top bassists, and a vibrant, supportive community, SBL is the ultimate destination to enhance your bass playing—whether you're starting out or already a professional.

Try SBL Membership today! → https://sbl.link/join-sbl


RECOMMENDED BASS PLAYLIST
_________________________________________________________________
Catch up with SBL Content you've missed:
➡️ https://youtube.com/playlist?list=PLq5Wss5r1Cvvplt7z7O45JHk2TaJ3NT53  

#bassguitarlessons #bassforbeginners #easybasslines","{'default': {'url': 'https://i.ytimg.com/vi/PQk1VondNws/default.jpg', 'width': 120, 'height': 90}, 'medium': {'url': 'https://i.ytimg.com/vi/PQk1VondNws/mqdefault.jpg', 'width': 320, 'height': 180}, 'high': {'url': 'https://i.ytimg.com/vi/PQk1VondNws/hqdefault.jpg', 'width': 480, 'height': 360}, 'standard': {'url': 'https://i.ytimg.com/vi/PQk1VondNws/sddefault.jpg', 'width': 640, 'height': 480}, 'maxres': {'url': 'https://i.ytimg.com/vi/PQk1VondNws/maxresdefault.jpg', 'width': 1280, 'height': 720}}",Scott's Bass Lessons,"['bass guitar', 'bass lesson', 'bass lessons', 'beginner', 'beginner bass lesson', 'beginner bass lessons', 'beginners', 'electric bass', 'sbl', 'scott devine', ""scott's bass lessons"", 'scotts bass lessons', 'scottsbasslessons']",10,none,en,"{'title': 'Danny Sapko Learns Spinal Tap As Fast As Possible', 'description': ""👉 Grab the FREE Tab & Notation here: https://sbl.link/4mF8Npn\n🔥 Try the SBL Bass Academy FREE for 14 Days: https://sbl.link/join-sbl\n🚀 Get 1-1 Bass Coaching (enrollment open now!): https://sbl.link/the-blueprint\n\n===\n\nVideo Breakdown:\n\n00:00 - Introduction\n00:48 - First Listen (Stonehenge - Spinal Tap Feat. Elton John)\n02:22 - Relative Pitch\n02:50 - Figuring It Out\n03:40 - Placing The Dipstick Lick\n04:00 - Final Tehk\n05:58 - How to Dipstick\n06:30 - Outtakes\n\n===\n\nGET MORE BASS TIPS 👇\n_________________________________________________________________\n🙌 Be the first to know - SUBSCRIBE now → https://bit.ly/sub-to-sbl-yt\n🎧 Tune in to our Weekly PODCAST → https://sblpodcast.buzzsprout.com/share\n📱 Try our free GrooveTrainer APP → https://scottsbasslessons.com/groove-trainer-app \n\n\nABOUT SCOTT'S BASS LESSONS (SBL)\n_________________________________________________________________\nAs the largest online bass education platform in the world, with an ever-expanding course library and 40,000+ active members, Scott's Bass Lessons (SBL) has everything you need to master the bass, all in one place. \n\nWith beginner-friendly bass lessons, interactive courses led by industry experts, structured learning paths, personalized feedback, real-time mentorship from top bassists, and a vibrant, supportive community, SBL is the ultimate destination to enhance your bass playing—whether you're starting out or already a professional.\n\nTry SBL Membership today! → https://sbl.link/join-sbl\n\n\nRECOMMENDED BASS PLAYLIST\n_________________________________________________________________\nCatch up with SBL Content you've missed:\n➡️ https://youtube.com/playlist?list=PLq5Wss5r1Cvvplt7z7O45JHk2TaJ3NT53  \n\n#bassguitarlessons #bassforbeginners #easybasslines""}",en-US,"{'blocked': ['BY', 'RU']}"
OnUp-0ZDiDQ,2026-09-03,611,92289,2575,0,453,PT10M11S,2d,hd,False,True,{},rectangular,2025-07-25T15:31:26Z,UCWTj3vCqkQIsrTGSm4kM34g,"Cooler than a Jazz Bass? Actually, maybe.","FREE Slap Bass Workshop – Choose Your Time Slot Below!
Join Ian Martin Allison and myself for a 90-minute live session where you’ll decode the slap bass styles of Flea, Marcus Miller, and Larry Graham.

Pick the time that works best for you:

✅ Monday, July 28 @ 3pm UK / 10am EDT / 7am PDT
👉 https://sbl.link/monday-slap-bass-workshop

✅ Tuesday, July 29 @ 8pm UK / 3pm EDT / 12pm PDT
👉 https://sbl.link/tuesday-slap-bass-workshop

*SAME session, two options* — grab your seat and get ready to groove.


GET MORE BASS TIPS 👇
_________________________________________________________________
🙌 Be the first to know - SUBSCRIBE now → https://bit.ly/sub-to-sbl-yt
🎧 Tune in to our Weekly PODCAST → https://sblpodcast.buzzsprout.com/share
📱 Try our free GrooveTrainer APP → https://scottsbasslessons.com/groove-trainer-app 


ABOUT SCOTT’S BASS LESSONS (SBL)
_________________________________________________________________
As the largest online bass education platform in the world, with an ever-expanding course library and 40,000+ active members, Scott’s Bass Lessons (SBL) has everything you need to master the bass, all in one place. 

With beginner-friendly bass lessons, interactive courses led by industry experts, structured learning paths, personalized feedback, real-time mentorship from top bassists, and a vibrant, supportive community, SBL is the ultimate destination to enhance your bass playing—whether you're starting out or already a professional.

Try SBL Membership today! → https://sbl.link/join-sbl


RECOMMENDED BASS PLAYLIST
_________________________________________________________________
Catch up with SBL Content you’ve missed:
➡️ https://youtube.com/playlist?list=PLq5Wss5r1Cvvplt7z7O45JHk2TaJ3NT53  

#bassguitarlessons #bassforbeginners #easybasslines","{'default': {'url': 'https://i.ytimg.com/vi/OnUp-0ZDiDQ/default.jpg', 'width': 120, 'height': 90}, 'medium': {'url': 'https://i.ytimg.com/vi/OnUp-0ZDiDQ/mqdefault.jpg', 'width': 320, 'height': 180}, 'high': {'url': 'https://i.ytimg.com/vi/OnUp-0ZDiDQ/hqdefault.jpg', 'width': 480, 'height': 360}, 'standard': {'url': 'https://i.ytimg.com/vi/OnUp-0ZDiDQ/sddefault.jpg', 'width': 640, 'height': 480}, 'maxres': {'url': 'https://i.ytimg.com/vi/OnUp-0ZDiDQ/maxresdefault.jpg', 'width': 1280, 'height': 720}}",Scott's Bass Lessons,"['scott devine', 'bass lessons', 'bass guitar', 'beginner', 'beginners', 'scottsbasslessons', 'scotts bass lessons', 'sbl', 'electric bass', 'bass lesson', 'beginner bass lesson', 'beginner bass lessons']",10,none,en,"{'title': 'Cooler than a Jazz Bass? Actually, maybe.', 'description': ""FREE Slap Bass Workshop – Choose Your Time Slot Below!\nJoin Ian Martin Allison and myself for a 90-minute live session where you’ll decode the slap bass styles of Flea, Marcus Miller, and Larry Graham.\n\nPick the time that works best for you:\n\n✅ Monday, July 28 @ 3pm UK / 10am EDT / 7am PDT\n👉 https://sbl.link/monday-slap-bass-workshop\n\n✅ Tuesday, July 29 @ 8pm UK / 3pm EDT / 12pm PDT\n👉 https://sbl.link/tuesday-slap-bass-workshop\n\n*SAME session, two options* — grab your seat and get ready to groove.\n\n\nGET MORE BASS TIPS 👇\n_________________________________________________________________\n🙌 Be the first to know - SUBSCRIBE now → https://bit.ly/sub-to-sbl-yt\n🎧 Tune in to our Weekly PODCAST → https://sblpodcast.buzzsprout.com/share\n📱 Try our free GrooveTrainer APP → https://scottsbasslessons.com/groove-trainer-app \n\n\nABOUT SCOTT’S BASS LESSONS (SBL)\n_________________________________________________________________\nAs the largest online bass education platform in the world, with an ever-expanding course library and 40,000+ active members, Scott’s Bass Lessons (SBL) has everything you need to master the bass, all in one place. \n\nWith beginner-friendly bass lessons, interactive courses led by industry experts, structured learning paths, personalized feedback, real-time mentorship from top bassists, and a vibrant, supportive community, SBL is the ultimate destination to enhance your bass playing—whether you're starting out or already a professional.\n\nTry SBL Membership today! → https://sbl.link/join-sbl\n\n\nRECOMMENDED BASS PLAYLIST\n_________________________________________________________________\nCatch up with SBL Content you’ve missed:\n➡️ https://youtube.com/playlist?list=PLq5Wss5r1Cvvplt7z7O45JHk2TaJ3NT53  \n\n#bassguitarlessons #bassforbeginners #easybasslines""}",en,
5UmZlya3AY8,2026-09-03,1029,165215,5429,0,469,PT17M9S,2d,hd,False,True,{},rectangular,2025-07-28T10:37:00Z,UCWTj3vCqkQIsrTGSm4kM34g,responding to the Victor Wooten video,,"{'default': {'url': 'https://i.ytimg.com/vi/5UmZlya3AY8/default.jpg', 'width': 120, 'height': 90}, 'medium': {'url': 'https://i.ytimg.com/vi/5UmZlya3AY8/mqdefault.jpg', 'width': 320, 'height': 180}, 'high': {'url': 'https://i.ytimg.com/vi/5UmZlya3AY8/hqdefault.jpg', 'width': 480, 'height': 360}, 'standard': {'url': 'https://i.ytimg.com/vi/5UmZlya3AY8/sddefault.jpg', 'width': 640, 'height': 480}, 'maxres': {'url': 'https://i.ytimg.com/vi/5UmZlya3AY8/maxresdefault.jpg', 'width': 1280, 'height': 720}}",Scott's Bass Lessons,"['scott devine', 'bass lessons', 'bass guitar', 'beginner', 'beginners', 'scottsbasslessons', 'scotts bass lessons', 'sbl', 'electric bass', 'bass lesson', 'beginner bass lesson', 'beginner bass lessons']",10,none,en,"{'title': 'responding to the Victor Wooten video', 'description': ''}",en,
-8nWeVXyXNk,2026-09-03,855,25159,932,0,90,PT14M15S,2d,hd,False,True,{},rectangular,2025-07-30T15:00:00Z,UCWTj3vCqkQIsrTGSm4kM34g,How does Victor Wooten do THIS??,"🎸 The Slap Accelerator is now OPEN for enrollment! Claim your spot before it closes to get your $100 discount + FREE bonuses → https://sbl.link/3IQanpq

🔥 Try the SBL Bass Academy FREE for 14 Days: https://sbl.link/join-sbl
🚀 Get 1-1 Bass Coaching (enrollment open now!): https://sbl.link/the-blueprint

===

Double thumb used to be my worst nightmare—until Ian dropped a course that made it look way too fun to ignore. In this video, I break down how I finally got it together, plus a slap riff to help you do the same. If you’ve ever struggled with this technique, you’re in good company!

===

00:00 - Introduction
01:43 - The Slap Accelerator
02:25 - The Basics
03:55 - Exercise 1
08:00 - The Riff Breakdown
12:00 - My Slap Bass Journey
12:40 - Final Thoughts

GET MORE BASS TIPS 👇
_________________________________________________________________
🙌 Be the first to know - SUBSCRIBE now → https://bit.ly/sub-to-sbl-yt
🎧 Tune in to our Weekly PODCAST → https://sblpodcast.buzzsprout.com/share
📱 Try our free GrooveTrainer APP → https://scottsbasslessons.com/groove-trainer-app 

ABOUT SCOTT’S BASS LESSONS (SBL)
_________________________________________________________________
As the largest online bass education platform in the world, with an ever-expanding course library and 40,000+ active members, Scott’s Bass Lessons (SBL) has everything you need to master the bass, all in one place. 

With beginner-friendly bass lessons, interactive courses led by industry experts, structured learning paths, personalized feedback, real-time mentorship from top bassists, and a vibrant, supportive community, SBL is the ultimate destination to enhance your bass playing—whether you're starting out or already a professional.

Try SBL Membership today! → https://sbl.link/join-sbl


RECOMMENDED BASS PLAYLIST
_________________________________________________________________
Catch up with SBL Content you’ve missed:
➡️ https://youtube.com/playlist?list=PLq5Wss5r1Cvvplt7z7O45JHk2TaJ3NT53  

#bassguitarlessons #bassforbeginners #easybasslines","{'default': {'url': 'https://i.ytimg.com/vi/-8nWeVXyXNk/default.jpg', 'width': 120, 'height': 90}, 'medium': {'url': 'https://i.ytimg.com/vi/-8nWeVXyXNk/mqdefault.jpg', 'width': 320, 'height': 180}, 'high': {'url': 'https://i.ytimg.com/vi/-8nWeVXyXNk/hqdefault.jpg', 'width': 480, 'height': 360}, 'standard': {'url': 'https://i.ytimg.com/vi/-8nWeVXyXNk/sddefault.jpg', 'width': 640, 'height': 480}, 'maxres': {'url': 'https://i.ytimg.com/vi/-8nWeVXyXNk/maxresdefault.jpg', 'width': 1280, 'height': 720}}",Scott's Bass Lessons,"['scott devine', 'bass lessons', 'bass guitar', 'beginner', 'beginners', 'scottsbasslessons', 'scotts bass lessons', 'sbl', 'electric bass', 'bass lesson', 'beginner bass lesson', 'beginner bass lessons']",10,none,en,"{'title': 'How does Victor Wooten do THIS??', 'description': ""🎸 The Slap Accelerator is now OPEN for enrollment! Claim your spot before it closes to get your $100 discount + FREE bonuses → https://sbl.link/3IQanpq\n\n🔥 Try the SBL Bass Academy FREE for 14 Days: https://sbl.link/join-sbl\n🚀 Get 1-1 Bass Coaching (enrollment open now!): https://sbl.link/the-blueprint\n\n===\n\nDouble thumb used to be my worst nightmare—until Ian dropped a course that made it look way too fun to ignore. In this video, I break down how I finally got it together, plus a slap riff to help you do the same. If you’ve ever struggled with this technique, you’re in good company!\n\n===\n\n00:00 - Introduction\n01:43 - The Slap Accelerator\n02:25 - The Basics\n03:55 - Exercise 1\n08:00 - The Riff Breakdown\n12:00 - My Slap Bass Journey\n12:40 - Final Thoughts\n\nGET MORE BASS TIPS 👇\n_________________________________________________________________\n🙌 Be the first to know - SUBSCRIBE now → https://bit.ly/sub-to-sbl-yt\n🎧 Tune in to our Weekly PODCAST → https://sblpodcast.buzzsprout.com/share\n📱 Try our free GrooveTrainer APP → https://scottsbasslessons.com/groove-trainer-app \n\nABOUT SCOTT’S BASS LESSONS (SBL)\n_________________________________________________________________\nAs the largest online bass education platform in the world, with an ever-expanding course library and 40,000+ active members, Scott’s Bass Lessons (SBL) has everything you need to master the bass, all in one place. \n\nWith beginner-friendly bass lessons, interactive courses led by industry experts, structured learning paths, personalized feedback, real-time mentorship from top bassists, and a vibrant, supportive community, SBL is the ultimate destination to enhance your bass playing—whether you're starting out or already a professional.\n\nTry SBL Membership today! → https://sbl.link/join-sbl\n\n\nRECOMMENDED BASS PLAYLIST\n_________________________________________________________________\nCatch up with SBL Content you’ve missed:\n➡️ https://youtube.com/playlist?list=PLq5Wss5r1Cvvplt7z7O45JHk2TaJ3NT53  \n\n#bassguitarlessons #bassforbeginners #easybasslines""}",en,
X9f7LIhEXN8,2026-09-03,829,31424,947,0,104,PT13M49S,2d,hd,False,True,{},rectangular,2025-08-01T15:00:58Z,UCWTj3vCqkQIsrTGSm4kM34g,Mark Kings’ (Level 42) GREATEST bass line ever,"🎸 The Slap Accelerator is now OPEN for enrollment! Claim your spot before it closes to get your $100 discount + FREE bonuses → https://sbl.link/3IQanpq

👉 Grab the FREE Tab & Notation here: https://sbl.link/45eTA6C
🔥 Try the SBL Bass Academy FREE for 14 Days: https://sbl.link/join-sbl
🚀 Get 1-1 Bass Coaching (enrollment open now!): https://sbl.link/the-blueprint

===

===

00:00 - Introduction
01:00 - The Fretting Hand Slap
01:29 - Fretting Hand Slap Exercise
02:02 - The Main Riff Pt. 1
04:15 - The Main Riff Pt. 2
07:40 - The Main Riff Pt. 3
08:37 - The Repeat
09:49 - Slow Version
10:21 - How To Approach The Bass Line

GET MORE BASS TIPS 👇
_________________________________________________________________
🙌 Be the first to know - SUBSCRIBE now → https://bit.ly/sub-to-sbl-yt
🎧 Tune in to our Weekly PODCAST → https://sblpodcast.buzzsprout.com/share
📱 Try our free GrooveTrainer APP → https://scottsbasslessons.com/groove-trainer-app 

ABOUT SCOTT’S BASS LESSONS (SBL)
_________________________________________________________________
As the largest online bass education platform in the world, with an ever-expanding course library and 40,000+ active members, Scott’s Bass Lessons (SBL) has everything you need to master the bass, all in one place. 

With beginner-friendly bass lessons, interactive courses led by industry experts, structured learning paths, personalized feedback, real-time mentorship from top bassists, and a vibrant, supportive community, SBL is the ultimate destination to enhance your bass playing—whether you're starting out or already a professional.

Try SBL Membership today! → https://sbl.link/join-sbl

RECOMMENDED BASS PLAYLIST
_________________________________________________________________
Catch up with SBL Content you’ve missed:
➡️ https://youtube.com/playlist?list=PLq5Wss5r1Cvvplt7z7O45JHk2TaJ3NT53  

#bassguitarlessons #bassforbeginners #easybasslines","{'default': {'url': 'https://i.ytimg.com/vi/X9f7LIhEXN8/default.jpg', 'width': 120, 'height': 90}, 'medium': {'url': 'https://i.ytimg.com/vi/X9f7LIhEXN8/mqdefault.jpg', 'width': 320, 'height': 180}, 'high': {'url': 'https://i.ytimg.com/vi/X9f7LIhEXN8/hqdefault.jpg', 'width': 480, 'height': 360}, 'standard': {'url': 'https://i.ytimg.com/vi/X9f7LIhEXN8/sddefault.jpg', 'width': 640, 'height': 480}, 'maxres': {'url': 'https://i.ytimg.com/vi/X9f7LIhEXN8/maxresdefault.jpg', 'width': 1280, 'height': 720}}",Scott's Bass Lessons,"['scott devine', 'bass lessons', 'bass guitar', 'beginner', 'beginners', 'scottsbasslessons', 'scotts bass lessons', 'sbl', 'electric bass', 'bass lesson', 'beginner bass lesson', 'beginner bass lessons']",10,none,en,"{'title': 'Mark Kings’ (Level 42) GREATEST bass line ever', 'description': ""🎸 The Slap Accelerator is now OPEN for enrollment! Claim your spot before it closes to get your $100 discount + FREE bonuses → https://sbl.link/3IQanpq\n\n👉 Grab the FREE Tab & Notation here: https://sbl.link/45eTA6C\n🔥 Try the SBL Bass Academy FREE for 14 Days: https://sbl.link/join-sbl\n🚀 Get 1-1 Bass Coaching (enrollment open now!): https://sbl.link/the-blueprint\n\n===\n\n===\n\n00:00 - Introduction\n01:00 - The Fretting Hand Slap\n01:29 - Fretting Hand Slap Exercise\n02:02 - The Main Riff Pt. 1\n04:15 - The Main Riff Pt. 2\n07:40 - The Main Riff Pt. 3\n08:37 - The Repeat\n09:49 - Slow Version\n10:21 - How To Approach The Bass Line\n\nGET MORE BASS TIPS 👇\n_________________________________________________________________\n🙌 Be the first to know - SUBSCRIBE now → https://bit.ly/sub-to-sbl-yt\n🎧 Tune in to our Weekly PODCAST → https://sblpodcast.buzzsprout.com/share\n📱 Try our free GrooveTrainer APP → https://scottsbasslessons.com/groove-trainer-app \n\nABOUT SCOTT’S BASS LESSONS (SBL)\n_________________________________________________________________\nAs the largest online bass education platform in the world, with an ever-expanding course library and 40,000+ active members, Scott’s Bass Lessons (SBL) has everything you need to master the bass, all in one place. \n\nWith beginner-friendly bass lessons, interactive courses led by industry experts, structured learning paths, personalized feedback, real-time mentorship from top bassists, and a vibrant, supportive community, SBL is the ultimate destination to enhance your bass playing—whether you're starting out or already a professional.\n\nTry SBL Membership today! → https://sbl.link/join-sbl\n\nRECOMMENDED BASS PLAYLIST\n_________________________________________________________________\nCatch up with SBL Content you’ve missed:\n➡️ https://youtube.com/playlist?list=PLq5Wss5r1Cvvplt7z7O45JHk2TaJ3NT53  \n\n#bassguitarlessons #bassforbeginners #easybasslines""}",en,
4ervOxAR1xc,2026-09-03,3558,30088,976,0,254,PT59M18S,2d,hd,False,True,{},rectangular,2025-08-04T15:00:07Z,UCWTj3vCqkQIsrTGSm4kM34g,Travel DISASTER? (6 pro-level travel hacks so you don’t have one),"🎸 The Slap Accelerator is OPEN for enrollment! One day left to sign up! → https://sbl.link/4lTQ9JS
🔥 Try the SBL Bass Academy FREE for 14 Days: https://sbl.link/join-sbl
🚀 Get 1-1 Bass Coaching (enrollment open now!): https://sbl.link/the-blueprint

Ian and Sharon swap travel horror stories and share their biggest lessons from years of touring and bass travel. From packing light to gate check debates, things get real (and occasionally frustrating). Expect strong opinions, a few surprises, and plenty of what not to do next time you fly.

===

Video Breakdown:

00:00 - Introduction  
03:30 - Travelling Light  
06:22 - Janek Gwizdala  
08:45 - Carry On VS. Gate Check  
21:16 - 1 - Do Not Fight  
25:18 - 2 - Case Recommendations  
26:42 - 3 - Smart Packing  
32:03 - Travelling with Multiple Basses  
33:53 - 4 - String Prep  
35:18 - Horror Stories  
40:48 - 5 - Small Pedal Board & Bag  
41:59 - Ian Almost Getting Cancelled  
55:05 - 6 - Sneaky Air Tag  

===

GET MORE BASS TIPS 👇
_________________________________________________________________
🙌 Be the first to know - SUBSCRIBE now → https://bit.ly/sub-to-sbl-yt
🎧 Tune in to our Weekly PODCAST → https://sblpodcast.buzzsprout.com/share
📱 Try our free GrooveTrainer APP → https://scottsbasslessons.com/groove-trainer-app 


ABOUT SCOTT'S BASS LESSONS (SBL)
_________________________________________________________________
As the largest online bass education platform in the world, with an ever-expanding course library and 40,000+ active members, Scott's Bass Lessons (SBL) has everything you need to master the bass, all in one place. 

With beginner-friendly bass lessons, interactive courses led by industry experts, structured learning paths, personalized feedback, real-time mentorship from top bassists, and a vibrant, supportive community, SBL is the ultimate destination to enhance your bass playing—whether you're starting out or already a professional.

Try SBL Membership today! → https://sbl.link/join-sbl


RECOMMENDED BASS PLAYLIST
_________________________________________________________________
Catch up with SBL Content you've missed:
➡️ https://youtube.com/playlist?list=PLq5Wss5r1Cvvplt7z7O45JHk2TaJ3NT53  

#bassguitarlessons #bassforbeginners #easybasslines","{'default': {'url': 'https://i.ytimg.com/vi/4ervOxAR1xc/default.jpg', 'width': 120, 'height': 90}, 'medium': {'url': 'https://i.ytimg.com/vi/4ervOxAR1xc/mqdefault.jpg', 'width': 320, 'height': 180}, 'high': {'url': 'https://i.ytimg.com/vi/4ervOxAR1xc/hqdefault.jpg', 'width': 480, 'height': 360}, 'standard': {'url': 'https://i.ytimg.com/vi/4ervOxAR1xc/sddefault.jpg', 'width': 640, 'height': 480}, 'maxres': {'url': 'https://i.ytimg.com/vi/4ervOxAR1xc/maxresdefault.jpg', 'width': 1280, 'height': 720}}",Scott's Bass Lessons,"['bass guitar', 'bass lesson', 'bass lessons', 'beginner', 'beginner bass lesson', 'beginner bass lessons', 'beginners', 'electric bass', 'sbl', 'scott devine', ""scott's bass lessons"", 'scotts bass lessons', 'scottsbasslessons']",10,none,en,"{'title': 'Travel DISASTER? (6 pro-level travel hacks so you don’t have one)', 'description': ""🎸 The Slap Accelerator is OPEN for enrollment! One day left to sign up! → https://sbl.link/4lTQ9JS\n🔥 Try the SBL Bass Academy FREE for 14 Days: https://sbl.link/join-sbl\n🚀 Get 1-1 Bass Coaching (enrollment open now!): https://sbl.link/the-blueprint\n\nIan and Sharon swap travel horror stories and share their biggest lessons from years of touring and bass travel. From packing light to gate check debates, things get real (and occasionally frustrating). Expect strong opinions, a few surprises, and plenty of what not to do next time you fly.\n\n===\n\nVideo Breakdown:\n\n00:00 - Introduction  \n03:30 - Travelling Light  \n06:22 - Janek Gwizdala  \n08:45 - Carry On VS. Gate Check  \n21:16 - 1 - Do Not Fight  \n25:18 - 2 - Case Recommendations  \n26:42 - 3 - Smart Packing  \n32:03 - Travelling with Multiple Basses  \n33:53 - 4 - String Prep  \n35:18 - Horror Stories  \n40:48 - 5 - Small Pedal Board & Bag  \n41:59 - Ian Almost Getting Cancelled  \n55:05 - 6 - Sneaky Air Tag  \n\n===\n\nGET MORE BASS TIPS 👇\n_________________________________________________________________\n🙌 Be the first to know - SUBSCRIBE now → https://bit.ly/sub-to-sbl-yt\n🎧 Tune in to our Weekly PODCAST → https://sblpodcast.buzzsprout.com/share\n📱 Try our free GrooveTrainer APP → https://scottsbasslessons.com/groove-trainer-app \n\n\nABOUT SCOTT'S BASS LESSONS (SBL)\n_________________________________________________________________\nAs the largest online bass education platform in the world, with an ever-expanding course library and 40,000+ active members, Scott's Bass Lessons (SBL) has everything you need to master the bass, all in one place. \n\nWith beginner-friendly bass lessons, interactive courses led by industry experts, structured learning paths, personalized feedback, real-time mentorship from top bassists, and a vibrant, supportive community, SBL is the ultimate destination to enhance your bass playing—whether you're starting out or already a professional.\n\nTry SBL Membership today! → https://sbl.link/join-sbl\n\n\nRECOMMENDED BASS PLAYLIST\n_________________________________________________________________\nCatch up with SBL Content you've missed:\n➡️ https://youtube.com/playlist?list=PLq5Wss5r1Cvvplt7z7O45JHk2TaJ3NT53  \n\n#bassguitarlessons #bassforbeginners #easybasslines""}",en-US,
99pGNiKw0-s,2026-09-03,810,76815,2432,0,401,PT13M30S,2d,hd,False,False,{},rectangular,2025-08-07T15:00:20Z,UCWTj3vCqkQIsrTGSm4kM34g,Is this the Greatest PUNK-SOUL Bass Line of 1982?,"👉 Grab the FREE Tab & Notation here: https://sbl.link/3IXdw6V
🔥 Try the SBL Bass Academy FREE for 14 Days: https://sbl.link/join-sbl
🚀 Get 1-1 Bass Coaching (enrollment open now!): https://sbl.link/the-blueprint

Punk meets Motown? In this lesson, Ian breaks down A Town Called Malice by The Jam—a bass line that’s all feel, motion, and attitude. From the jumpy, soul-inspired groove to the driving verse, there’s a lot going on under the hood. 

You’ll hear the Motown influence - but played like it’s late for a train.
Grab your bass and dig in—this one’s all about getting it in your hands and feeling it for yourself.

===

Video Breakdown:

00:00 - Introduction
00:44 - Motown Inspiration
01:22 - Intro & Chorus Riff
02:58 - Gear & Sound
06:38 - Picking Technique
08:30 - Verse
10:26 - How To Master The Feel
11:00 - Pick Technique Continued
12:40 - Wrap Up
13:05 - Outtakes

===

GET MORE BASS TIPS 👇
_________________________________________________________________
🙌 Be the first to know - SUBSCRIBE now → https://bit.ly/sub-to-sbl-yt
🎧 Tune in to our Weekly PODCAST → https://sblpodcast.buzzsprout.com/share
📱 Try our free GrooveTrainer APP → https://scottsbasslessons.com/groove-trainer-app 


ABOUT SCOTT'S BASS LESSONS (SBL)
_________________________________________________________________
As the largest online bass education platform in the world, with an ever-expanding course library and 40,000+ active members, Scott's Bass Lessons (SBL) has everything you need to master the bass, all in one place. 

With beginner-friendly bass lessons, interactive courses led by industry experts, structured learning paths, personalized feedback, real-time mentorship from top bassists, and a vibrant, supportive community, SBL is the ultimate destination to enhance your bass playing—whether you're starting out or already a professional.

Try SBL Membership today! → https://sbl.link/join-sbl


RECOMMENDED BASS PLAYLIST
_________________________________________________________________
Catch up with SBL Content you've missed:
➡️ https://youtube.com/playlist?list=PLq5Wss5r1Cvvplt7z7O45JHk2TaJ3NT53  

#bassguitarlessons #bassforbeginners #easybasslines","{'default': {'url': 'https://i.ytimg.com/vi/99pGNiKw0-s/default.jpg', 'width': 120, 'height': 90}, 'medium': {'url': 'https://i.ytimg.com/vi/99pGNiKw0-s/mqdefault.jpg', 'width': 320, 'height': 180}, 'high': {'url': 'https://i.ytimg.com/vi/99pGNiKw0-s/hqdefault.jpg', 'width': 480, 'height': 360}, 'standard': {'url': 'https://i.ytimg.com/vi/99pGNiKw0-s/sddefault.jpg', 'width': 640, 'height': 480}, 'maxres': {'url': 'https://i.ytimg.com/vi/99pGNiKw0-s/maxresdefault.jpg', 'width': 1280, 'height': 720}}",Scott's Bass Lessons,"['bass guitar', 'bass lesson', 'bass lessons', 'beginner', 'beginner bass lesson', 'beginner bass lessons', 'beginners', 'electric bass', 'sbl', 'scott devine', ""scott's bass lessons"", 'scotts bass lessons', 'scottsbasslessons']",10,none,en,"{'title': 'Is this the Greatest PUNK-SOUL Bass Line of 1982?', 'description': ""👉 Grab the FREE Tab & Notation here: https://sbl.link/3IXdw6V\n🔥 Try the SBL Bass Academy FREE for 14 Days: https://sbl.link/join-sbl\n🚀 Get 1-1 Bass Coaching (enrollment open now!): https://sbl.link/the-blueprint\n\nPunk meets Motown? In this lesson, Ian breaks down A Town Called Malice by The Jam—a bass line that’s all feel, motion, and attitude. From the jumpy, soul-inspired groove to the driving verse, there’s a lot going on under the hood. \n\nYou’ll hear the Motown influence - but played like it’s late for a train.\nGrab your bass and dig in—this one’s all about getting it in your hands and feeling it for yourself.\n\n===\n\nVideo Breakdown:\n\n00:00 - Introduction\n00:44 - Motown Inspiration\n01:22 - Intro & Chorus Riff\n02:58 - Gear & Sound\n06:38 - Picking Technique\n08:30 - Verse\n10:26 - How To Master The Feel\n11:00 - Pick Technique Continued\n12:40 - Wrap Up\n13:05 - Outtakes\n\n===\n\nGET MORE BASS TIPS 👇\n_________________________________________________________________\n🙌 Be the first to know - SUBSCRIBE now → https://bit.ly/sub-to-sbl-yt\n🎧 Tune in to our Weekly PODCAST → https://sblpodcast.buzzsprout.com/share\n📱 Try our free GrooveTrainer APP → https://scottsbasslessons.com/groove-trainer-app \n\n\nABOUT SCOTT'S BASS LESSONS (SBL)\n_________________________________________________________________\nAs the largest online bass education platform in the world, with an ever-expanding course library and 40,000+ active members, Scott's Bass Lessons (SBL) has everything you need to master the bass, all in one place. \n\nWith beginner-friendly bass lessons, interactive courses led by industry experts, structured learning paths, personalized feedback, real-time mentorship from top bassists, and a vibrant, supportive community, SBL is the ultimate destination to enhance your bass playing—whether you're starting out or already a professional.\n\nTry SBL Membership today! → https://sbl.link/join-sbl\n\n\nRECOMMENDED BASS PLAYLIST\n_________________________________________________________________\nCatch up with SBL Content you've missed:\n➡️ https://youtube.com/playlist?list=PLq5Wss5r1Cvvplt7z7O45JHk2TaJ3NT53  \n\n#bassguitarlessons #bassforbeginners #easybasslines""}",en-US,
VVMtHqlWa4k,2026-09-03,2273,43060,1345,0,134,PT37M53S,2d,hd,False,True,{},rectangular,2025-08-11T15:00:54Z,UCWTj3vCqkQIsrTGSm4kM34g,"Janek Gwizdala's Gear Confessions (Pedals, Basses and more)","🎸 Join the SBL Monthly Giveaway! → https://sbl.link/4gAF9Oj
🔥 Try the SBL Bass Academy FREE for 14 Days: https://sbl.link/join-sbl
🚀 Get 1-1 Bass Coaching (enrollment open now!): https://sbl.link/the-blueprint
💙 Follow Janek Gwizdala 👉 YT:  @janekgwizdala  | www.janekgwizdala.com

Scott sits down with Janek Gwizdala for a deep gear dive, kicking off with his go-to pedal pick for players just getting into bass effects. From there, they move through the basses, pedals, and other essentials that have earned a permanent spot in Janek’s setup. Stick around and see what made the cut.

===

Video Breakdown:

00:00 - Introduction
01:10 - Essential Bass Pedals
04:24 - Compression
05:00 - DIs
07:15 - Performance Pt. 1
08:15 - Janek’s Pedalboard Rundown
18:16 - Performance Pt. 2
19:46 - Improvisation
21:13 - Custom Mattisson Bass
23:27 - RKM Custom Bass V
27:00 - RKM Custom Bass IV
28:35 - Fender Precision Bass
29:30 - Classical Guitar Approach
33:20 - Goya Panther II
35:54 - Final Thoughts

===

GET MORE BASS TIPS 👇
_________________________________________________________________
🙌 Be the first to know - SUBSCRIBE now → https://bit.ly/sub-to-sbl-yt
🎧 Tune in to our Weekly PODCAST → https://sblpodcast.buzzsprout.com/share
📱 Try our free GrooveTrainer APP → https://scottsbasslessons.com/groove-trainer-app 


ABOUT SCOTT’S BASS LESSONS (SBL)
_________________________________________________________________
As the largest online bass education platform in the world, with an ever-expanding course library and 40,000+ active members, Scott’s Bass Lessons (SBL) has everything you need to master the bass, all in one place. 

With beginner-friendly bass lessons, interactive courses led by industry experts, structured learning paths, personalized feedback, real-time mentorship from top bassists, and a vibrant, supportive community, SBL is the ultimate destination to enhance your bass playing—whether you're starting out or already a professional.

Try SBL Membership today! → https://sbl.link/join-sbl


RECOMMENDED BASS PLAYLIST
_________________________________________________________________
Catch up with SBL Content you’ve missed:
➡️ https://youtube.com/playlist?list=PLq5Wss5r1Cvvplt7z7O45JHk2TaJ3NT53  

#bassguitarlessons #bassforbeginners #easybasslines","{'default': {'url': 'https://i.ytimg.com/vi/VVMtHqlWa4k/default.jpg', 'width': 120, 'height': 90}, 'medium': {'url': 'https://i.ytimg.com/vi/VVMtHqlWa4k/mqdefault.jpg', 'width': 320, 'height': 180}, 'high': {'url': 'https://i.ytimg.com/vi/VVMtHqlWa4k/hqdefault.jpg', 'width': 480, 'height': 360}, 'standard': {'url': 'https://i.ytimg.com/vi/VVMtHqlWa4k/sddefault.jpg', 'width': 640, 'height': 480}, 'maxres': {'url': 'https://i.ytimg.com/vi/VVMtHqlWa4k/maxresdefault.jpg', 'width': 1280, 'height': 720}}",Scott's Bass Lessons,"['scott devine', 'bass lessons', 'bass guitar', 'beginner', 'beginners', 'scottsbasslessons', 'scotts bass lessons', 'sbl', 'electric bass', 'bass lesson', 'beginner bass lesson', 'beginner bass lessons']",10,none,en,"{'title': ""Janek Gwizdala's Gear Confessions (Pedals, Basses and more)"", 'description': ""🎸 Join the SBL Monthly Giveaway! → https://sbl.link/4gAF9Oj\n🔥 Try the SBL Bass Academy FREE for 14 Days: https://sbl.link/join-sbl\n🚀 Get 1-1 Bass Coaching (enrollment open now!): https://sbl.link/the-blueprint\n💙 Follow Janek Gwizdala 👉 YT:  @janekgwizdala  | www.janekgwizdala.com\n\nScott sits down with Janek Gwizdala for a deep gear dive, kicking off with his go-to pedal pick for players just getting into bass effects. From there, they move through the basses, pedals, and other essentials that have earned a permanent spot in Janek’s setup. Stick around and see what made the cut.\n\n===\n\nVideo Breakdown:\n\n00:00 - Introduction\n01:10 - Essential Bass Pedals\n04:24 - Compression\n05:00 - DIs\n07:15 - Performance Pt. 1\n08:15 - Janek’s Pedalboard Rundown\n18:16 - Performance Pt. 2\n19:46 - Improvisation\n21:13 - Custom Mattisson Bass\n23:27 - RKM Custom Bass V\n27:00 - RKM Custom Bass IV\n28:35 - Fender Precision Bass\n29:30 - Classical Guitar Approach\n33:20 - Goya Panther II\n35:54 - Final Thoughts\n\n===\n\nGET MORE BASS TIPS 👇\n_________________________________________________________________\n🙌 Be the first to know - SUBSCRIBE now → https://bit.ly/sub-to-sbl-yt\n🎧 Tune in to our Weekly PODCAST → https://sblpodcast.buzzsprout.com/share\n📱 Try our free GrooveTrainer APP → https://scottsbasslessons.com/groove-trainer-app \n\n\nABOUT SCOTT’S BASS LESSONS (SBL)\n_________________________________________________________________\nAs the largest online bass education platform in the world, with an ever-expanding course library and 40,000+ active members, Scott’s Bass Lessons (SBL) has everything you need to master the bass, all in one place. \n\nWith beginner-friendly bass lessons, interactive courses led by industry experts, structured learning paths, personalized feedback, real-time mentorship from top bassists, and a vibrant, supportive community, SBL is the ultimate destination to enhance your bass playing—whether you're starting out or already a professional.\n\nTry SBL Membership today! → https://sbl.link/join-sbl\n\n\nRECOMMENDED BASS PLAYLIST\n_________________________________________________________________\nCatch up with SBL Content you’ve missed:\n➡️ https://youtube.com/playlist?list=PLq5Wss5r1Cvvplt7z7O45JHk2TaJ3NT53  \n\n#bassguitarlessons #bassforbeginners #easybasslines""}",en,
go6CfSD0f10,2026-09-03,1364,727852,21099,0,1271,PT22M44S,2d,hd,False,False,{},rectangular,2025-08-13T15:01:13Z,UCWTj3vCqkQIsrTGSm4kM34g,"Jazz Fusion Trio Covers The Police on the spot (ft. Hadrien Feraud, Cory Henry & Ronald Bruner Jr.)","🔥 Try the SBL Bass Academy FREE for 14 Days: https://sbl.link/join-sbl
🚀 Get 1-1 Bass Coaching (enrollment open now!): https://sbl.link/the-blueprint

What happens when Hadrien Feraud, Cory Henry, and Ronald Bruner Jr. take on a Police tune—and flip it into a brand-new arrangement on the spot? Ian and Scott watch in awe as the trio crack the harmony, lock in the groove, and bring the whole thing to life right in front of you.

===

Video Breakdown:

00:00 - Introduction
01:07 - The Track Reveal (The Police - King of Pain)
02:34 - Figuring Out The Harmony
03:25 - Finding The Groove
05:40 - Last Verse Variant
07:08 - King of Pain - Full Take
15:50 - Q&A

===

GET MORE BASS TIPS 👇
_________________________________________________________________
🙌 Be the first to know - SUBSCRIBE now → https://bit.ly/sub-to-sbl-yt
🎧 Tune in to our Weekly PODCAST → https://sblpodcast.buzzsprout.com/share
📱 Try our free GrooveTrainer APP → https://scottsbasslessons.com/groove-trainer-app 


ABOUT SCOTT’S BASS LESSONS (SBL)
_________________________________________________________________
As the largest online bass education platform in the world, with an ever-expanding course library and 40,000+ active members, Scott’s Bass Lessons (SBL) has everything you need to master the bass, all in one place. 

With beginner-friendly bass lessons, interactive courses led by industry experts, structured learning paths, personalized feedback, real-time mentorship from top bassists, and a vibrant, supportive community, SBL is the ultimate destination to enhance your bass playing—whether you're starting out or already a professional.

Try SBL Membership today! → https://sbl.link/join-sbl


RECOMMENDED BASS PLAYLIST
_________________________________________________________________
Catch up with SBL Content you’ve missed:
➡️ https://youtube.com/playlist?list=PLq5Wss5r1Cvvplt7z7O45JHk2TaJ3NT53  

#bassguitarlessons #bassforbeginners #easybasslines","{'default': {'url': 'https://i.ytimg.com/vi/go6CfSD0f10/default.jpg', 'width': 120, 'height': 90}, 'medium': {'url': 'https://i.ytimg.com/vi/go6CfSD0f10/mqdefault.jpg', 'width': 320, 'height': 180}, 'high': {'url': 'https://i.ytimg.com/vi/go6CfSD0f10/hqdefault.jpg', 'width': 480, 'height': 360}, 'standard': {'url': 'https://i.ytimg.com/vi/go6CfSD0f10/sddefault.jpg', 'width': 640, 'height': 480}, 'maxres': {'url': 'https://i.ytimg.com/vi/go6CfSD0f10/maxresdefault.jpg', 'width': 1280, 'height': 720}}",Scott's Bass Lessons,"['scott devine', 'bass lessons', 'bass guitar', 'beginner', 'beginners', 'scottsbasslessons', 'scotts bass lessons', 'sbl', 'electric bass', 'bass lesson', 'beginner bass lesson', 'beginner bass lessons']",10,none,en,"{'title': 'Jazz Fusion Trio Covers The Police on the spot (ft. Hadrien Feraud, Cory Henry & Ronald Bruner Jr.)', 'description': ""🔥 Try the SBL Bass Academy FREE for 14 Days: https://sbl.link/join-sbl\n🚀 Get 1-1 Bass Coaching (enrollment open now!): https://sbl.link/the-blueprint\n\nWhat happens when Hadrien Feraud, Cory Henry, and Ronald Bruner Jr. take on a Police tune—and flip it into a brand-new arrangement on the spot? Ian and Scott watch in awe as the trio crack the harmony, lock in the groove, and bring the whole thing to life right in front of you.\n\n===\n\nVideo Breakdown:\n\n00:00 - Introduction\n01:07 - The Track Reveal (The Police - King of Pain)\n02:34 - Figuring Out The Harmony\n03:25 - Finding The Groove\n05:40 - Last Verse Variant\n07:08 - King of Pain - Full Take\n15:50 - Q&A\n\n===\n\nGET MORE BASS TIPS 👇\n_________________________________________________________________\n🙌 Be the first to know - SUBSCRIBE now → https://bit.ly/sub-to-sbl-yt\n🎧 Tune in to our Weekly PODCAST → https://sblpodcast.buzzsprout.com/share\n📱 Try our free GrooveTrainer APP → https://scottsbasslessons.com/groove-trainer-app \n\n\nABOUT SCOTT’S BASS LESSONS (SBL)\n_________________________________________________________________\nAs the largest online bass education platform in the world, with an ever-expanding course library and 40,000+ active members, Scott’s Bass Lessons (SBL) has everything you need to master the bass, all in one place. \n\nWith beginner-friendly bass lessons, interactive courses led by industry experts, structured learning paths, personalized feedback, real-time mentorship from top bassists, and a vibrant, supportive community, SBL is the ultimate destination to enhance your bass playing—whether you're starting out or already a professional.\n\nTry SBL Membership today! → https://sbl.link/join-sbl\n\n\nRECOMMENDED BASS PLAYLIST\n_________________________________________________________________\nCatch up with SBL Content you’ve missed:\n➡️ https://youtube.com/playlist?list=PLq5Wss5r1Cvvplt7z7O45JHk2TaJ3NT53  \n\n#bassguitarlessons #bassforbeginners #easybasslines""}",en,"{'blocked': ['BY', 'RU']}"
Gbm9Zg5ww5A,2026-09-03,715,145539,5680,0,629,PT11M55S,2d,hd,False,False,{},rectangular,2025-08-20T15:00:33Z,UCWTj3vCqkQIsrTGSm4kM34g,Is this the Greatest GRUNGE Bass Line of 1992?,"👉 Grab the FREE Tab & Notation here: https://sbl.link/47avtJf
🔥 Try the SBL Bass Academy FREE for 14 Days: https://sbl.link/join-sbl
🚀 Get 1-1 Bass Coaching (enrollment open now!): https://sbl.link/the-blueprint

Is Would? The ultimate grunge bass line? Scott and Ian explore the riffs, tone, and production tricks that turned this Alice in Chains anthem into one of the most unforgettable bass moments of the '90s. Grab your bass, tune down, and play along as they unpack every detail.

===

Video Breakdown:

00:00 - Introduction
00:53 - Verse
02:25 - The Isolated Bass Part
03:00 - Verse (Continued)
04:35 - The Tone
05:34 - The Lollapalooza Soundcheck 1993
06:15 - The Art SGX Nightbass
07:33 - Chorus
08:40 - The Secret Revealed!
11:00 - Final Thoughts
11:23 - Outtakes

===

GET MORE BASS TIPS 👇
_________________________________________________________________
🙌 Be the first to know - SUBSCRIBE now → https://bit.ly/sub-to-sbl-yt
🎧 Tune in to our Weekly PODCAST → https://sblpodcast.buzzsprout.com/share
📱 Try our free GrooveTrainer APP → https://scottsbasslessons.com/groove-trainer-app 


ABOUT SCOTT'S BASS LESSONS (SBL)
_________________________________________________________________
As the largest online bass education platform in the world, with an ever-expanding course library and 40,000+ active members, Scott's Bass Lessons (SBL) has everything you need to master the bass, all in one place. 

With beginner-friendly bass lessons, interactive courses led by industry experts, structured learning paths, personalized feedback, real-time mentorship from top bassists, and a vibrant, supportive community, SBL is the ultimate destination to enhance your bass playing—whether you're starting out or already a professional.

Try SBL Membership today! → https://sbl.link/join-sbl


RECOMMENDED BASS PLAYLIST
_________________________________________________________________
Catch up with SBL Content you've missed:
➡️ https://youtube.com/playlist?list=PLq5Wss5r1Cvvplt7z7O45JHk2TaJ3NT53  

#bassguitarlessons #bassforbeginners #easybasslines","{'default': {'url': 'https://i.ytimg.com/vi/Gbm9Zg5ww5A/default.jpg', 'width': 120, 'height': 90}, 'medium': {'url': 'https://i.ytimg.com/vi/Gbm9Zg5ww5A/mqdefault.jpg', 'width': 320, 'height': 180}, 'high': {'url': 'https://i.ytimg.com/vi/Gbm9Zg5ww5A/hqdefault.jpg', 'width': 480, 'height': 360}, 'standard': {'url': 'https://i.ytimg.com/vi/Gbm9Zg5ww5A/sddefault.jpg', 'width': 640, 'height': 480}, 'maxres': {'url': 'https://i.ytimg.com/vi/Gbm9Zg5ww5A/maxresdefault.jpg', 'width': 1280, 'height': 720}}",Scott's Bass Lessons,"['bass guitar', 'bass lesson', 'bass lessons', 'beginner', 'beginner bass lesson', 'beginner bass lessons', 'beginners', 'electric bass', 'sbl', 'scott devine', ""scott's bass lessons"", 'scotts bass lessons', 'scottsbasslessons']",10,none,en,"{'title': 'Is this the Greatest GRUNGE Bass Line of 1992?', 'description': ""👉 Grab the FREE Tab & Notation here: https://sbl.link/47avtJf\n🔥 Try the SBL Bass Academy FREE for 14 Days: https://sbl.link/join-sbl\n🚀 Get 1-1 Bass Coaching (enrollment open now!): https://sbl.link/the-blueprint\n\nIs Would? The ultimate grunge bass line? Scott and Ian explore the riffs, tone, and production tricks that turned this Alice in Chains anthem into one of the most unforgettable bass moments of the '90s. Grab your bass, tune down, and play along as they unpack every detail.\n\n===\n\nVideo Breakdown:\n\n00:00 - Introduction\n00:53 - Verse\n02:25 - The Isolated Bass Part\n03:00 - Verse (Continued)\n04:35 - The Tone\n05:34 - The Lollapalooza Soundcheck 1993\n06:15 - The Art SGX Nightbass\n07:33 - Chorus\n08:40 - The Secret Revealed!\n11:00 - Final Thoughts\n11:23 - Outtakes\n\n===\n\nGET MORE BASS TIPS 👇\n_________________________________________________________________\n🙌 Be the first to know - SUBSCRIBE now → https://bit.ly/sub-to-sbl-yt\n🎧 Tune in to our Weekly PODCAST → https://sblpodcast.buzzsprout.com/share\n📱 Try our free GrooveTrainer APP → https://scottsbasslessons.com/groove-trainer-app \n\n\nABOUT SCOTT'S BASS LESSONS (SBL)\n_________________________________________________________________\nAs the largest online bass education platform in the world, with an ever-expanding course library and 40,000+ active members, Scott's Bass Lessons (SBL) has everything you need to master the bass, all in one place. \n\nWith beginner-friendly bass lessons, interactive courses led by industry experts, structured learning paths, personalized feedback, real-time mentorship from top bassists, and a vibrant, supportive community, SBL is the ultimate destination to enhance your bass playing—whether you're starting out or already a professional.\n\nTry SBL Membership today! → https://sbl.link/join-sbl\n\n\nRECOMMENDED BASS PLAYLIST\n_________________________________________________________________\nCatch up with SBL Content you've missed:\n➡️ https://youtube.com/playlist?list=PLq5Wss5r1Cvvplt7z7O45JHk2TaJ3NT53  \n\n#bassguitarlessons #bassforbeginners #easybasslines""}",en-US,{'blocked': ['RU']}
KQQJN_YUYAQ,2026-09-03,4141,17763,397,0,79,PT1H9M1S,2d,hd,False,True,{},rectangular,2025-08-22T15:00:38Z,UCWTj3vCqkQIsrTGSm4kM34g,What if one program could solve all of your bass troubles?,"🚀 Get 1-1 Bass Coaching (enrollment open now!): http://thesblblueprint.com/
🔥 Try the SBL Bass Academy FREE for 14 Days: https://sbl.link/join-sbl

For the past three years, the Blueprint has quietly been helping bass players work through the same hurdles we all face. In this episode, Scott and Ian bring on the coaches who’ve been working one-on-one with students every week to talk about what the program’s really like, the common problems that keep showing up, and how players move past them. If you’ve ever felt stuck on your bass journey, this one’s for you.

===

Video Breakdown:

00:00:00 - Introduction
00:02:13 - Simon King (Head of Coaching)
00:06:13 - Keith Peberdy (Coach)
00:12:49 - Jim Moore (Head of Program)
00:13:46 - The Development of the Program
00:16:00 - Assessments
00:19:00 - The Pillars & Onboarding Process
00:21:30 - Awareness of Problem Areas
00:24:40 - Common Problems
00:29:20 - Pressure
00:33:45 - Dedication
00:36:00 - Group Learning & The Blueprint Live
00:37:25 - Awareness of Problem Areas (continued)
00:45:00 - How much time does the program take?
00:49:55 - Identifying the Spark 
00:52:54 - Masterclasses
00:58:33 - Blueprint Live
01:01:00 - Community
01:02:25 - Before & After
01:04:00 - Final Thoughts

===

GET MORE BASS TIPS 👇
_________________________________________________________________
🙌 Be the first to know - SUBSCRIBE now → https://bit.ly/sub-to-sbl-yt
🎧 Tune in to our Weekly PODCAST → https://sblpodcast.buzzsprout.com/share
📱 Try our free GrooveTrainer APP → https://scottsbasslessons.com/groove-trainer-app 


ABOUT SCOTT'S BASS LESSONS (SBL)
_________________________________________________________________
As the largest online bass education platform in the world, with an ever-expanding course library and 40,000+ active members, Scott's Bass Lessons (SBL) has everything you need to master the bass, all in one place. 

With beginner-friendly bass lessons, interactive courses led by industry experts, structured learning paths, personalized feedback, real-time mentorship from top bassists, and a vibrant, supportive community, SBL is the ultimate destination to enhance your bass playing—whether you're starting out or already a professional.

Try SBL Membership today! → https://sbl.link/join-sbl


RECOMMENDED BASS PLAYLIST
_________________________________________________________________
Catch up with SBL Content you've missed:
➡️ https://youtube.com/playlist?list=PLq5Wss5r1Cvvplt7z7O45JHk2TaJ3NT53  

#bassguitarlessons #bassforbeginners #easybasslines","{'default': {'url': 'https://i.ytimg.com/vi/KQQJN_YUYAQ/default.jpg', 'width': 120, 'height': 90}, 'medium': {'url': 'https://i.ytimg.com/vi/KQQJN_YUYAQ/mqdefault.jpg', 'width': 320, 'height': 180}, 'high': {'url': 'https://i.ytimg.com/vi/KQQJN_YUYAQ/hqdefault.jpg', 'width': 480, 'height': 360}, 'standard': {'url': 'https://i.ytimg.com/vi/KQQJN_YUYAQ/sddefault.jpg', 'width': 640, 'height': 480}, 'maxres': {'url': 'https://i.ytimg.com/vi/KQQJN_YUYAQ/maxresdefault.jpg', 'width': 1280, 'height': 720}}",Scott's Bass Lessons,"['bass guitar', 'bass lesson', 'bass lessons', 'beginner', 'beginner bass lesson', 'beginner bass lessons', 'beginners', 'electric bass', 'sbl', 'scott devine', ""scott's bass lessons"", 'scotts bass lessons', 'scottsbasslessons']",10,none,en,"{'title': 'What if one program could solve all of your bass troubles?', 'description': ""🚀 Get 1-1 Bass Coaching (enrollment open now!): http://thesblblueprint.com/\n🔥 Try the SBL Bass Academy FREE for 14 Days: https://sbl.link/join-sbl\n\nFor the past three years, the Blueprint has quietly been helping bass players work through the same hurdles we all face. In this episode, Scott and Ian bring on the coaches who’ve been working one-on-one with students every week to talk about what the program’s really like, the common problems that keep showing up, and how players move past them. If you’ve ever felt stuck on your bass journey, this one’s for you.\n\n===\n\nVideo Breakdown:\n\n00:00:00 - Introduction\n00:02:13 - Simon King (Head of Coaching)\n00:06:13 - Keith Peberdy (Coach)\n00:12:49 - Jim Moore (Head of Program)\n00:13:46 - The Development of the Program\n00:16:00 - Assessments\n00:19:00 - The Pillars & Onboarding Process\n00:21:30 - Awareness of Problem Areas\n00:24:40 - Common Problems\n00:29:20 - Pressure\n00:33:45 - Dedication\n00:36:00 - Group Learning & The Blueprint Live\n00:37:25 - Awareness of Problem Areas (continued)\n00:45:00 - How much time does the program take?\n00:49:55 - Identifying the Spark \n00:52:54 - Masterclasses\n00:58:33 - Blueprint Live\n01:01:00 - Community\n01:02:25 - Before & After\n01:04:00 - Final Thoughts\n\n===\n\nGET MORE BASS TIPS 👇\n_________________________________________________________________\n🙌 Be the first to know - SUBSCRIBE now → https://bit.ly/sub-to-sbl-yt\n🎧 Tune in to our Weekly PODCAST → https://sblpodcast.buzzsprout.com/share\n📱 Try our free GrooveTrainer APP → https://scottsbasslessons.com/groove-trainer-app \n\n\nABOUT SCOTT'S BASS LESSONS (SBL)\n_________________________________________________________________\nAs the largest online bass education platform in the world, with an ever-expanding course library and 40,000+ active members, Scott's Bass Lessons (SBL) has everything you need to master the bass, all in one place. \n\nWith beginner-friendly bass lessons, interactive courses led by industry experts, structured learning paths, personalized feedback, real-time mentorship from top bassists, and a vibrant, supportive community, SBL is the ultimate destination to enhance your bass playing—whether you're starting out or already a professional.\n\nTry SBL Membership today! → https://sbl.link/join-sbl\n\n\nRECOMMENDED BASS PLAYLIST\n_________________________________________________________________\nCatch up with SBL Content you've missed:\n➡️ https://youtube.com/playlist?list=PLq5Wss5r1Cvvplt7z7O45JHk2TaJ3NT53  \n\n#bassguitarlessons #bassforbeginners #easybasslines""}",en-US,
UlcWLU1o_yI,2026-09-03,3495,142999,4756,0,682,PT58M15S,2d,hd,False,False,{},rectangular,2025-08-26T15:00:50Z,UCWTj3vCqkQIsrTGSm4kM34g,MXR Bass Synth: The Bass Pedal that BROKE the internet,"🔥 Try the SBL Bass Academy FREE for 14 Days: https://sbl.link/join-sbl
🚀 Get 1-1 Bass Coaching (enrollment open now!): https://sbl.link/the-blueprint

What happens when you’re not just handed a brand-new bass pedal, but asked to help design the sounds inside it? That’s where Ian found himself with the MXR Synth Pedal. In this episode, he and Sharon finally spill the story - from the first prototype that blew him away, to the sounds he programmed, and why this pedal left every other synth in the dust.
===

Video Breakdown:

00:00 - Introduction
04:41 - The Dunlop Team
05:30 - Tracking & Latency
08:30 - Will Birckhead & Andrew Gouche
09:20 - The Controls / Product Design
12:32 - The Release
17:00 - Green 1
25:50 - Green 2
29:50 - Green 3
33:00 - Green 4
36:00 - Red 1
38:30 - Red 2
43:00 - Red 3
44:30 - Red 4
47:00 - Playing Synth Bass
50:00 - The Prototype
53:00 - Final Thoughts

===

GET MORE BASS TIPS 👇
_________________________________________________________________
🙌 Be the first to know - SUBSCRIBE now → https://bit.ly/sub-to-sbl-yt
🎧 Tune in to our Weekly PODCAST → https://sblpodcast.buzzsprout.com/share
📱 Try our free GrooveTrainer APP → https://scottsbasslessons.com/groove-trainer-app 


ABOUT SCOTT'S BASS LESSONS (SBL)
_________________________________________________________________
As the largest online bass education platform in the world, with an ever-expanding course library and 40,000+ active members, Scott's Bass Lessons (SBL) has everything you need to master the bass, all in one place. 

With beginner-friendly bass lessons, interactive courses led by industry experts, structured learning paths, personalized feedback, real-time mentorship from top bassists, and a vibrant, supportive community, SBL is the ultimate destination to enhance your bass playing—whether you're starting out or already a professional.

Try SBL Membership today! → https://sbl.link/join-sbl


RECOMMENDED BASS PLAYLIST
_________________________________________________________________
Catch up with SBL Content you've missed:
➡️ https://youtube.com/playlist?list=PLq5Wss5r1Cvvplt7z7O45JHk2TaJ3NT53  

#bassguitarlessons #bassforbeginners #easybasslines","{'default': {'url': 'https://i.ytimg.com/vi/UlcWLU1o_yI/default.jpg', 'width': 120, 'height': 90}, 'medium': {'url': 'https://i.ytimg.com/vi/UlcWLU1o_yI/mqdefault.jpg', 'width': 320, 'height': 180}, 'high': {'url': 'https://i.ytimg.com/vi/UlcWLU1o_yI/hqdefault.jpg', 'width': 480, 'height': 360}, 'standard': {'url': 'https://i.ytimg.com/vi/UlcWLU1o_yI/sddefault.jpg', 'width': 640, 'height': 480}, 'maxres': {'url': 'https://i.ytimg.com/vi/UlcWLU1o_yI/maxresdefault.jpg', 'width': 1280, 'height': 720}}",Scott's Bass Lessons,"['bass guitar', 'bass lesson', 'bass lessons', 'beginner', 'beginner bass lesson', 'beginner bass lessons', 'beginners', 'electric bass', 'sbl', 'scott devine', ""scott's bass lessons"", 'scotts bass lessons', 'scottsbasslessons']",10,none,en,"{'title': 'MXR Bass Synth: The Bass Pedal that BROKE the internet', 'description': ""🔥 Try the SBL Bass Academy FREE for 14 Days: https://sbl.link/join-sbl\n🚀 Get 1-1 Bass Coaching (enrollment open now!): https://sbl.link/the-blueprint\n\nWhat happens when you’re not just handed a brand-new bass pedal, but asked to help design the sounds inside it? That’s where Ian found himself with the MXR Synth Pedal. In this episode, he and Sharon finally spill the story - from the first prototype that blew him away, to the sounds he programmed, and why this pedal left every other synth in the dust.\n===\n\nVideo Breakdown:\n\n00:00 - Introduction\n04:41 - The Dunlop Team\n05:30 - Tracking & Latency\n08:30 - Will Birckhead & Andrew Gouche\n09:20 - The Controls / Product Design\n12:32 - The Release\n17:00 - Green 1\n25:50 - Green 2\n29:50 - Green 3\n33:00 - Green 4\n36:00 - Red 1\n38:30 - Red 2\n43:00 - Red 3\n44:30 - Red 4\n47:00 - Playing Synth Bass\n50:00 - The Prototype\n53:00 - Final Thoughts\n\n===\n\nGET MORE BASS TIPS 👇\n_________________________________________________________________\n🙌 Be the first to know - SUBSCRIBE now → https://bit.ly/sub-to-sbl-yt\n🎧 Tune in to our Weekly PODCAST → https://sblpodcast.buzzsprout.com/share\n📱 Try our free GrooveTrainer APP → https://scottsbasslessons.com/groove-trainer-app \n\n\nABOUT SCOTT'S BASS LESSONS (SBL)\n_________________________________________________________________\nAs the largest online bass education platform in the world, with an ever-expanding course library and 40,000+ active members, Scott's Bass Lessons (SBL) has everything you need to master the bass, all in one place. \n\nWith beginner-friendly bass lessons, interactive courses led by industry experts, structured learning paths, personalized feedback, real-time mentorship from top bassists, and a vibrant, supportive community, SBL is the ultimate destination to enhance your bass playing—whether you're starting out or already a professional.\n\nTry SBL Membership today! → https://sbl.link/join-sbl\n\n\nRECOMMENDED BASS PLAYLIST\n_________________________________________________________________\nCatch up with SBL Content you've missed:\n➡️ https://youtube.com/playlist?list=PLq5Wss5r1Cvvplt7z7O45JHk2TaJ3NT53  \n\n#bassguitarlessons #bassforbeginners #easybasslines""}",en-US,{'blocked': ['RU']}
PQk1VondNws,2026-09-03,406,122006,7093,0,483,PT6M46S,2d,hd,False,False,{},rectangular,2025-08-29T15:00:49Z,UCWTj3vCqkQIsrTGSm4kM34g,Danny Sapko Learns Spinal Tap As Fast As Possible,"👉 Grab the FREE Tab & Notation here: https://sbl.link/4mF8Npn
🔥 Try the SBL Bass Academy FREE for 14 Days: https://sbl.link/join-sbl
🚀 Get 1-1 Bass Coaching (enrollment open now!): https://sbl.link/the-blueprint

===

Video Breakdown:

00:00 - Introduction
00:48 - First Listen (Stonehenge - Spinal Tap Feat. Elton John)
02:22 - Relative Pitch
02:50 - Figuring It Out
03:40 - Placing The Dipstick Lick
04:00 - Final Tehk
05:58 - How to Dipstick
06:30 - Outtakes

===

GET MORE BASS TIPS 👇
_________________________________________________________________
🙌 Be the first to know - SUBSCRIBE now → https://bit.ly/sub-to-sbl-yt
🎧 Tune in to our Weekly PODCAST → https://sblpodcast.buzzsprout.com/share
📱 Try our free GrooveTrainer APP → https://scottsbasslessons.com/groove-trainer-app 


ABOUT SCOTT'S BASS LESSONS (SBL)
_________________________________________________________________
As the largest online bass education platform in the world, with an ever-expanding course library and 40,000+ active members, Scott's Bass Lessons (SBL) has everything you need to master the bass, all in one place. 

With beginner-friendly bass lessons, interactive courses led by industry experts, structured learning paths, personalized feedback, real-time mentorship from top bassists, and a vibrant, supportive community, SBL is the ultimate destination to enhance your bass playing—whether you're starting out or already a professional.

Try SBL Membership today! → https://sbl.link/join-sbl


RECOMMENDED BASS PLAYLIST
_________________________________________________________________
Catch up with SBL Content you've missed:
➡️ https://youtube.com/playlist?list=PLq5Wss5r1Cvvplt7z7O45JHk2TaJ3NT53  

#bassguitarlessons #bassforbeginners #easybasslines","{'default': {'url': 'https://i.ytimg.com/vi/PQk1VondNws/default.jpg', 'width': 120, 'height': 90}, 'medium': {'url': 'https://i.ytimg.com/vi/PQk1VondNws/mqdefault.jpg', 'width': 320, 'height': 180}, 'high': {'url': 'https://i.ytimg.com/vi/PQk1VondNws/hqdefault.jpg', 'width': 480, 'height': 360}, 'standard': {'url': 'https://i.ytimg.com/vi/PQk1VondNws/sddefault.jpg', 'width': 640, 'height': 480}, 'maxres': {'url': 'https://i.ytimg.com/vi/PQk1VondNws/maxresdefault.jpg', 'width': 1280, 'height': 720}}",Scott's Bass Lessons,"['bass guitar', 'bass lesson', 'bass lessons', 'beginner', 'beginner bass lesson', 'beginner bass lessons', 'beginners', 'electric bass', 'sbl', 'scott devine', ""scott's bass lessons"", 'scotts bass lessons', 'scottsbasslessons']",10,none,en,"{'title': 'Danny Sapko Learns Spinal Tap As Fast As Possible', 'description': ""👉 Grab the FREE Tab & Notation here: https://sbl.link/4mF8Npn\n🔥 Try the SBL Bass Academy FREE for 14 Days: https://sbl.link/join-sbl\n🚀 Get 1-1 Bass Coaching (enrollment open now!): https://sbl.link/the-blueprint\n\n===\n\nVideo Breakdown:\n\n00:00 - Introduction\n00:48 - First Listen (Stonehenge - Spinal Tap Feat. Elton John)\n02:22 - Relative Pitch\n02:50 - Figuring It Out\n03:40 - Placing The Dipstick Lick\n04:00 - Final Tehk\n05:58 - How to Dipstick\n06:30 - Outtakes\n\n===\n\nGET MORE BASS TIPS 👇\n_________________________________________________________________\n🙌 Be the first to know - SUBSCRIBE now → https://bit.ly/sub-to-sbl-yt\n🎧 Tune in to our Weekly PODCAST → https://sblpodcast.buzzsprout.com/share\n📱 Try our free GrooveTrainer APP → https://scottsbasslessons.com/groove-trainer-app \n\n\nABOUT SCOTT'S BASS LESSONS (SBL)\n_________________________________________________________________\nAs the largest online bass education platform in the world, with an ever-expanding course library and 40,000+ active members, Scott's Bass Lessons (SBL) has everything you need to master the bass, all in one place. \n\nWith beginner-friendly bass lessons, interactive courses led by industry experts, structured learning paths, personalized feedback, real-time mentorship from top bassists, and a vibrant, supportive community, SBL is the ultimate destination to enhance your bass playing—whether you're starting out or already a professional.\n\nTry SBL Membership today! → https://sbl.link/join-sbl\n\n\nRECOMMENDED BASS PLAYLIST\n_________________________________________________________________\nCatch up with SBL Content you've missed:\n➡️ https://youtube.com/playlist?list=PLq5Wss5r1Cvvplt7z7O45JHk2TaJ3NT53  \n\n#bassguitarlessons #bassforbeginners #easybasslines""}",en-US,"{'blocked': ['BY', 'RU']}"
OnUp-0ZDiDQ,2026-09-04,611,92340,2576,0,453,PT10M11S,2d,hd,False,True,{},rectangular,2025-07-25T15:31:26Z,UCWTj3vCqkQIsrTGSm4kM34g,"Cooler than a Jazz Bass? Actually, maybe.","FREE Slap Bass Workshop – Choose Your Time Slot Below!
Join Ian Martin Allison and myself for a 90-minute live session where you’ll decode the slap bass styles of Flea, Marcus Miller, and Larry Graham.

Pick the time that works best for you:

✅ Monday, July 28 @ 3pm UK / 10am EDT / 7am PDT
👉 https://sbl.link/monday-slap-bass-workshop

✅ Tuesday, July 29 @ 8pm UK / 3pm EDT / 12pm PDT
👉 https://sbl.link/tuesday-slap-bass-workshop

*SAME session, two options* — grab your seat and get ready to groove.


GET MORE BASS TIPS 👇
_________________________________________________________________
🙌 Be the first to know - SUBSCRIBE now → https://bit.ly/sub-to-sbl-yt
🎧 Tune in to our Weekly PODCAST → https://sblpodcast.buzzsprout.com/share
📱 Try our free GrooveTrainer APP → https://scottsbasslessons.com/groove-trainer-app 


ABOUT SCOTT’S BASS LESSONS (SBL)
_________________________________________________________________
As the largest online bass education platform in the world, with an ever-expanding course library and 40,000+ active members, Scott’s Bass Lessons (SBL) has everything you need to master the bass, all in one place. 

With beginner-friendly bass lessons, interactive courses led by industry experts, structured learning paths, personalized feedback, real-time mentorship from top bassists, and a vibrant, supportive community, SBL is the ultimate destination to enhance your bass playing—whether you're starting out or already a professional.

Try SBL Membership today! → https://sbl.link/join-sbl


RECOMMENDED BASS PLAYLIST
_________________________________________________________________
Catch up with SBL Content you’ve missed:
➡️ https://youtube.com/playlist?list=PLq5Wss5r1Cvvplt7z7O45JHk2TaJ3NT53  

#bassguitarlessons #bassforbeginners #easybasslines","{'default': {'url': 'https://i.ytimg.com/vi/OnUp-0ZDiDQ/default.jpg', 'width': 120, 'height': 90}, 'medium': {'url': 'https://i.ytimg.com/vi/OnUp-0ZDiDQ/mqdefault.jpg', 'width': 320, 'height': 180}, 'high': {'url': 'https://i.ytimg.com/vi/OnUp-0ZDiDQ/hqdefault.jpg', 'width': 480, 'height': 360}, 'standard': {'url': 'https://i.ytimg.com/vi/OnUp-0ZDiDQ/sddefault.jpg', 'width': 640, 'height': 480}, 'maxres': {'url': 'https://i.ytimg.com/vi/OnUp-0ZDiDQ/maxresdefault.jpg', 'width': 1280, 'height': 720}}",Scott's Bass Lessons,"['scott devine', 'bass lessons', 'bass guitar', 'beginner', 'beginners', 'scottsbasslessons', 'scotts bass lessons', 'sbl', 'electric bass', 'bass lesson', 'beginner bass lesson', 'beginner bass lessons']",10,none,en,"{'title': 'Cooler than a Jazz Bass? Actually, maybe.', 'description': ""FREE Slap Bass Workshop – Choose Your Time Slot Below!\nJoin Ian Martin Allison and myself for a 90-minute live session where you’ll decode the slap bass styles of Flea, Marcus Miller, and Larry Graham.\n\nPick the time that works best for you:\n\n✅ Monday, July 28 @ 3pm UK / 10am EDT / 7am PDT\n👉 https://sbl.link/monday-slap-bass-workshop\n\n✅ Tuesday, July 29 @ 8pm UK / 3pm EDT / 12pm PDT\n👉 https://sbl.link/tuesday-slap-bass-workshop\n\n*SAME session, two options* — grab your seat and get ready to groove.\n\n\nGET MORE BASS TIPS 👇\n_________________________________________________________________\n🙌 Be the first to know - SUBSCRIBE now → https://bit.ly/sub-to-sbl-yt\n🎧 Tune in to our Weekly PODCAST → https://sblpodcast.buzzsprout.com/share\n📱 Try our free GrooveTrainer APP → https://scottsbasslessons.com/groove-trainer-app \n\n\nABOUT SCOTT’S BASS LESSONS (SBL)\n_________________________________________________________________\nAs the largest online bass education platform in the world, with an ever-expanding course library and 40,000+ active members, Scott’s Bass Lessons (SBL) has everything you need to master the bass, all in one place. \n\nWith beginner-friendly bass lessons, interactive courses led by industry experts, structured learning paths, personalized feedback, real-time mentorship from top bassists, and a vibrant, supportive community, SBL is the ultimate destination to enhance your bass playing—whether you're starting out or already a professional.\n\nTry SBL Membership today! → https://sbl.link/join-sbl\n\n\nRECOMMENDED BASS PLAYLIST\n_________________________________________________________________\nCatch up with SBL Content you’ve missed:\n➡️ https://youtube.com/playlist?list=PLq5Wss5r1Cvvplt7z7O45JHk2TaJ3NT53  \n\n#bassguitarlessons #bassforbeginners #easybasslines""}",en,
5UmZlya3AY8,2026-09-04,1029,165233,5430,0,469,PT17M9S,2d,hd,False,True,{},rectangular,2025-07-28T10:37:00Z,UCWTj3vCqkQIsrTGSm4kM34g,responding to the Victor Wooten video,,"{'default': {'url': 'https://i.ytimg.com/vi/5UmZlya3AY8/default.jpg', 'width': 120, 'height': 90}, 'medium': {'url': 'https://i.ytimg.com/vi/5UmZlya3AY8/mqdefault.jpg', 'width': 320, 'height': 180}, 'high': {'url': 'https://i.ytimg.com/vi/5UmZlya3AY8/hqdefault.jpg', 'width': 480, 'height': 360}, 'standard': {'url': 'https://i.ytimg.com/vi/5UmZlya3AY8/sddefault.jpg', 'width': 640, 'height': 480}, 'maxres': {'url': 'https://i.ytimg.com/vi/5UmZlya3AY8/maxresdefault.jpg', 'width': 1280, 'height': 720}}",Scott's Bass Lessons,"['scott devine', 'bass lessons', 'bass guitar', 'beginner', 'beginners', 'scottsbasslessons', 'scotts bass lessons', 'sbl', 'electric bass', 'bass lesson', 'beginner bass lesson', 'beginner bass lessons']",10,none,en,"{'title': 'responding to the Victor Wooten video', 'description': ''}",en,
-8nWeVXyXNk,2026-09-04,855,25159,932,0,90,PT14M15S,2d,hd,False,True,{},rectangular,2025-07-30T15:00:00Z,UCWTj3vCqkQIsrTGSm4kM34g,How does Victor Wooten do THIS??,"🎸 The Slap Accelerator is now OPEN for enrollment! Claim your spot before it closes to get your $100 discount + FREE bonuses → https://sbl.link/3IQanpq

🔥 Try the SBL Bass Academy FREE for 14 Days: https://sbl.link/join-sbl
🚀 Get 1-1 Bass Coaching (enrollment open now!): https://sbl.link/the-blueprint

===

Double thumb used to be my worst nightmare—until Ian dropped a course that made it look way too fun to ignore. In this video, I break down how I finally got it together, plus a slap riff to help you do the same. If you’ve ever struggled with this technique, you’re in good company!

===

00:00 - Introduction
01:43 - The Slap Accelerator
02:25 - The Basics
03:55 - Exercise 1
08:00 - The Riff Breakdown
12:00 - My Slap Bass Journey
12:40 - Final Thoughts

GET MORE BASS TIPS 👇
_________________________________________________________________
🙌 Be the first to know - SUBSCRIBE now → https://bit.ly/sub-to-sbl-yt
🎧 Tune in to our Weekly PODCAST → https://sblpodcast.buzzsprout.com/share
📱 Try our free GrooveTrainer APP → https://scottsbasslessons.com/groove-trainer-app 

ABOUT SCOTT’S BASS LESSONS (SBL)
_________________________________________________________________
As the largest online bass education platform in the world, with an ever-expanding course library and 40,000+ active members, Scott’s Bass Lessons (SBL) has everything you need to master the bass, all in one place. 

With beginner-friendly bass lessons, interactive courses led by industry experts, structured learning paths, personalized feedback, real-time mentorship from top bassists, and a vibrant, supportive community, SBL is the ultimate destination to enhance your bass playing—whether you're starting out or already a professional.

Try SBL Membership today! → https://sbl.link/join-sbl


RECOMMENDED BASS PLAYLIST
_________________________________________________________________
Catch up with SBL Content you’ve missed:
➡️ https://youtube.com/playlist?list=PLq5Wss5r1Cvvplt7z7O45JHk2TaJ3NT53  

#bassguitarlessons #bassforbeginners #easybasslines","{'default': {'url': 'https://i.ytimg.com/vi/-8nWeVXyXNk/default.jpg', 'width': 120, 'height': 90}, 'medium': {'url': 'https://i.ytimg.com/vi/-8nWeVXyXNk/mqdefault.jpg', 'width': 320, 'height': 180}, 'high': {'url': 'https://i.ytimg.com/vi/-8nWeVXyXNk/hqdefault.jpg', 'width': 480, 'height': 360}, 'standard': {'url': 'https://i.ytimg.com/vi/-8nWeVXyXNk/sddefault.jpg', 'width': 640, 'height': 480}, 'maxres': {'url': 'https://i.ytimg.com/vi/-8nWeVXyXNk/maxresdefault.jpg', 'width': 1280, 'height': 720}}",Scott's Bass Lessons,"['scott devine', 'bass lessons', 'bass guitar', 'beginner', 'beginners', 'scottsbasslessons', 'scotts bass lessons', 'sbl', 'electric bass', 'bass lesson', 'beginner bass lesson', 'beginner bass lessons']",10,none,en,"{'title': 'How does Victor Wooten do THIS??', 'description': ""🎸 The Slap Accelerator is now OPEN for enrollment! Claim your spot before it closes to get your $100 discount + FREE bonuses → https://sbl.link/3IQanpq\n\n🔥 Try the SBL Bass Academy FREE for 14 Days: https://sbl.link/join-sbl\n🚀 Get 1-1 Bass Coaching (enrollment open now!): https://sbl.link/the-blueprint\n\n===\n\nDouble thumb used to be my worst nightmare—until Ian dropped a course that made it look way too fun to ignore. In this video, I break down how I finally got it together, plus a slap riff to help you do the same. If you’ve ever struggled with this technique, you’re in good company!\n\n===\n\n00:00 - Introduction\n01:43 - The Slap Accelerator\n02:25 - The Basics\n03:55 - Exercise 1\n08:00 - The Riff Breakdown\n12:00 - My Slap Bass Journey\n12:40 - Final Thoughts\n\nGET MORE BASS TIPS 👇\n_________________________________________________________________\n🙌 Be the first to know - SUBSCRIBE now → https://bit.ly/sub-to-sbl-yt\n🎧 Tune in to our Weekly PODCAST → https://sblpodcast.buzzsprout.com/share\n📱 Try our free GrooveTrainer APP → https://scottsbasslessons.com/groove-trainer-app \n\nABOUT SCOTT’S BASS LESSONS (SBL)\n_________________________________________________________________\nAs the largest online bass education platform in the world, with an ever-expanding course library and 40,000+ active members, Scott’s Bass Lessons (SBL) has everything you need to master the bass, all in one place. \n\nWith beginner-friendly bass lessons, interactive courses led by industry experts, structured learning paths, personalized feedback, real-time mentorship from top bassists, and a vibrant, supportive community, SBL is the ultimate destination to enhance your bass playing—whether you're starting out or already a professional.\n\nTry SBL Membership today! → https://sbl.link/join-sbl\n\n\nRECOMMENDED BASS PLAYLIST\n_________________________________________________________________\nCatch up with SBL Content you’ve missed:\n➡️ https://youtube.com/playlist?list=PLq5Wss5r1Cvvplt7z7O45JHk2TaJ3NT53  \n\n#bassguitarlessons #bassforbeginners #easybasslines""}",en,
X9f7LIhEXN8,2026-09-04,829,31439,947,0,104,PT13M49S,2d,hd,False,True,{},rectangular,2025-08-01T15:00:58Z,UCWTj3vCqkQIsrTGSm4kM34g,Mark Kings’ (Level 42) GREATEST bass line ever,"🎸 The Slap Accelerator is now OPEN for enrollment! Claim your spot before it closes to get your $100 discount + FREE bonuses → https://sbl.link/3IQanpq

👉 Grab the FREE Tab & Notation here: https://sbl.link/45eTA6C
🔥 Try the SBL Bass Academy FREE for 14 Days: https://sbl.link/join-sbl
🚀 Get 1-1 Bass Coaching (enrollment open now!): https://sbl.link/the-blueprint

===

===

00:00 - Introduction
01:00 - The Fretting Hand Slap
01:29 - Fretting Hand Slap Exercise
02:02 - The Main Riff Pt. 1
04:15 - The Main Riff Pt. 2
07:40 - The Main Riff Pt. 3
08:37 - The Repeat
09:49 - Slow Version
10:21 - How To Approach The Bass Line

GET MORE BASS TIPS 👇
_________________________________________________________________
🙌 Be the first to know - SUBSCRIBE now → https://bit.ly/sub-to-sbl-yt
🎧 Tune in to our Weekly PODCAST → https://sblpodcast.buzzsprout.com/share
📱 Try our free GrooveTrainer APP → https://scottsbasslessons.com/groove-trainer-app 

ABOUT SCOTT’S BASS LESSONS (SBL)
_________________________________________________________________
As the largest online bass education platform in the world, with an ever-expanding course library and 40,000+ active members, Scott’s Bass Lessons (SBL) has everything you need to master the bass, all in one place. 

With beginner-friendly bass lessons, interactive courses led by industry experts, structured learning paths, personalized feedback, real-time mentorship from top bassists, and a vibrant, supportive community, SBL is the ultimate destination to enhance your bass playing—whether you're starting out or already a professional.

Try SBL Membership today! → https://sbl.link/join-sbl

RECOMMENDED BASS PLAYLIST
_________________________________________________________________
Catch up with SBL Content you’ve missed:
➡️ https://youtube.com/playlist?list=PLq5Wss5r1Cvvplt7z7O45JHk2TaJ3NT53  

#bassguitarlessons #bassforbeginners #easybasslines","{'default': {'url': 'https://i.ytimg.com/vi/X9f7LIhEXN8/default.jpg', 'width': 120, 'height': 90}, 'medium': {'url': 'https://i.ytimg.com/vi/X9f7LIhEXN8/mqdefault.jpg', 'width': 320, 'height': 180}, 'high': {'url': 'https://i.ytimg.com/vi/X9f7LIhEXN8/hqdefault.jpg', 'width': 480, 'height': 360}, 'standard': {'url': 'https://i.ytimg.com/vi/X9f7LIhEXN8/sddefault.jpg', 'width': 640, 'height': 480}, 'maxres': {'url': 'https://i.ytimg.com/vi/X9f7LIhEXN8/maxresdefault.jpg', 'width': 1280, 'height': 720}}",Scott's Bass Lessons,"['scott devine', 'bass lessons', 'bass guitar', 'beginner', 'beginners', 'scottsbasslessons', 'scotts bass lessons', 'sbl', 'electric bass', 'bass lesson', 'beginner bass lesson', 'beginner bass lessons']",10,none,en,"{'title': 'Mark Kings’ (Level 42) GREATEST bass line ever', 'description': ""🎸 The Slap Accelerator is now OPEN for enrollment! Claim your spot before it closes to get your $100 discount + FREE bonuses → https://sbl.link/3IQanpq\n\n👉 Grab the FREE Tab & Notation here: https://sbl.link/45eTA6C\n🔥 Try the SBL Bass Academy FREE for 14 Days: https://sbl.link/join-sbl\n🚀 Get 1-1 Bass Coaching (enrollment open now!): https://sbl.link/the-blueprint\n\n===\n\n===\n\n00:00 - Introduction\n01:00 - The Fretting Hand Slap\n01:29 - Fretting Hand Slap Exercise\n02:02 - The Main Riff Pt. 1\n04:15 - The Main Riff Pt. 2\n07:40 - The Main Riff Pt. 3\n08:37 - The Repeat\n09:49 - Slow Version\n10:21 - How To Approach The Bass Line\n\nGET MORE BASS TIPS 👇\n_________________________________________________________________\n🙌 Be the first to know - SUBSCRIBE now → https://bit.ly/sub-to-sbl-yt\n🎧 Tune in to our Weekly PODCAST → https://sblpodcast.buzzsprout.com/share\n📱 Try our free GrooveTrainer APP → https://scottsbasslessons.com/groove-trainer-app \n\nABOUT SCOTT’S BASS LESSONS (SBL)\n_________________________________________________________________\nAs the largest online bass education platform in the world, with an ever-expanding course library and 40,000+ active members, Scott’s Bass Lessons (SBL) has everything you need to master the bass, all in one place. \n\nWith beginner-friendly bass lessons, interactive courses led by industry experts, structured learning paths, personalized feedback, real-time mentorship from top bassists, and a vibrant, supportive community, SBL is the ultimate destination to enhance your bass playing—whether you're starting out or already a professional.\n\nTry SBL Membership today! → https://sbl.link/join-sbl\n\nRECOMMENDED BASS PLAYLIST\n_________________________________________________________________\nCatch up with SBL Content you’ve missed:\n➡️ https://youtube.com/playlist?list=PLq5Wss5r1Cvvplt7z7O45JHk2TaJ3NT53  \n\n#bassguitarlessons #bassforbeginners #easybasslines""}",en,
4ervOxAR1xc,2026-09-04,3558,30107,976,0,254,PT59M18S,2d,hd,False,True,{},rectangular,2025-08-04T15:00:07Z,UCWTj3vCqkQIsrTGSm4kM34g,Travel DISASTER? (6 pro-level travel hacks so you don’t have one),"🎸 The Slap Accelerator is OPEN for enrollment! One day left to sign up! → https://sbl.link/4lTQ9JS
🔥 Try the SBL Bass Academy FREE for 14 Days: https://sbl.link/join-sbl
🚀 Get 1-1 Bass Coaching (enrollment open now!): https://sbl.link/the-blueprint

Ian and Sharon swap travel horror stories and share their biggest lessons from years of touring and bass travel. From packing light to gate check debates, things get real (and occasionally frustrating). Expect strong opinions, a few surprises, and plenty of what not to do next time you fly.

===

Video Breakdown:

00:00 - Introduction  
03:30 - Travelling Light  
06:22 - Janek Gwizdala  
08:45 - Carry On VS. Gate Check  
21:16 - 1 - Do Not Fight  
25:18 - 2 - Case Recommendations  
26:42 - 3 - Smart Packing  
32:03 - Travelling with Multiple Basses  
33:53 - 4 - String Prep  
35:18 - Horror Stories  
40:48 - 5 - Small Pedal Board & Bag  
41:59 - Ian Almost Getting Cancelled  
55:05 - 6 - Sneaky Air Tag  

===

GET MORE BASS TIPS 👇
_________________________________________________________________
🙌 Be the first to know - SUBSCRIBE now → https://bit.ly/sub-to-sbl-yt
🎧 Tune in to our Weekly PODCAST → https://sblpodcast.buzzsprout.com/share
📱 Try our free GrooveTrainer APP → https://scottsbasslessons.com/groove-trainer-app 


ABOUT SCOTT'S BASS LESSONS (SBL)
_________________________________________________________________
As the largest online bass education platform in the world, with an ever-expanding course library and 40,000+ active members, Scott's Bass Lessons (SBL) has everything you need to master the bass, all in one place. 

With beginner-friendly bass lessons, interactive courses led by industry experts, structured learning paths, personalized feedback, real-time mentorship from top bassists, and a vibrant, supportive community, SBL is the ultimate destination to enhance your bass playing—whether you're starting out or already a professional.

Try SBL Membership today! → https://sbl.link/join-sbl


RECOMMENDED BASS PLAYLIST
_________________________________________________________________
Catch up with SBL Content you've missed:
➡️ https://youtube.com/playlist?list=PLq5Wss5r1Cvvplt7z7O45JHk2TaJ3NT53  

#bassguitarlessons #bassforbeginners #easybasslines","{'default': {'url': 'https://i.ytimg.com/vi/4ervOxAR1xc/default.jpg', 'width': 120, 'height': 90}, 'medium': {'url': 'https://i.ytimg.com/vi/4ervOxAR1xc/mqdefault.jpg', 'width': 320, 'height': 180}, 'high': {'url': 'https://i.ytimg.com/vi/4ervOxAR1xc/hqdefault.jpg', 'width': 480, 'height': 360}, 'standard': {'url': 'https://i.ytimg.com/vi/4ervOxAR1xc/sddefault.jpg', 'width': 640, 'height': 480}, 'maxres': {'url': 'https://i.ytimg.com/vi/4ervOxAR1xc/maxresdefault.jpg', 'width': 1280, 'height': 720}}",Scott's Bass Lessons,"['bass guitar', 'bass lesson', 'bass lessons', 'beginner', 'beginner bass lesson', 'beginner bass lessons', 'beginners', 'electric bass', 'sbl', 'scott devine', ""scott's bass lessons"", 'scotts bass lessons', 'scottsbasslessons']",10,none,en,"{'title': 'Travel DISASTER? (6 pro-level travel hacks so you don’t have one)', 'description': ""🎸 The Slap Accelerator is OPEN for enrollment! One day left to sign up! → https://sbl.link/4lTQ9JS\n🔥 Try the SBL Bass Academy FREE for 14 Days: https://sbl.link/join-sbl\n🚀 Get 1-1 Bass Coaching (enrollment open now!): https://sbl.link/the-blueprint\n\nIan and Sharon swap travel horror stories and share their biggest lessons from years of touring and bass travel. From packing light to gate check debates, things get real (and occasionally frustrating). Expect strong opinions, a few surprises, and plenty of what not to do next time you fly.\n\n===\n\nVideo Breakdown:\n\n00:00 - Introduction  \n03:30 - Travelling Light  \n06:22 - Janek Gwizdala  \n08:45 - Carry On VS. Gate Check  \n21:16 - 1 - Do Not Fight  \n25:18 - 2 - Case Recommendations  \n26:42 - 3 - Smart Packing  \n32:03 - Travelling with Multiple Basses  \n33:53 - 4 - String Prep  \n35:18 - Horror Stories  \n40:48 - 5 - Small Pedal Board & Bag  \n41:59 - Ian Almost Getting Cancelled  \n55:05 - 6 - Sneaky Air Tag  \n\n===\n\nGET MORE BASS TIPS 👇\n_________________________________________________________________\n🙌 Be the first to know - SUBSCRIBE now → https://bit.ly/sub-to-sbl-yt\n🎧 Tune in to our Weekly PODCAST → https://sblpodcast.buzzsprout.com/share\n📱 Try our free GrooveTrainer APP → https://scottsbasslessons.com/groove-trainer-app \n\n\nABOUT SCOTT'S BASS LESSONS (SBL)\n_________________________________________________________________\nAs the largest online bass education platform in the world, with an ever-expanding course library and 40,000+ active members, Scott's Bass Lessons (SBL) has everything you need to master the bass, all in one place. \n\nWith beginner-friendly bass lessons, interactive courses led by industry experts, structured learning paths, personalized feedback, real-time mentorship from top bassists, and a vibrant, supportive community, SBL is the ultimate destination to enhance your bass playing—whether you're starting out or already a professional.\n\nTry SBL Membership today! → https://sbl.link/join-sbl\n\n\nRECOMMENDED BASS PLAYLIST\n_________________________________________________________________\nCatch up with SBL Content you've missed:\n➡️ https://youtube.com/playlist?list=PLq5Wss5r1Cvvplt7z7O45JHk2TaJ3NT53  \n\n#bassguitarlessons #bassforbeginners #easybasslines""}",en-US,
99pGNiKw0-s,2026-09-04,810,76874,2432,0,401,PT13M30S,2d,hd,False,False,{},rectangular,2025-08-07T15:00:20Z,UCWTj3vCqkQIsrTGSm4kM34g,Is this the Greatest PUNK-SOUL Bass Line of 1982?,"👉 Grab the FREE Tab & Notation here: https://sbl.link/3IXdw6V
🔥 Try the SBL Bass Academy FREE for 14 Days: https://sbl.link/join-sbl
🚀 Get 1-1 Bass Coaching (enrollment open now!): https://sbl.link/the-blueprint

Punk meets Motown? In this lesson, Ian breaks down A Town Called Malice by The Jam—a bass line that’s all feel, motion, and attitude. From the jumpy, soul-inspired groove to the driving verse, there’s a lot going on under the hood. 

You’ll hear the Motown influence - but played like it’s late for a train.
Grab your bass and dig in—this one’s all about getting it in your hands and feeling it for yourself.

===

Video Breakdown:

00:00 - Introduction
00:44 - Motown Inspiration
01:22 - Intro & Chorus Riff
02:58 - Gear & Sound
06:38 - Picking Technique
08:30 - Verse
10:26 - How To Master The Feel
11:00 - Pick Technique Continued
12:40 - Wrap Up
13:05 - Outtakes

===

GET MORE BASS TIPS 👇
_________________________________________________________________
🙌 Be the first to know - SUBSCRIBE now → https://bit.ly/sub-to-sbl-yt
🎧 Tune in to our Weekly PODCAST → https://sblpodcast.buzzsprout.com/share
📱 Try our free GrooveTrainer APP → https://scottsbasslessons.com/groove-trainer-app 


ABOUT SCOTT'S BASS LESSONS (SBL)
_________________________________________________________________
As the largest online bass education platform in the world, with an ever-expanding course library and 40,000+ active members, Scott's Bass Lessons (SBL) has everything you need to master the bass, all in one place. 

With beginner-friendly bass lessons, interactive courses led by industry experts, structured learning paths, personalized feedback, real-time mentorship from top bassists, and a vibrant, supportive community, SBL is the ultimate destination to enhance your bass playing—whether you're starting out or already a professional.

Try SBL Membership today! → https://sbl.link/join-sbl


RECOMMENDED BASS PLAYLIST
_________________________________________________________________
Catch up with SBL Content you've missed:
➡️ https://youtube.com/playlist?list=PLq5Wss5r1Cvvplt7z7O45JHk2TaJ3NT53  

#bassguitarlessons #bassforbeginners #easybasslines","{'default': {'url': 'https://i.ytimg.com/vi/99pGNiKw0-s/default.jpg', 'width': 120, 'height': 90}, 'medium': {'url': 'https://i.ytimg.com/vi/99pGNiKw0-s/mqdefault.jpg', 'width': 320, 'height': 180}, 'high': {'url': 'https://i.ytimg.com/vi/99pGNiKw0-s/hqdefault.jpg', 'width': 480, 'height': 360}, 'standard': {'url': 'https://i.ytimg.com/vi/99pGNiKw0-s/sddefault.jpg', 'width': 640, 'height': 480}, 'maxres': {'url': 'https://i.ytimg.com/vi/99pGNiKw0-s/maxresdefault.jpg', 'width': 1280, 'height': 720}}",Scott's Bass Lessons,"['bass guitar', 'bass lesson', 'bass lessons', 'beginner', 'beginner bass lesson', 'beginner bass lessons', 'beginners', 'electric bass', 'sbl', 'scott devine', ""scott's bass lessons"", 'scotts bass lessons', 'scottsbasslessons']",10,none,en,"{'title': 'Is this the Greatest PUNK-SOUL Bass Line of 1982?', 'description': ""👉 Grab the FREE Tab & Notation here: https://sbl.link/3IXdw6V\n🔥 Try the SBL Bass Academy FREE for 14 Days: https://sbl.link/join-sbl\n🚀 Get 1-1 Bass Coaching (enrollment open now!): https://sbl.link/the-blueprint\n\nPunk meets Motown? In this lesson, Ian breaks down A Town Called Malice by The Jam—a bass line that’s all feel, motion, and attitude. From the jumpy, soul-inspired groove to the driving verse, there’s a lot going on under the hood. \n\nYou’ll hear the Motown influence - but played like it’s late for a train.\nGrab your bass and dig in—this one’s all about getting it in your hands and feeling it for yourself.\n\n===\n\nVideo Breakdown:\n\n00:00 - Introduction\n00:44 - Motown Inspiration\n01:22 - Intro & Chorus Riff\n02:58 - Gear & Sound\n06:38 - Picking Technique\n08:30 - Verse\n10:26 - How To Master The Feel\n11:00 - Pick Technique Continued\n12:40 - Wrap Up\n13:05 - Outtakes\n\n===\n\nGET MORE BASS TIPS 👇\n_________________________________________________________________\n🙌 Be the first to know - SUBSCRIBE now → https://bit.ly/sub-to-sbl-yt\n🎧 Tune in to our Weekly PODCAST → https://sblpodcast.buzzsprout.com/share\n📱 Try our free GrooveTrainer APP → https://scottsbasslessons.com/groove-trainer-app \n\n\nABOUT SCOTT'S BASS LESSONS (SBL)\n_________________________________________________________________\nAs the largest online bass education platform in the world, with an ever-expanding course library and 40,000+ active members, Scott's Bass Lessons (SBL) has everything you need to master the bass, all in one place. \n\nWith beginner-friendly bass lessons, interactive courses led by industry experts, structured learning paths, personalized feedback, real-time mentorship from top bassists, and a vibrant, supportive community, SBL is the ultimate destination to enhance your bass playing—whether you're starting out or already a professional.\n\nTry SBL Membership today! → https://sbl.link/join-sbl\n\n\nRECOMMENDED BASS PLAYLIST\n_________________________________________________________________\nCatch up with SBL Content you've missed:\n➡️ https://youtube.com/playlist?list=PLq5Wss5r1Cvvplt7z7O45JHk2TaJ3NT53  \n\n#bassguitarlessons #bassforbeginners #easybasslines""}",en-US,
VVMtHqlWa4k,2026-09-04,2273,43125,1345,0,134,PT37M53S,2d,hd,False,True,{},rectangular,2025-08-11T15:00:54Z,UCWTj3vCqkQIsrTGSm4kM34g,"Janek Gwizdala's Gear Confessions (Pedals, Basses and more)","🎸 Join the SBL Monthly Giveaway! → https://sbl.link/4gAF9Oj
🔥 Try the SBL Bass Academy FREE for 14 Days: https://sbl.link/join-sbl
🚀 Get 1-1 Bass Coaching (enrollment open now!): https://sbl.link/the-blueprint
💙 Follow Janek Gwizdala 👉 YT:  @janekgwizdala  | www.janekgwizdala.com

Scott sits down with Janek Gwizdala for a deep gear dive, kicking off with his go-to pedal pick for players just getting into bass effects. From there, they move through the basses, pedals, and other essentials that have earned a permanent spot in Janek’s setup. Stick around and see what made the cut.

===

Video Breakdown:

00:00 - Introduction
01:10 - Essential Bass Pedals
04:24 - Compression
05:00 - DIs
07:15 - Performance Pt. 1
08:15 - Janek’s Pedalboard Rundown
18:16 - Performance Pt. 2
19:46 - Improvisation
21:13 - Custom Mattisson Bass
23:27 - RKM Custom Bass V
27:00 - RKM Custom Bass IV
28:35 - Fender Precision Bass
29:30 - Classical Guitar Approach
33:20 - Goya Panther II
35:54 - Final Thoughts

===

GET MORE BASS TIPS 👇
_________________________________________________________________
🙌 Be the first to know - SUBSCRIBE now → https://bit.ly/sub-to-sbl-yt
🎧 Tune in to our Weekly PODCAST → https://sblpodcast.buzzsprout.com/share
📱 Try our free GrooveTrainer APP → https://scottsbasslessons.com/groove-trainer-app 


ABOUT SCOTT’S BASS LESSONS (SBL)
_________________________________________________________________
As the largest online bass education platform in the world, with an ever-expanding course library and 40,000+ active members, Scott’s Bass Lessons (SBL) has everything you need to master the bass, all in one place. 

With beginner-friendly bass lessons, interactive courses led by industry experts, structured learning paths, personalized feedback, real-time mentorship from top bassists, and a vibrant, supportive community, SBL is the ultimate destination to enhance your bass playing—whether you're starting out or already a professional.

Try SBL Membership today! → https://sbl.link/join-sbl


RECOMMENDED BASS PLAYLIST
_________________________________________________________________
Catch up with SBL Content you’ve missed:
➡️ https://youtube.com/playlist?list=PLq5Wss5r1Cvvplt7z7O45JHk2TaJ3NT53  

#bassguitarlessons #bassforbeginners #easybasslines","{'default': {'url': 'https://i.ytimg.com/vi/VVMtHqlWa4k/default.jpg', 'width': 120, 'height': 90}, 'medium': {'url': 'https://i.ytimg.com/vi/VVMtHqlWa4k/mqdefault.jpg', 'width': 320, 'height': 180}, 'high': {'url': 'https://i.ytimg.com/vi/VVMtHqlWa4k/hqdefault.jpg', 'width': 480, 'height': 360}, 'standard': {'url': 'https://i.ytimg.com/vi/VVMtHqlWa4k/sddefault.jpg', 'width': 640, 'height': 480}, 'maxres': {'url': 'https://i.ytimg.com/vi/VVMtHqlWa4k/maxresdefault.jpg', 'width': 1280, 'height': 720}}",Scott's Bass Lessons,"['scott devine', 'bass lessons', 'bass guitar', 'beginner', 'beginners', 'scottsbasslessons', 'scotts bass lessons', 'sbl', 'electric bass', 'bass lesson', 'beginner bass lesson', 'beginner bass lessons']",10,none,en,"{'title': ""Janek Gwizdala's Gear Confessions (Pedals, Basses and more)"", 'description': ""🎸 Join the SBL Monthly Giveaway! → https://sbl.link/4gAF9Oj\n🔥 Try the SBL Bass Academy FREE for 14 Days: https://sbl.link/join-sbl\n🚀 Get 1-1 Bass Coaching (enrollment open now!): https://sbl.link/the-blueprint\n💙 Follow Janek Gwizdala 👉 YT:  @janekgwizdala  | www.janekgwizdala.com\n\nScott sits down with Janek Gwizdala for a deep gear dive, kicking off with his go-to pedal pick for players just getting into bass effects. From there, they move through the basses, pedals, and other essentials that have earned a permanent spot in Janek’s setup. Stick around and see what made the cut.\n\n===\n\nVideo Breakdown:\n\n00:00 - Introduction\n01:10 - Essential Bass Pedals\n04:24 - Compression\n05:00 - DIs\n07:15 - Performance Pt. 1\n08:15 - Janek’s Pedalboard Rundown\n18:16 - Performance Pt. 2\n19:46 - Improvisation\n21:13 - Custom Mattisson Bass\n23:27 - RKM Custom Bass V\n27:00 - RKM Custom Bass IV\n28:35 - Fender Precision Bass\n29:30 - Classical Guitar Approach\n33:20 - Goya Panther II\n35:54 - Final Thoughts\n\n===\n\nGET MORE BASS TIPS 👇\n_________________________________________________________________\n🙌 Be the first to know - SUBSCRIBE now → https://bit.ly/sub-to-sbl-yt\n🎧 Tune in to our Weekly PODCAST → https://sblpodcast.buzzsprout.com/share\n📱 Try our free GrooveTrainer APP → https://scottsbasslessons.com/groove-trainer-app \n\n\nABOUT SCOTT’S BASS LESSONS (SBL)\n_________________________________________________________________\nAs the largest online bass education platform in the world, with an ever-expanding course library and 40,000+ active members, Scott’s Bass Lessons (SBL) has everything you need to master the bass, all in one place. \n\nWith beginner-friendly bass lessons, interactive courses led by industry experts, structured learning paths, personalized feedback, real-time mentorship from top bassists, and a vibrant, supportive community, SBL is the ultimate destination to enhance your bass playing—whether you're starting out or already a professional.\n\nTry SBL Membership today! → https://sbl.link/join-sbl\n\n\nRECOMMENDED BASS PLAYLIST\n_________________________________________________________________\nCatch up with SBL Content you’ve missed:\n➡️ https://youtube.com/playlist?list=PLq5Wss5r1Cvvplt7z7O45JHk2TaJ3NT53  \n\n#bassguitarlessons #bassforbeginners #easybasslines""}",en,
go6CfSD0f10,2026-09-04,1364,728515,21103,0,1271,PT22M44S,2d,hd,False,False,{},rectangular,2025-08-13T15:01:13Z,UCWTj3vCqkQIsrTGSm4kM34g,"Jazz Fusion Trio Covers The Police on the spot (ft. Hadrien Feraud, Cory Henry & Ronald Bruner Jr.)","🔥 Try the SBL Bass Academy FREE for 14 Days: https://sbl.link/join-sbl
🚀 Get 1-1 Bass Coaching (enrollment open now!): https://sbl.link/the-blueprint

What happens when Hadrien Feraud, Cory Henry, and Ronald Bruner Jr. take on a Police tune—and flip it into a brand-new arrangement on the spot? Ian and Scott watch in awe as the trio crack the harmony, lock in the groove, and bring the whole thing to life right in front of you.

===

Video Breakdown:

00:00 - Introduction
01:07 - The Track Reveal (The Police - King of Pain)
02:34 - Figuring Out The Harmony
03:25 - Finding The Groove
05:40 - Last Verse Variant
07:08 - King of Pain - Full Take
15:50 - Q&A

===

GET MORE BASS TIPS 👇
_________________________________________________________________
🙌 Be the first to know - SUBSCRIBE now → https://bit.ly/sub-to-sbl-yt
🎧 Tune in to our Weekly PODCAST → https://sblpodcast.buzzsprout.com/share
📱 Try our free GrooveTrainer APP → https://scottsbasslessons.com/groove-trainer-app 


ABOUT SCOTT’S BASS LESSONS (SBL)
_________________________________________________________________
As the largest online bass education platform in the world, with an ever-expanding course library and 40,000+ active members, Scott’s Bass Lessons (SBL) has everything you need to master the bass, all in one place. 

With beginner-friendly bass lessons, interactive courses led by industry experts, structured learning paths, personalized feedback, real-time mentorship from top bassists, and a vibrant, supportive community, SBL is the ultimate destination to enhance your bass playing—whether you're starting out or already a professional.

Try SBL Membership today! → https://sbl.link/join-sbl


RECOMMENDED BASS PLAYLIST
_________________________________________________________________
Catch up with SBL Content you’ve missed:
➡️ https://youtube.com/playlist?list=PLq5Wss5r1Cvvplt7z7O45JHk2TaJ3NT53  

#bassguitarlessons #bassforbeginners #easybasslines","{'default': {'url': 'https://i.ytimg.com/vi/go6CfSD0f10/default.jpg', 'width': 120, 'height': 90}, 'medium': {'url': 'https://i.ytimg.com/vi/go6CfSD0f10/mqdefault.jpg', 'width': 320, 'height': 180}, 'high': {'url': 'https://i.ytimg.com/vi/go6CfSD0f10/hqdefault.jpg', 'width': 480, 'height': 360}, 'standard': {'url': 'https://i.ytimg.com/vi/go6CfSD0f10/sddefault.jpg', 'width': 640, 'height': 480}, 'maxres': {'url': 'https://i.ytimg.com/vi/go6CfSD0f10/maxresdefault.jpg', 'width': 1280, 'height': 720}}",Scott's Bass Lessons,"['scott devine', 'bass lessons', 'bass guitar', 'beginner', 'beginners', 'scottsbasslessons', 'scotts bass lessons', 'sbl', 'electric bass', 'bass lesson', 'beginner bass lesson', 'beginner bass lessons']",10,none,en,"{'title': 'Jazz Fusion Trio Covers The Police on the spot (ft. Hadrien Feraud, Cory Henry & Ronald Bruner Jr.)', 'description': ""🔥 Try the SBL Bass Academy FREE for 14 Days: https://sbl.link/join-sbl\n🚀 Get 1-1 Bass Coaching (enrollment open now!): https://sbl.link/the-blueprint\n\nWhat happens when Hadrien Feraud, Cory Henry, and Ronald Bruner Jr. take on a Police tune—and flip it into a brand-new arrangement on the spot? Ian and Scott watch in awe as the trio crack the harmony, lock in the groove, and bring the whole thing to life right in front of you.\n\n===\n\nVideo Breakdown:\n\n00:00 - Introduction\n01:07 - The Track Reveal (The Police - King of Pain)\n02:34 - Figuring Out The Harmony\n03:25 - Finding The Groove\n05:40 - Last Verse Variant\n07:08 - King of Pain - Full Take\n15:50 - Q&A\n\n===\n\nGET MORE BASS TIPS 👇\n_________________________________________________________________\n🙌 Be the first to know - SUBSCRIBE now → https://bit.ly/sub-to-sbl-yt\n🎧 Tune in to our Weekly PODCAST → https://sblpodcast.buzzsprout.com/share\n📱 Try our free GrooveTrainer APP → https://scottsbasslessons.com/groove-trainer-app \n\n\nABOUT SCOTT’S BASS LESSONS (SBL)\n_________________________________________________________________\nAs the largest online bass education platform in the world, with an ever-expanding course library and 40,000+ active members, Scott’s Bass Lessons (SBL) has everything you need to master the bass, all in one place. \n\nWith beginner-friendly bass lessons, interactive courses led by industry experts, structured learning paths, personalized feedback, real-time mentorship from top bassists, and a vibrant, supportive community, SBL is the ultimate destination to enhance your bass playing—whether you're starting out or already a professional.\n\nTry SBL Membership today! → https://sbl.link/join-sbl\n\n\nRECOMMENDED BASS PLAYLIST\n_________________________________________________________________\nCatch up with SBL Content you’ve missed:\n➡️ https://youtube.com/playlist?list=PLq5Wss5r1Cvvplt7z7O45JHk2TaJ3NT53  \n\n#bassguitarlessons #bassforbeginners #easybasslines""}",en,"{'blocked': ['BY', 'RU']}"
Gbm9Zg5ww5A,2026-09-04,715,145666,5680,0,629,PT11M55S,2d,hd,False,False,{},rectangular,2025-08-20T15:00:33Z,UCWTj3vCqkQIsrTGSm4kM34g,Is this the Greatest GRUNGE Bass Line of 1992?,"👉 Grab the FREE Tab & Notation here: https://sbl.link/47avtJf
🔥 Try the SBL Bass Academy FREE for 14 Days: https://sbl.link/join-sbl
🚀 Get 1-1 Bass Coaching (enrollment open now!): https://sbl.link/the-blueprint

Is Would? The ultimate grunge bass line? Scott and Ian explore the riffs, tone, and production tricks that turned this Alice in Chains anthem into one of the most unforgettable bass moments of the '90s. Grab your bass, tune down, and play along as they unpack every detail.

===

Video Breakdown:

00:00 - Introduction
00:53 - Verse
02:25 - The Isolated Bass Part
03:00 - Verse (Continued)
04:35 - The Tone
05:34 - The Lollapalooza Soundcheck 1993
06:15 - The Art SGX Nightbass
07:33 - Chorus
08:40 - The Secret Revealed!
11:00 - Final Thoughts
11:23 - Outtakes

===

GET MORE BASS TIPS 👇
_________________________________________________________________
🙌 Be the first to know - SUBSCRIBE now → https://bit.ly/sub-to-sbl-yt
🎧 Tune in to our Weekly PODCAST → https://sblpodcast.buzzsprout.com/share
📱 Try our free GrooveTrainer APP → https://scottsbasslessons.com/groove-trainer-app 


ABOUT SCOTT'S BASS LESSONS (SBL)
_________________________________________________________________
As the largest online bass education platform in the world, with an ever-expanding course library and 40,000+ active members, Scott's Bass Lessons (SBL) has everything you need to master the bass, all in one place. 

With beginner-friendly bass lessons, interactive courses led by industry experts, structured learning paths, personalized feedback, real-time mentorship from top bassists, and a vibrant, supportive community, SBL is the ultimate destination to enhance your bass playing—whether you're starting out or already a professional.

Try SBL Membership today! → https://sbl.link/join-sbl


RECOMMENDED BASS PLAYLIST
_________________________________________________________________
Catch up with SBL Content you've missed:
➡️ https://youtube.com/playlist?list=PLq5Wss5r1Cvvplt7z7O45JHk2TaJ3NT53  

#bassguitarlessons #bassforbeginners #easybasslines","{'default': {'url': 'https://i.ytimg.com/vi/Gbm9Zg5ww5A/default.jpg', 'width': 120, 'height': 90}, 'medium': {'url': 'https://i.ytimg.com/vi/Gbm9Zg5ww5A/mqdefault.jpg', 'width': 320, 'height': 180}, 'high': {'url': 'https://i.ytimg.com/vi/Gbm9Zg5ww5A/hqdefault.jpg', 'width': 480, 'height': 360}, 'standard': {'url': 'https://i.ytimg.com/vi/Gbm9Zg5ww5A/sddefault.jpg', 'width': 640, 'height': 480}, 'maxres': {'url': 'https://i.ytimg.com/vi/Gbm9Zg5ww5A/maxresdefault.jpg', 'width': 1280, 'height': 720}}",Scott's Bass Lessons,"['bass guitar', 'bass lesson', 'bass lessons', 'beginner', 'beginner bass lesson', 'beginner bass lessons', 'beginners', 'electric bass', 'sbl', 'scott devine', ""scott's bass lessons"", 'scotts bass lessons', 'scottsbasslessons']",10,none,en,"{'title': 'Is this the Greatest GRUNGE Bass Line of 1992?', 'description': ""👉 Grab the FREE Tab & Notation here: https://sbl.link/47avtJf\n🔥 Try the SBL Bass Academy FREE for 14 Days: https://sbl.link/join-sbl\n🚀 Get 1-1 Bass Coaching (enrollment open now!): https://sbl.link/the-blueprint\n\nIs Would? The ultimate grunge bass line? Scott and Ian explore the riffs, tone, and production tricks that turned this Alice in Chains anthem into one of the most unforgettable bass moments of the '90s. Grab your bass, tune down, and play along as they unpack every detail.\n\n===\n\nVideo Breakdown:\n\n00:00 - Introduction\n00:53 - Verse\n02:25 - The Isolated Bass Part\n03:00 - Verse (Continued)\n04:35 - The Tone\n05:34 - The Lollapalooza Soundcheck 1993\n06:15 - The Art SGX Nightbass\n07:33 - Chorus\n08:40 - The Secret Revealed!\n11:00 - Final Thoughts\n11:23 - Outtakes\n\n===\n\nGET MORE BASS TIPS 👇\n_________________________________________________________________\n🙌 Be the first to know - SUBSCRIBE now → https://bit.ly/sub-to-sbl-yt\n🎧 Tune in to our Weekly PODCAST → https://sblpodcast.buzzsprout.com/share\n📱 Try our free GrooveTrainer APP → https://scottsbasslessons.com/groove-trainer-app \n\n\nABOUT SCOTT'S BASS LESSONS (SBL)\n_________________________________________________________________\nAs the largest online bass education platform in the world, with an ever-expanding course library and 40,000+ active members, Scott's Bass Lessons (SBL) has everything you need to master the bass, all in one place. \n\nWith beginner-friendly bass lessons, interactive courses led by industry experts, structured learning paths, personalized feedback, real-time mentorship from top bassists, and a vibrant, supportive community, SBL is the ultimate destination to enhance your bass playing—whether you're starting out or already a professional.\n\nTry SBL Membership today! → https://sbl.link/join-sbl\n\n\nRECOMMENDED BASS PLAYLIST\n_________________________________________________________________\nCatch up with SBL Content you've missed:\n➡️ https://youtube.com/playlist?list=PLq5Wss5r1Cvvplt7z7O45JHk2TaJ3NT53  \n\n#bassguitarlessons #bassforbeginners #easybasslines""}",en-US,{'blocked': ['RU']}
KQQJN_YUYAQ,2026-09-04,4141,17769,397,0,79,PT1H9M1S,2d,hd,False,True,{},rectangular,2025-08-22T15:00:38Z,UCWTj3vCqkQIsrTGSm4kM34g,What if one program could solve all of your bass troubles?,"🚀 Get 1-1 Bass Coaching (enrollment open now!): http://thesblblueprint.com/
🔥 Try the SBL Bass Academy FREE for 14 Days: https://sbl.link/join-sbl

For the past three years, the Blueprint has quietly been helping bass players work through the same hurdles we all face. In this episode, Scott and Ian bring on the coaches who’ve been working one-on-one with students every week to talk about what the program’s really like, the common problems that keep showing up, and how players move past them. If you’ve ever felt stuck on your bass journey, this one’s for you.

===

Video Breakdown:

00:00:00 - Introduction
00:02:13 - Simon King (Head of Coaching)
00:06:13 - Keith Peberdy (Coach)
00:12:49 - Jim Moore (Head of Program)
00:13:46 - The Development of the Program
00:16:00 - Assessments
00:19:00 - The Pillars & Onboarding Process
00:21:30 - Awareness of Problem Areas
00:24:40 - Common Problems
00:29:20 - Pressure
00:33:45 - Dedication
00:36:00 - Group Learning & The Blueprint Live
00:37:25 - Awareness of Problem Areas (continued)
00:45:00 - How much time does the program take?
00:49:55 - Identifying the Spark 
00:52:54 - Masterclasses
00:58:33 - Blueprint Live
01:01:00 - Community
01:02:25 - Before & After
01:04:00 - Final Thoughts

===

GET MORE BASS TIPS 👇
_________________________________________________________________
🙌 Be the first to know - SUBSCRIBE now → https://bit.ly/sub-to-sbl-yt
🎧 Tune in to our Weekly PODCAST → https://sblpodcast.buzzsprout.com/share
📱 Try our free GrooveTrainer APP → https://scottsbasslessons.com/groove-trainer-app 


ABOUT SCOTT'S BASS LESSONS (SBL)
_________________________________________________________________
As the largest online bass education platform in the world, with an ever-expanding course library and 40,000+ active members, Scott's Bass Lessons (SBL) has everything you need to master the bass, all in one place. 

With beginner-friendly bass lessons, interactive courses led by industry experts, structured learning paths, personalized feedback, real-time mentorship from top bassists, and a vibrant, supportive community, SBL is the ultimate destination to enhance your bass playing—whether you're starting out or already a professional.

Try SBL Membership today! → https://sbl.link/join-sbl


RECOMMENDED BASS PLAYLIST
_________________________________________________________________
Catch up with SBL Content you've missed:
➡️ https://youtube.com/playlist?list=PLq5Wss5r1Cvvplt7z7O45JHk2TaJ3NT53  

#bassguitarlessons #bassforbeginners #easybasslines","{'default': {'url': 'https://i.ytimg.com/vi/KQQJN_YUYAQ/default.jpg', 'width': 120, 'height': 90}, 'medium': {'url': 'https://i.ytimg.com/vi/KQQJN_YUYAQ/mqdefault.jpg', 'width': 320, 'height': 180}, 'high': {'url': 'https://i.ytimg.com/vi/KQQJN_YUYAQ/hqdefault.jpg', 'width': 480, 'height': 360}, 'standard': {'url': 'https://i.ytimg.com/vi/KQQJN_YUYAQ/sddefault.jpg', 'width': 640, 'height': 480}, 'maxres': {'url': 'https://i.ytimg.com/vi/KQQJN_YUYAQ/maxresdefault.jpg', 'width': 1280, 'height': 720}}",Scott's Bass Lessons,"['bass guitar', 'bass lesson', 'bass lessons', 'beginner', 'beginner bass lesson', 'beginner bass lessons', 'beginners', 'electric bass', 'sbl', 'scott devine', ""scott's bass lessons"", 'scotts bass lessons', 'scottsbasslessons']",10,none,en,"{'title': 'What if one program could solve all of your bass troubles?', 'description': ""🚀 Get 1-1 Bass Coaching (enrollment open now!): http://thesblblueprint.com/\n🔥 Try the SBL Bass Academy FREE for 14 Days: https://sbl.link/join-sbl\n\nFor the past three years, the Blueprint has quietly been helping bass players work through the same hurdles we all face. In this episode, Scott and Ian bring on the coaches who’ve been working one-on-one with students every week to talk about what the program’s really like, the common problems that keep showing up, and how players move past them. If you’ve ever felt stuck on your bass journey, this one’s for you.\n\n===\n\nVideo Breakdown:\n\n00:00:00 - Introduction\n00:02:13 - Simon King (Head of Coaching)\n00:06:13 - Keith Peberdy (Coach)\n00:12:49 - Jim Moore (Head of Program)\n00:13:46 - The Development of the Program\n00:16:00 - Assessments\n00:19:00 - The Pillars & Onboarding Process\n00:21:30 - Awareness of Problem Areas\n00:24:40 - Common Problems\n00:29:20 - Pressure\n00:33:45 - Dedication\n00:36:00 - Group Learning & The Blueprint Live\n00:37:25 - Awareness of Problem Areas (continued)\n00:45:00 - How much time does the program take?\n00:49:55 - Identifying the Spark \n00:52:54 - Masterclasses\n00:58:33 - Blueprint Live\n01:01:00 - Community\n01:02:25 - Before & After\n01:04:00 - Final Thoughts\n\n===\n\nGET MORE BASS TIPS 👇\n_________________________________________________________________\n🙌 Be the first to know - SUBSCRIBE now → https://bit.ly/sub-to-sbl-yt\n🎧 Tune in to our Weekly PODCAST → https://sblpodcast.buzzsprout.com/share\n📱 Try our free GrooveTrainer APP → https://scottsbasslessons.com/groove-trainer-app \n\n\nABOUT SCOTT'S BASS LESSONS (SBL)\n_________________________________________________________________\nAs the largest online bass education platform in the world, with an ever-expanding course library and 40,000+ active members, Scott's Bass Lessons (SBL) has everything you need to master the bass, all in one place. \n\nWith beginner-friendly bass lessons, interactive courses led by industry experts, structured learning paths, personalized feedback, real-time mentorship from top bassists, and a vibrant, supportive community, SBL is the ultimate destination to enhance your bass playing—whether you're starting out or already a professional.\n\nTry SBL Membership today! → https://sbl.link/join-sbl\n\n\nRECOMMENDED BASS PLAYLIST\n_________________________________________________________________\nCatch up with SBL Content you've missed:\n➡️ https://youtube.com/playlist?list=PLq5Wss5r1Cvvplt7z7O45JHk2TaJ3NT53  \n\n#bassguitarlessons #bassforbeginners #easybasslines""}",en-US,
UlcWLU1o_yI,2026-09-04,3495,143147,4761,0,682,PT58M15S,2d,hd,False,False,{},rectangular,2025-08-26T15:00:50Z,UCWTj3vCqkQIsrTGSm4kM34g,MXR Bass Synth: The Bass Pedal that BROKE the internet,"🔥 Try the SBL Bass Academy FREE for 14 Days: https://sbl.link/join-sbl
🚀 Get 1-1 Bass Coaching (enrollment open now!): https://sbl.link/the-blueprint

What happens when you’re not just handed a brand-new bass pedal, but asked to help design the sounds inside it? That’s where Ian found himself with the MXR Synth Pedal. In this episode, he and Sharon finally spill the story - from the first prototype that blew him away, to the sounds he programmed, and why this pedal left every other synth in the dust.
===

Video Breakdown:

00:00 - Introduction
04:41 - The Dunlop Team
05:30 - Tracking & Latency
08:30 - Will Birckhead & Andrew Gouche
09:20 - The Controls / Product Design
12:32 - The Release
17:00 - Green 1
25:50 - Green 2
29:50 - Green 3
33:00 - Green 4
36:00 - Red 1
38:30 - Red 2
43:00 - Red 3
44:30 - Red 4
47:00 - Playing Synth Bass
50:00 - The Prototype
53:00 - Final Thoughts

===

GET MORE BASS TIPS 👇
_________________________________________________________________
🙌 Be the first to know - SUBSCRIBE now → https://bit.ly/sub-to-sbl-yt
🎧 Tune in to our Weekly PODCAST → https://sblpodcast.buzzsprout.com/share
📱 Try our free GrooveTrainer APP → https://scottsbasslessons.com/groove-trainer-app 


ABOUT SCOTT'S BASS LESSONS (SBL)
_________________________________________________________________
As the largest online bass education platform in the world, with an ever-expanding course library and 40,000+ active members, Scott's Bass Lessons (SBL) has everything you need to master the bass, all in one place. 

With beginner-friendly bass lessons, interactive courses led by industry experts, structured learning paths, personalized feedback, real-time mentorship from top bassists, and a vibrant, supportive community, SBL is the ultimate destination to enhance your bass playing—whether you're starting out or already a professional.

Try SBL Membership today! → https://sbl.link/join-sbl


RECOMMENDED BASS PLAYLIST
_________________________________________________________________
Catch up with SBL Content you've missed:
➡️ https://youtube.com/playlist?list=PLq5Wss5r1Cvvplt7z7O45JHk2TaJ3NT53  

#bassguitarlessons #bassforbeginners #easybasslines","{'default': {'url': 'https://i.ytimg.com/vi/UlcWLU1o_yI/default.jpg', 'width': 120, 'height': 90}, 'medium': {'url': 'https://i.ytimg.com/vi/UlcWLU1o_yI/mqdefault.jpg', 'width': 320, 'height': 180}, 'high': {'url': 'https://i.ytimg.com/vi/UlcWLU1o_yI/hqdefault.jpg', 'width': 480, 'height': 360}, 'standard': {'url': 'https://i.ytimg.com/vi/UlcWLU1o_yI/sddefault.jpg', 'width': 640, 'height': 480}, 'maxres': {'url': 'https://i.ytimg.com/vi/UlcWLU1o_yI/maxresdefault.jpg', 'width': 1280, 'height': 720}}",Scott's Bass Lessons,"['bass guitar', 'bass lesson', 'bass lessons', 'beginner', 'beginner bass lesson', 'beginner bass lessons', 'beginners', 'electric bass', 'sbl', 'scott devine', ""scott's bass lessons"", 'scotts bass lessons', 'scottsbasslessons']",10,none,en,"{'title': 'MXR Bass Synth: The Bass Pedal that BROKE the internet', 'description': ""🔥 Try the SBL Bass Academy FREE for 14 Days: https://sbl.link/join-sbl\n🚀 Get 1-1 Bass Coaching (enrollment open now!): https://sbl.link/the-blueprint\n\nWhat happens when you’re not just handed a brand-new bass pedal, but asked to help design the sounds inside it? That’s where Ian found himself with the MXR Synth Pedal. In this episode, he and Sharon finally spill the story - from the first prototype that blew him away, to the sounds he programmed, and why this pedal left every other synth in the dust.\n===\n\nVideo Breakdown:\n\n00:00 - Introduction\n04:41 - The Dunlop Team\n05:30 - Tracking & Latency\n08:30 - Will Birckhead & Andrew Gouche\n09:20 - The Controls / Product Design\n12:32 - The Release\n17:00 - Green 1\n25:50 - Green 2\n29:50 - Green 3\n33:00 - Green 4\n36:00 - Red 1\n38:30 - Red 2\n43:00 - Red 3\n44:30 - Red 4\n47:00 - Playing Synth Bass\n50:00 - The Prototype\n53:00 - Final Thoughts\n\n===\n\nGET MORE BASS TIPS 👇\n_________________________________________________________________\n🙌 Be the first to know - SUBSCRIBE now → https://bit.ly/sub-to-sbl-yt\n🎧 Tune in to our Weekly PODCAST → https://sblpodcast.buzzsprout.com/share\n📱 Try our free GrooveTrainer APP → https://scottsbasslessons.com/groove-trainer-app \n\n\nABOUT SCOTT'S BASS LESSONS (SBL)\n_________________________________________________________________\nAs the largest online bass education platform in the world, with an ever-expanding course library and 40,000+ active members, Scott's Bass Lessons (SBL) has everything you need to master the bass, all in one place. \n\nWith beginner-friendly bass lessons, interactive courses led by industry experts, structured learning paths, personalized feedback, real-time mentorship from top bassists, and a vibrant, supportive community, SBL is the ultimate destination to enhance your bass playing—whether you're starting out or already a professional.\n\nTry SBL Membership today! → https://sbl.link/join-sbl\n\n\nRECOMMENDED BASS PLAYLIST\n_________________________________________________________________\nCatch up with SBL Content you've missed:\n➡️ https://youtube.com/playlist?list=PLq5Wss5r1Cvvplt7z7O45JHk2TaJ3NT53  \n\n#bassguitarlessons #bassforbeginners #easybasslines""}",en-US,{'blocked': ['RU']}
PQk1VondNws,2026-09-04,406,122091,7094,0,483,PT6M46S,2d,hd,False,False,{},rectangular,2025-08-29T15:00:49Z,UCWTj3vCqkQIsrTGSm4kM34g,Danny Sapko Learns Spinal Tap As Fast As Possible,"👉 Grab the FREE Tab & Notation here: https://sbl.link/4mF8Npn
🔥 Try the SBL Bass Academy FREE for 14 Days: https://sbl.link/join-sbl
🚀 Get 1-1 Bass Coaching (enrollment open now!): https://sbl.link/the-blueprint

===

Video Breakdown:

00:00 - Introduction
00:48 - First Listen (Stonehenge - Spinal Tap Feat. Elton John)
02:22 - Relative Pitch
02:50 - Figuring It Out
03:40 - Placing The Dipstick Lick
04:00 - Final Tehk
05:58 - How to Dipstick
06:30 - Outtakes

===

GET MORE BASS TIPS 👇
_________________________________________________________________
🙌 Be the first to know - SUBSCRIBE now → https://bit.ly/sub-to-sbl-yt
🎧 Tune in to our Weekly PODCAST → https://sblpodcast.buzzsprout.com/share
📱 Try our free GrooveTrainer APP → https://scottsbasslessons.com/groove-trainer-app 


ABOUT SCOTT'S BASS LESSONS (SBL)
_________________________________________________________________
As the largest online bass education platform in the world, with an ever-expanding course library and 40,000+ active members, Scott's Bass Lessons (SBL) has everything you need to master the bass, all in one place. 

With beginner-friendly bass lessons, interactive courses led by industry experts, structured learning paths, personalized feedback, real-time mentorship from top bassists, and a vibrant, supportive community, SBL is the ultimate destination to enhance your bass playing—whether you're starting out or already a professional.

Try SBL Membership today! → https://sbl.link/join-sbl


RECOMMENDED BASS PLAYLIST
_________________________________________________________________
Catch up with SBL Content you've missed:
➡️ https://youtube.com/playlist?list=PLq5Wss5r1Cvvplt7z7O45JHk2TaJ3NT53  

#bassguitarlessons #bassforbeginners #easybasslines","{'default': {'url': 'https://i.ytimg.com/vi/PQk1VondNws/default.jpg', 'width': 120, 'height': 90}, 'medium': {'url': 'https://i.ytimg.com/vi/PQk1VondNws/mqdefault.jpg', 'width': 320, 'height': 180}, 'high': {'url': 'https://i.ytimg.com/vi/PQk1VondNws/hqdefault.jpg', 'width': 480, 'height': 360}, 'standard': {'url': 'https://i.ytimg.com/vi/PQk1VondNws/sddefault.jpg', 'width': 640, 'height': 480}, 'maxres': {'url': 'https://i.ytimg.com/vi/PQk1VondNws/maxresdefault.jpg', 'width': 1280, 'height': 720}}",Scott's Bass Lessons,"['bass guitar', 'bass lesson', 'bass lessons', 'beginner', 'beginner bass lesson', 'beginner bass lessons', 'beginners', 'electric bass', 'sbl', 'scott devine', ""scott's bass lessons"", 'scotts bass lessons', 'scottsbasslessons']",10,none,en,"{'title': 'Danny Sapko Learns Spinal Tap As Fast As Possible', 'description': ""👉 Grab the FREE Tab & Notation here: https://sbl.link/4mF8Npn\n🔥 Try the SBL Bass Academy FREE for 14 Days: https://sbl.link/join-sbl\n🚀 Get 1-1 Bass Coaching (enrollment open now!): https://sbl.link/the-blueprint\n\n===\n\nVideo Breakdown:\n\n00:00 - Introduction\n00:48 - First Listen (Stonehenge - Spinal Tap Feat. Elton John)\n02:22 - Relative Pitch\n02:50 - Figuring It Out\n03:40 - Placing The Dipstick Lick\n04:00 - Final Tehk\n05:58 - How to Dipstick\n06:30 - Outtakes\n\n===\n\nGET MORE BASS TIPS 👇\n_________________________________________________________________\n🙌 Be the first to know - SUBSCRIBE now → https://bit.ly/sub-to-sbl-yt\n🎧 Tune in to our Weekly PODCAST → https://sblpodcast.buzzsprout.com/share\n📱 Try our free GrooveTrainer APP → https://scottsbasslessons.com/groove-trainer-app \n\n\nABOUT SCOTT'S BASS LESSONS (SBL)\n_________________________________________________________________\nAs the largest online bass education platform in the world, with an ever-expanding course library and 40,000+ active members, Scott's Bass Lessons (SBL) has everything you need to master the bass, all in one place. \n\nWith beginner-friendly bass lessons, interactive courses led by industry experts, structured learning paths, personalized feedback, real-time mentorship from top bassists, and a vibrant, supportive community, SBL is the ultimate destination to enhance your bass playing—whether you're starting out or already a professional.\n\nTry SBL Membership today! → https://sbl.link/join-sbl\n\n\nRECOMMENDED BASS PLAYLIST\n_________________________________________________________________\nCatch up with SBL Content you've missed:\n➡️ https://youtube.com/playlist?list=PLq5Wss5r1Cvvplt7z7O45JHk2TaJ3NT53  \n\n#bassguitarlessons #bassforbeginners #easybasslines""}",en-US,"{'blocked': ['BY', 'RU']}"
OnUp-0ZDiDQ,2026-09-05,611,92541,2576,0,453,PT10M11S,2d,hd,false,True,{},rectangular,2025-07-25T15:31:26Z,UCWTj3vCqkQIsrTGSm4kM34g,"Cooler than a Jazz Bass? Actually, maybe.","FREE Slap Bass Workshop – Choose Your Time Slot Below!
Join Ian Martin Allison and myself for a 90-minute live session where you’ll decode the slap bass styles of Flea, Marcus Miller, and Larry Graham.

Pick the time that works best for you:

✅ Monday, July 28 @ 3pm UK / 10am EDT / 7am PDT
👉 https://sbl.link/monday-slap-bass-workshop

✅ Tuesday, July 29 @ 8pm UK / 3pm EDT / 12pm PDT
👉 https://sbl.link/tuesday-slap-bass-workshop

*SAME session, two options* — grab your seat and get ready to groove.


GET MORE BASS TIPS 👇
_________________________________________________________________
🙌 Be the first to know - SUBSCRIBE now → https://bit.ly/sub-to-sbl-yt
🎧 Tune in to our Weekly PODCAST → https://sblpodcast.buzzsprout.com/share
📱 Try our free GrooveTrainer APP → https://scottsbasslessons.com/groove-trainer-app 


ABOUT SCOTT’S BASS LESSONS (SBL)
_________________________________________________________________
As the largest online bass education platform in the world, with an ever-expanding course library and 40,000+ active members, Scott’s Bass Lessons (SBL) has everything you need to master the bass, all in one place. 

With beginner-friendly bass lessons, interactive courses led by industry experts, structured learning paths, personalized feedback, real-time mentorship from top bassists, and a vibrant, supportive community, SBL is the ultimate destination to enhance your bass playing—whether you're starting out or already a professional.

Try SBL Membership today! → https://sbl.link/join-sbl


RECOMMENDED BASS PLAYLIST
_________________________________________________________________
Catch up with SBL Content you’ve missed:
➡️ https://youtube.com/playlist?list=PLq5Wss5r1Cvvplt7z7O45JHk2TaJ3NT53  

#bassguitarlessons #bassforbeginners #easybasslines","{'default': {'url': 'https://i.ytimg.com/vi/OnUp-0ZDiDQ/default.jpg', 'width': 120, 'height': 90}, 'medium': {'url': 'https://i.ytimg.com/vi/OnUp-0ZDiDQ/mqdefault.jpg', 'width': 320, 'height': 180}, 'high': {'url': 'https://i.ytimg.com/vi/OnUp-0ZDiDQ/hqdefault.jpg', 'width': 480, 'height': 360}, 'standard': {'url': 'https://i.ytimg.com/vi/OnUp-0ZDiDQ/sddefault.jpg', 'width': 640, 'height': 480}, 'maxres': {'url': 'https://i.ytimg.com/vi/OnUp-0ZDiDQ/maxresdefault.jpg', 'width': 1280, 'height': 720}}",Scott's Bass Lessons,"['scott devine', 'bass lessons', 'bass guitar', 'beginner', 'beginners', 'scottsbasslessons', 'scotts bass lessons', 'sbl', 'electric bass', 'bass lesson', 'beginner bass lesson', 'beginner bass lessons']",10,none,en,"{'title': 'Cooler than a Jazz Bass? Actually, maybe.', 'description': ""FREE Slap Bass Workshop – Choose Your Time Slot Below!\nJoin Ian Martin Allison and myself for a 90-minute live session where you’ll decode the slap bass styles of Flea, Marcus Miller, and Larry Graham.\n\nPick the time that works best for you:\n\n✅ Monday, July 28 @ 3pm UK / 10am EDT / 7am PDT\n👉 https://sbl.link/monday-slap-bass-workshop\n\n✅ Tuesday, July 29 @ 8pm UK / 3pm EDT / 12pm PDT\n👉 https://sbl.link/tuesday-slap-bass-workshop\n\n*SAME session, two options* — grab your seat and get ready to groove.\n\n\nGET MORE BASS TIPS 👇\n_________________________________________________________________\n🙌 Be the first to know - SUBSCRIBE now → https://bit.ly/sub-to-sbl-yt\n🎧 Tune in to our Weekly PODCAST → https://sblpodcast.buzzsprout.com/share\n📱 Try our free GrooveTrainer APP → https://scottsbasslessons.com/groove-trainer-app \n\n\nABOUT SCOTT’S BASS LESSONS (SBL)\n_________________________________________________________________\nAs the largest online bass education platform in the world, with an ever-expanding course library and 40,000+ active members, Scott’s Bass Lessons (SBL) has everything you need to master the bass, all in one place. \n\nWith beginner-friendly bass lessons, interactive courses led by industry experts, structured learning paths, personalized feedback, real-time mentorship from top bassists, and a vibrant, supportive community, SBL is the ultimate destination to enhance your bass playing—whether you're starting out or already a professional.\n\nTry SBL Membership today! → https://sbl.link/join-sbl\n\n\nRECOMMENDED BASS PLAYLIST\n_________________________________________________________________\nCatch up with SBL Content you’ve missed:\n➡️ https://youtube.com/playlist?list=PLq5Wss5r1Cvvplt7z7O45JHk2TaJ3NT53  \n\n#bassguitarlessons #bassforbeginners #easybasslines""}",en,
5UmZlya3AY8,2026-09-05,1029,165262,5430,0,469,PT17M9S,2d,hd,false,True,{},rectangular,2025-07-28T10:37:00Z,UCWTj3vCqkQIsrTGSm4kM34g,responding to the Victor Wooten video,,"{'default': {'url': 'https://i.ytimg.com/vi/5UmZlya3AY8/default.jpg', 'width': 120, 'height': 90}, 'medium': {'url': 'https://i.ytimg.com/vi/5UmZlya3AY8/mqdefault.jpg', 'width': 320, 'height': 180}, 'high': {'url': 'https://i.ytimg.com/vi/5UmZlya3AY8/hqdefault.jpg', 'width': 480, 'height': 360}, 'standard': {'url': 'https://i.ytimg.com/vi/5UmZlya3AY8/sddefault.jpg', 'width': 640, 'height': 480}, 'maxres': {'url': 'https://i.ytimg.com/vi/5UmZlya3AY8/maxresdefault.jpg', 'width': 1280, 'height': 720}}",Scott's Bass Lessons,"['scott devine', 'bass lessons', 'bass guitar', 'beginner', 'beginners', 'scottsbasslessons', 'scotts bass lessons', 'sbl', 'electric bass', 'bass lesson', 'beginner bass lesson', 'beginner bass lessons']",10,none,en,"{'title': 'responding to the Victor Wooten video', 'description': ''}",en,
-8nWeVXyXNk,2026-09-05,855,25159,932,0,90,PT14M15S,2d,hd,false,True,{},rectangular,2025-07-30T15:00:00Z,UCWTj3vCqkQIsrTGSm4kM34g,How does Victor Wooten do THIS??,"🎸 The Slap Accelerator is now OPEN for enrollment! Claim your spot before it closes to get your $100 discount + FREE bonuses → https://sbl.link/3IQanpq

🔥 Try the SBL Bass Academy FREE for 14 Days: https://sbl.link/join-sbl
🚀 Get 1-1 Bass Coaching (enrollment open now!): https://sbl.link/the-blueprint

===

Double thumb used to be my worst nightmare—until Ian dropped a course that made it look way too fun to ignore. In this video, I break down how I finally got it together, plus a slap riff to help you do the same. If you’ve ever struggled with this technique, you’re in good company!

===

00:00 - Introduction
01:43 - The Slap Accelerator
02:25 - The Basics
03:55 - Exercise 1
08:00 - The Riff Breakdown
12:00 - My Slap Bass Journey
12:40 - Final Thoughts

GET MORE BASS TIPS 👇
_________________________________________________________________
🙌 Be the first to know - SUBSCRIBE now → https://bit.ly/sub-to-sbl-yt
🎧 Tune in to our Weekly PODCAST → https://sblpodcast.buzzsprout.com/share
📱 Try our free GrooveTrainer APP → https://scottsbasslessons.com/groove-trainer-app 

ABOUT SCOTT’S BASS LESSONS (SBL)
_________________________________________________________________
As the largest online bass education platform in the world, with an ever-expanding course library and 40,000+ active members, Scott’s Bass Lessons (SBL) has everything you need to master the bass, all in one place. 

With beginner-friendly bass lessons, interactive courses led by industry experts, structured learning paths, personalized feedback, real-time mentorship from top bassists, and a vibrant, supportive community, SBL is the ultimate destination to enhance your bass playing—whether you're starting out or already a professional.

Try SBL Membership today! → https://sbl.link/join-sbl


RECOMMENDED BASS PLAYLIST
_________________________________________________________________
Catch up with SBL Content you’ve missed:
➡️ https://youtube.com/playlist?list=PLq5Wss5r1Cvvplt7z7O45JHk2TaJ3NT53  

#bassguitarlessons #bassforbeginners #easybasslines","{'default': {'url': 'https://i.ytimg.com/vi/-8nWeVXyXNk/default.jpg', 'width': 120, 'height': 90}, 'medium': {'url': 'https://i.ytimg.com/vi/-8nWeVXyXNk/mqdefault.jpg', 'width': 320, 'height': 180}, 'high': {'url': 'https://i.ytimg.com/vi/-8nWeVXyXNk/hqdefault.jpg', 'width': 480, 'height': 360}, 'standard': {'url': 'https://i.ytimg.com/vi/-8nWeVXyXNk/sddefault.jpg', 'width': 640, 'height': 480}, 'maxres': {'url': 'https://i.ytimg.com/vi/-8nWeVXyXNk/maxresdefault.jpg', 'width': 1280, 'height': 720}}",Scott's Bass Lessons,"['scott devine', 'bass lessons', 'bass guitar', 'beginner', 'beginners', 'scottsbasslessons', 'scotts bass lessons', 'sbl', 'electric bass', 'bass lesson', 'beginner bass lesson', 'beginner bass lessons']",10,none,en,"{'title': 'How does Victor Wooten do THIS??', 'description': ""🎸 The Slap Accelerator is now OPEN for enrollment! Claim your spot before it closes to get your $100 discount + FREE bonuses → https://sbl.link/3IQanpq\n\n🔥 Try the SBL Bass Academy FREE for 14 Days: https://sbl.link/join-sbl\n🚀 Get 1-1 Bass Coaching (enrollment open now!): https://sbl.link/the-blueprint\n\n===\n\nDouble thumb used to be my worst nightmare—until Ian dropped a course that made it look way too fun to ignore. In this video, I break down how I finally got it together, plus a slap riff to help you do the same. If you’ve ever struggled with this technique, you’re in good company!\n\n===\n\n00:00 - Introduction\n01:43 - The Slap Accelerator\n02:25 - The Basics\n03:55 - Exercise 1\n08:00 - The Riff Breakdown\n12:00 - My Slap Bass Journey\n12:40 - Final Thoughts\n\nGET MORE BASS TIPS 👇\n_________________________________________________________________\n🙌 Be the first to know - SUBSCRIBE now → https://bit.ly/sub-to-sbl-yt\n🎧 Tune in to our Weekly PODCAST → https://sblpodcast.buzzsprout.com/share\n📱 Try our free GrooveTrainer APP → https://scottsbasslessons.com/groove-trainer-app \n\nABOUT SCOTT’S BASS LESSONS (SBL)\n_________________________________________________________________\nAs the largest online bass education platform in the world, with an ever-expanding course library and 40,000+ active members, Scott’s Bass Lessons (SBL) has everything you need to master the bass, all in one place. \n\nWith beginner-friendly bass lessons, interactive courses led by industry experts, structured learning paths, personalized feedback, real-time mentorship from top bassists, and a vibrant, supportive community, SBL is the ultimate destination to enhance your bass playing—whether you're starting out or already a professional.\n\nTry SBL Membership today! → https://sbl.link/join-sbl\n\n\nRECOMMENDED BASS PLAYLIST\n_________________________________________________________________\nCatch up with SBL Content you’ve missed:\n➡️ https://youtube.com/playlist?list=PLq5Wss5r1Cvvplt7z7O45JHk2TaJ3NT53  \n\n#bassguitarlessons #bassforbeginners #easybasslines""}",en,
X9f7LIhEXN8,2026-09-05,829,31461,948,0,104,PT13M49S,2d,hd,false,True,{},rectangular,2025-08-01T15:00:58Z,UCWTj3vCqkQIsrTGSm4kM34g,Mark Kings’ (Level 42) GREATEST bass line ever,"🎸 The Slap Accelerator is now OPEN for enrollment! Claim your spot before it closes to get your $100 discount + FREE bonuses → https://sbl.link/3IQanpq

👉 Grab the FREE Tab & Notation here: https://sbl.link/45eTA6C
🔥 Try the SBL Bass Academy FREE for 14 Days: https://sbl.link/join-sbl
🚀 Get 1-1 Bass Coaching (enrollment open now!): https://sbl.link/the-blueprint

===

===

00:00 - Introduction
01:00 - The Fretting Hand Slap
01:29 - Fretting Hand Slap Exercise
02:02 - The Main Riff Pt. 1
04:15 - The Main Riff Pt. 2
07:40 - The Main Riff Pt. 3
08:37 - The Repeat
09:49 - Slow Version
10:21 - How To Approach The Bass Line

GET MORE BASS TIPS 👇
_________________________________________________________________
🙌 Be the first to know - SUBSCRIBE now → https://bit.ly/sub-to-sbl-yt
🎧 Tune in to our Weekly PODCAST → https://sblpodcast.buzzsprout.com/share
📱 Try our free GrooveTrainer APP → https://scottsbasslessons.com/groove-trainer-app 

ABOUT SCOTT’S BASS LESSONS (SBL)
_________________________________________________________________
As the largest online bass education platform in the world, with an ever-expanding course library and 40,000+ active members, Scott’s Bass Lessons (SBL) has everything you need to master the bass, all in one place. 

With beginner-friendly bass lessons, interactive courses led by industry experts, structured learning paths, personalized feedback, real-time mentorship from top bassists, and a vibrant, supportive community, SBL is the ultimate destination to enhance your bass playing—whether you're starting out or already a professional.

Try SBL Membership today! → https://sbl.link/join-sbl

RECOMMENDED BASS PLAYLIST
_________________________________________________________________
Catch up with SBL Content you’ve missed:
➡️ https://youtube.com/playlist?list=PLq5Wss5r1Cvvplt7z7O45JHk2TaJ3NT53  

#bassguitarlessons #bassforbeginners #easybasslines","{'default': {'url': 'https://i.ytimg.com/vi/X9f7LIhEXN8/default.jpg', 'width': 120, 'height': 90}, 'medium': {'url': 'https://i.ytimg.com/vi/X9f7LIhEXN8/mqdefault.jpg', 'width': 320, 'height': 180}, 'high': {'url': 'https://i.ytimg.com/vi/X9f7LIhEXN8/hqdefault.jpg', 'width': 480, 'height': 360}, 'standard': {'url': 'https://i.ytimg.com/vi/X9f7LIhEXN8/sddefault.jpg', 'width': 640, 'height': 480}, 'maxres': {'url': 'https://i.ytimg.com/vi/X9f7LIhEXN8/maxresdefault.jpg', 'width': 1280, 'height': 720}}",Scott's Bass Lessons,"['scott devine', 'bass lessons', 'bass guitar', 'beginner', 'beginners', 'scottsbasslessons', 'scotts bass lessons', 'sbl', 'electric bass', 'bass lesson', 'beginner bass lesson', 'beginner bass lessons']",10,none,en,"{'title': 'Mark Kings’ (Level 42) GREATEST bass line ever', 'description': ""🎸 The Slap Accelerator is now OPEN for enrollment! Claim your spot before it closes to get your $100 discount + FREE bonuses → https://sbl.link/3IQanpq\n\n👉 Grab the FREE Tab & Notation here: https://sbl.link/45eTA6C\n🔥 Try the SBL Bass Academy FREE for 14 Days: https://sbl.link/join-sbl\n🚀 Get 1-1 Bass Coaching (enrollment open now!): https://sbl.link/the-blueprint\n\n===\n\n===\n\n00:00 - Introduction\n01:00 - The Fretting Hand Slap\n01:29 - Fretting Hand Slap Exercise\n02:02 - The Main Riff Pt. 1\n04:15 - The Main Riff Pt. 2\n07:40 - The Main Riff Pt. 3\n08:37 - The Repeat\n09:49 - Slow Version\n10:21 - How To Approach The Bass Line\n\nGET MORE BASS TIPS 👇\n_________________________________________________________________\n🙌 Be the first to know - SUBSCRIBE now → https://bit.ly/sub-to-sbl-yt\n🎧 Tune in to our Weekly PODCAST → https://sblpodcast.buzzsprout.com/share\n📱 Try our free GrooveTrainer APP → https://scottsbasslessons.com/groove-trainer-app \n\nABOUT SCOTT’S BASS LESSONS (SBL)\n_________________________________________________________________\nAs the largest online bass education platform in the world, with an ever-expanding course library and 40,000+ active members, Scott’s Bass Lessons (SBL) has everything you need to master the bass, all in one place. \n\nWith beginner-friendly bass lessons, interactive courses led by industry experts, structured learning paths, personalized feedback, real-time mentorship from top bassists, and a vibrant, supportive community, SBL is the ultimate destination to enhance your bass playing—whether you're starting out or already a professional.\n\nTry SBL Membership today! → https://sbl.link/join-sbl\n\nRECOMMENDED BASS PLAYLIST\n_________________________________________________________________\nCatch up with SBL Content you’ve missed:\n➡️ https://youtube.com/playlist?list=PLq5Wss5r1Cvvplt7z7O45JHk2TaJ3NT53  \n\n#bassguitarlessons #bassforbeginners #easybasslines""}",en,
4ervOxAR1xc,2026-09-05,3558,30122,977,0,254,PT59M18S,2d,hd,false,True,{},rectangular,2025-08-04T15:00:07Z,UCWTj3vCqkQIsrTGSm4kM34g,Travel DISASTER? (6 pro-level travel hacks so you don’t have one),"🎸 The Slap Accelerator is OPEN for enrollment! One day left to sign up! → https://sbl.link/4lTQ9JS
🔥 Try the SBL Bass Academy FREE for 14 Days: https://sbl.link/join-sbl
🚀 Get 1-1 Bass Coaching (enrollment open now!): https://sbl.link/the-blueprint

Ian and Sharon swap travel horror stories and share their biggest lessons from years of touring and bass travel. From packing light to gate check debates, things get real (and occasionally frustrating). Expect strong opinions, a few surprises, and plenty of what not to do next time you fly.

===

Video Breakdown:

00:00 - Introduction  
03:30 - Travelling Light  
06:22 - Janek Gwizdala  
08:45 - Carry On VS. Gate Check  
21:16 - 1 - Do Not Fight  
25:18 - 2 - Case Recommendations  
26:42 - 3 - Smart Packing  
32:03 - Travelling with Multiple Basses  
33:53 - 4 - String Prep  
35:18 - Horror Stories  
40:48 - 5 - Small Pedal Board & Bag  
41:59 - Ian Almost Getting Cancelled  
55:05 - 6 - Sneaky Air Tag  

===

GET MORE BASS TIPS 👇
_________________________________________________________________
🙌 Be the first to know - SUBSCRIBE now → https://bit.ly/sub-to-sbl-yt
🎧 Tune in to our Weekly PODCAST → https://sblpodcast.buzzsprout.com/share
📱 Try our free GrooveTrainer APP → https://scottsbasslessons.com/groove-trainer-app 


ABOUT SCOTT'S BASS LESSONS (SBL)
_________________________________________________________________
As the largest online bass education platform in the world, with an ever-expanding course library and 40,000+ active members, Scott's Bass Lessons (SBL) has everything you need to master the bass, all in one place. 

With beginner-friendly bass lessons, interactive courses led by industry experts, structured learning paths, personalized feedback, real-time mentorship from top bassists, and a vibrant, supportive community, SBL is the ultimate destination to enhance your bass playing—whether you're starting out or already a professional.

Try SBL Membership today! → https://sbl.link/join-sbl


RECOMMENDED BASS PLAYLIST
_________________________________________________________________
Catch up with SBL Content you've missed:
➡️ https://youtube.com/playlist?list=PLq5Wss5r1Cvvplt7z7O45JHk2TaJ3NT53  

#bassguitarlessons #bassforbeginners #easybasslines","{'default': {'url': 'https://i.ytimg.com/vi/4ervOxAR1xc/default.jpg', 'width': 120, 'height': 90}, 'medium': {'url': 'https://i.ytimg.com/vi/4ervOxAR1xc/mqdefault.jpg', 'width': 320, 'height': 180}, 'high': {'url': 'https://i.ytimg.com/vi/4ervOxAR1xc/hqdefault.jpg', 'width': 480, 'height': 360}, 'standard': {'url': 'https://i.ytimg.com/vi/4ervOxAR1xc/sddefault.jpg', 'width': 640, 'height': 480}, 'maxres': {'url': 'https://i.ytimg.com/vi/4ervOxAR1xc/maxresdefault.jpg', 'width': 1280, 'height': 720}}",Scott's Bass Lessons,"['bass guitar', 'bass lesson', 'bass lessons', 'beginner', 'beginner bass lesson', 'beginner bass lessons', 'beginners', 'electric bass', 'sbl', 'scott devine', ""scott's bass lessons"", 'scotts bass lessons', 'scottsbasslessons']",10,none,en,"{'title': 'Travel DISASTER? (6 pro-level travel hacks so you don’t have one)', 'description': ""🎸 The Slap Accelerator is OPEN for enrollment! One day left to sign up! → https://sbl.link/4lTQ9JS\n🔥 Try the SBL Bass Academy FREE for 14 Days: https://sbl.link/join-sbl\n🚀 Get 1-1 Bass Coaching (enrollment open now!): https://sbl.link/the-blueprint\n\nIan and Sharon swap travel horror stories and share their biggest lessons from years of touring and bass travel. From packing light to gate check debates, things get real (and occasionally frustrating). Expect strong opinions, a few surprises, and plenty of what not to do next time you fly.\n\n===\n\nVideo Breakdown:\n\n00:00 - Introduction  \n03:30 - Travelling Light  \n06:22 - Janek Gwizdala  \n08:45 - Carry On VS. Gate Check  \n21:16 - 1 - Do Not Fight  \n25:18 - 2 - Case Recommendations  \n26:42 - 3 - Smart Packing  \n32:03 - Travelling with Multiple Basses  \n33:53 - 4 - String Prep  \n35:18 - Horror Stories  \n40:48 - 5 - Small Pedal Board & Bag  \n41:59 - Ian Almost Getting Cancelled  \n55:05 - 6 - Sneaky Air Tag  \n\n===\n\nGET MORE BASS TIPS 👇\n_________________________________________________________________\n🙌 Be the first to know - SUBSCRIBE now → https://bit.ly/sub-to-sbl-yt\n🎧 Tune in to our Weekly PODCAST → https://sblpodcast.buzzsprout.com/share\n📱 Try our free GrooveTrainer APP → https://scottsbasslessons.com/groove-trainer-app \n\n\nABOUT SCOTT'S BASS LESSONS (SBL)\n_________________________________________________________________\nAs the largest online bass education platform in the world, with an ever-expanding course library and 40,000+ active members, Scott's Bass Lessons (SBL) has everything you need to master the bass, all in one place. \n\nWith beginner-friendly bass lessons, interactive courses led by industry experts, structured learning paths, personalized feedback, real-time mentorship from top bassists, and a vibrant, supportive community, SBL is the ultimate destination to enhance your bass playing—whether you're starting out or already a professional.\n\nTry SBL Membership today! → https://sbl.link/join-sbl\n\n\nRECOMMENDED BASS PLAYLIST\n_________________________________________________________________\nCatch up with SBL Content you've missed:\n➡️ https://youtube.com/playlist?list=PLq5Wss5r1Cvvplt7z7O45JHk2TaJ3NT53  \n\n#bassguitarlessons #bassforbeginners #easybasslines""}",en-US,
99pGNiKw0-s,2026-09-05,810,76935,2432,0,401,PT13M30S,2d,hd,false,False,{},rectangular,2025-08-07T15:00:20Z,UCWTj3vCqkQIsrTGSm4kM34g,Is this the Greatest PUNK-SOUL Bass Line of 1982?,"👉 Grab the FREE Tab & Notation here: https://sbl.link/3IXdw6V
🔥 Try the SBL Bass Academy FREE for 14 Days: https://sbl.link/join-sbl
🚀 Get 1-1 Bass Coaching (enrollment open now!): https://sbl.link/the-blueprint

Punk meets Motown? In this lesson, Ian breaks down A Town Called Malice by The Jam—a bass line that’s all feel, motion, and attitude. From the jumpy, soul-inspired groove to the driving verse, there’s a lot going on under the hood. 

You’ll hear the Motown influence - but played like it’s late for a train.
Grab your bass and dig in—this one’s all about getting it in your hands and feeling it for yourself.

===

Video Breakdown:

00:00 - Introduction
00:44 - Motown Inspiration
01:22 - Intro & Chorus Riff
02:58 - Gear & Sound
06:38 - Picking Technique
08:30 - Verse
10:26 - How To Master The Feel
11:00 - Pick Technique Continued
12:40 - Wrap Up
13:05 - Outtakes

===

GET MORE BASS TIPS 👇
_________________________________________________________________
🙌 Be the first to know - SUBSCRIBE now → https://bit.ly/sub-to-sbl-yt
🎧 Tune in to our Weekly PODCAST → https://sblpodcast.buzzsprout.com/share
📱 Try our free GrooveTrainer APP → https://scottsbasslessons.com/groove-trainer-app 


ABOUT SCOTT'S BASS LESSONS (SBL)
_________________________________________________________________
As the largest online bass education platform in the world, with an ever-expanding course library and 40,000+ active members, Scott's Bass Lessons (SBL) has everything you need to master the bass, all in one place. 

With beginner-friendly bass lessons, interactive courses led by industry experts, structured learning paths, personalized feedback, real-time mentorship from top bassists, and a vibrant, supportive community, SBL is the ultimate destination to enhance your bass playing—whether you're starting out or already a professional.

Try SBL Membership today! → https://sbl.link/join-sbl


RECOMMENDED BASS PLAYLIST
_________________________________________________________________
Catch up with SBL Content you've missed:
➡️ https://youtube.com/playlist?list=PLq5Wss5r1Cvvplt7z7O45JHk2TaJ3NT53  

#bassguitarlessons #bassforbeginners #easybasslines","{'default': {'url': 'https://i.ytimg.com/vi/99pGNiKw0-s/default.jpg', 'width': 120, 'height': 90}, 'medium': {'url': 'https://i.ytimg.com/vi/99pGNiKw0-s/mqdefault.jpg', 'width': 320, 'height': 180}, 'high': {'url': 'https://i.ytimg.com/vi/99pGNiKw0-s/hqdefault.jpg', 'width': 480, 'height': 360}, 'standard': {'url': 'https://i.ytimg.com/vi/99pGNiKw0-s/sddefault.jpg', 'width': 640, 'height': 480}, 'maxres': {'url': 'https://i.ytimg.com/vi/99pGNiKw0-s/maxresdefault.jpg', 'width': 1280, 'height': 720}}",Scott's Bass Lessons,"['bass guitar', 'bass lesson', 'bass lessons', 'beginner', 'beginner bass lesson', 'beginner bass lessons', 'beginners', 'electric bass', 'sbl', 'scott devine', ""scott's bass lessons"", 'scotts bass lessons', 'scottsbasslessons']",10,none,en,"{'title': 'Is this the Greatest PUNK-SOUL Bass Line of 1982?', 'description': ""👉 Grab the FREE Tab & Notation here: https://sbl.link/3IXdw6V\n🔥 Try the SBL Bass Academy FREE for 14 Days: https://sbl.link/join-sbl\n🚀 Get 1-1 Bass Coaching (enrollment open now!): https://sbl.link/the-blueprint\n\nPunk meets Motown? In this lesson, Ian breaks down A Town Called Malice by The Jam—a bass line that’s all feel, motion, and attitude. From the jumpy, soul-inspired groove to the driving verse, there’s a lot going on under the hood. \n\nYou’ll hear the Motown influence - but played like it’s late for a train.\nGrab your bass and dig in—this one’s all about getting it in your hands and feeling it for yourself.\n\n===\n\nVideo Breakdown:\n\n00:00 - Introduction\n00:44 - Motown Inspiration\n01:22 - Intro & Chorus Riff\n02:58 - Gear & Sound\n06:38 - Picking Technique\n08:30 - Verse\n10:26 - How To Master The Feel\n11:00 - Pick Technique Continued\n12:40 - Wrap Up\n13:05 - Outtakes\n\n===\n\nGET MORE BASS TIPS 👇\n_________________________________________________________________\n🙌 Be the first to know - SUBSCRIBE now → https://bit.ly/sub-to-sbl-yt\n🎧 Tune in to our Weekly PODCAST → https://sblpodcast.buzzsprout.com/share\n📱 Try our free GrooveTrainer APP → https://scottsbasslessons.com/groove-trainer-app \n\n\nABOUT SCOTT'S BASS LESSONS (SBL)\n_________________________________________________________________\nAs the largest online bass education platform in the world, with an ever-expanding course library and 40,000+ active members, Scott's Bass Lessons (SBL) has everything you need to master the bass, all in one place. \n\nWith beginner-friendly bass lessons, interactive courses led by industry experts, structured learning paths, personalized feedback, real-time mentorship from top bassists, and a vibrant, supportive community, SBL is the ultimate destination to enhance your bass playing—whether you're starting out or already a professional.\n\nTry SBL Membership today! → https://sbl.link/join-sbl\n\n\nRECOMMENDED BASS PLAYLIST\n_________________________________________________________________\nCatch up with SBL Content you've missed:\n➡️ https://youtube.com/playlist?list=PLq5Wss5r1Cvvplt7z7O45JHk2TaJ3NT53  \n\n#bassguitarlessons #bassforbeginners #easybasslines""}",en-US,
VVMtHqlWa4k,2026-09-05,2273,43192,1347,0,134,PT37M53S,2d,hd,false,True,{},rectangular,2025-08-11T15:00:54Z,UCWTj3vCqkQIsrTGSm4kM34g,"Janek Gwizdala's Gear Confessions (Pedals, Basses and more)","🎸 Join the SBL Monthly Giveaway! → https://sbl.link/4gAF9Oj
🔥 Try the SBL Bass Academy FREE for 14 Days: https://sbl.link/join-sbl
🚀 Get 1-1 Bass Coaching (enrollment open now!): https://sbl.link/the-blueprint
💙 Follow Janek Gwizdala 👉 YT:  @janekgwizdala  | www.janekgwizdala.com

Scott sits down with Janek Gwizdala for a deep gear dive, kicking off with his go-to pedal pick for players just getting into bass effects. From there, they move through the basses, pedals, and other essentials that have earned a permanent spot in Janek’s setup. Stick around and see what made the cut.

===

Video Breakdown:

00:00 - Introduction
01:10 - Essential Bass Pedals
04:24 - Compression
05:00 - DIs
07:15 - Performance Pt. 1
08:15 - Janek’s Pedalboard Rundown
18:16 - Performance Pt. 2
19:46 - Improvisation
21:13 - Custom Mattisson Bass
23:27 - RKM Custom Bass V
27:00 - RKM Custom Bass IV
28:35 - Fender Precision Bass
29:30 - Classical Guitar Approach
33:20 - Goya Panther II
35:54 - Final Thoughts

===

GET MORE BASS TIPS 👇
_________________________________________________________________
🙌 Be the first to know - SUBSCRIBE now → https://bit.ly/sub-to-sbl-yt
🎧 Tune in to our Weekly PODCAST → https://sblpodcast.buzzsprout.com/share
📱 Try our free GrooveTrainer APP → https://scottsbasslessons.com/groove-trainer-app 


ABOUT SCOTT’S BASS LESSONS (SBL)
_________________________________________________________________
As the largest online bass education platform in the world, with an ever-expanding course library and 40,000+ active members, Scott’s Bass Lessons (SBL) has everything you need to master the bass, all in one place. 

With beginner-friendly bass lessons, interactive courses led by industry experts, structured learning paths, personalized feedback, real-time mentorship from top bassists, and a vibrant, supportive community, SBL is the ultimate destination to enhance your bass playing—whether you're starting out or already a professional.

Try SBL Membership today! → https://sbl.link/join-sbl


RECOMMENDED BASS PLAYLIST
_________________________________________________________________
Catch up with SBL Content you’ve missed:
➡️ https://youtube.com/playlist?list=PLq5Wss5r1Cvvplt7z7O45JHk2TaJ3NT53  

#bassguitarlessons #bassforbeginners #easybasslines","{'default': {'url': 'https://i.ytimg.com/vi/VVMtHqlWa4k/default.jpg', 'width': 120, 'height': 90}, 'medium': {'url': 'https://i.ytimg.com/vi/VVMtHqlWa4k/mqdefault.jpg', 'width': 320, 'height': 180}, 'high': {'url': 'https://i.ytimg.com/vi/VVMtHqlWa4k/hqdefault.jpg', 'width': 480, 'height': 360}, 'standard': {'url': 'https://i.ytimg.com/vi/VVMtHqlWa4k/sddefault.jpg', 'width': 640, 'height': 480}, 'maxres': {'url': 'https://i.ytimg.com/vi/VVMtHqlWa4k/maxresdefault.jpg', 'width': 1280, 'height': 720}}",Scott's Bass Lessons,"['scott devine', 'bass lessons', 'bass guitar', 'beginner', 'beginners', 'scottsbasslessons', 'scotts bass lessons', 'sbl', 'electric bass', 'bass lesson', 'beginner bass lesson', 'beginner bass lessons']",10,none,en,"{'title': ""Janek Gwizdala's Gear Confessions (Pedals, Basses and more)"", 'description': ""🎸 Join the SBL Monthly Giveaway! → https://sbl.link/4gAF9Oj\n🔥 Try the SBL Bass Academy FREE for 14 Days: https://sbl.link/join-sbl\n🚀 Get 1-1 Bass Coaching (enrollment open now!): https://sbl.link/the-blueprint\n💙 Follow Janek Gwizdala 👉 YT:  @janekgwizdala  | www.janekgwizdala.com\n\nScott sits down with Janek Gwizdala for a deep gear dive, kicking off with his go-to pedal pick for players just getting into bass effects. From there, they move through the basses, pedals, and other essentials that have earned a permanent spot in Janek’s setup. Stick around and see what made the cut.\n\n===\n\nVideo Breakdown:\n\n00:00 - Introduction\n01:10 - Essential Bass Pedals\n04:24 - Compression\n05:00 - DIs\n07:15 - Performance Pt. 1\n08:15 - Janek’s Pedalboard Rundown\n18:16 - Performance Pt. 2\n19:46 - Improvisation\n21:13 - Custom Mattisson Bass\n23:27 - RKM Custom Bass V\n27:00 - RKM Custom Bass IV\n28:35 - Fender Precision Bass\n29:30 - Classical Guitar Approach\n33:20 - Goya Panther II\n35:54 - Final Thoughts\n\n===\n\nGET MORE BASS TIPS 👇\n_________________________________________________________________\n🙌 Be the first to know - SUBSCRIBE now → https://bit.ly/sub-to-sbl-yt\n🎧 Tune in to our Weekly PODCAST → https://sblpodcast.buzzsprout.com/share\n📱 Try our free GrooveTrainer APP → https://scottsbasslessons.com/groove-trainer-app \n\n\nABOUT SCOTT’S BASS LESSONS (SBL)\n_________________________________________________________________\nAs the largest online bass education platform in the world, with an ever-expanding course library and 40,000+ active members, Scott’s Bass Lessons (SBL) has everything you need to master the bass, all in one place. \n\nWith beginner-friendly bass lessons, interactive courses led by industry experts, structured learning paths, personalized feedback, real-time mentorship from top bassists, and a vibrant, supportive community, SBL is the ultimate destination to enhance your bass playing—whether you're starting out or already a professional.\n\nTry SBL Membership today! → https://sbl.link/join-sbl\n\n\nRECOMMENDED BASS PLAYLIST\n_________________________________________________________________\nCatch up with SBL Content you’ve missed:\n➡️ https://youtube.com/playlist?list=PLq5Wss5r1Cvvplt7z7O45JHk2TaJ3NT53  \n\n#bassguitarlessons #bassforbeginners #easybasslines""}",en,
go6CfSD0f10,2026-09-05,1364,729137,21111,0,1272,PT22M44S,2d,hd,false,False,{},rectangular,2025-08-13T15:01:13Z,UCWTj3vCqkQIsrTGSm4kM34g,"Jazz Fusion Trio Covers The Police on the spot (ft. Hadrien Feraud, Cory Henry & Ronald Bruner Jr.)","🔥 Try the SBL Bass Academy FREE for 14 Days: https://sbl.link/join-sbl
🚀 Get 1-1 Bass Coaching (enrollment open now!): https://sbl.link/the-blueprint

What happens when Hadrien Feraud, Cory Henry, and Ronald Bruner Jr. take on a Police tune—and flip it into a brand-new arrangement on the spot? Ian and Scott watch in awe as the trio crack the harmony, lock in the groove, and bring the whole thing to life right in front of you.

===

Video Breakdown:

00:00 - Introduction
01:07 - The Track Reveal (The Police - King of Pain)
02:34 - Figuring Out The Harmony
03:25 - Finding The Groove
05:40 - Last Verse Variant
07:08 - King of Pain - Full Take
15:50 - Q&A

===

GET MORE BASS TIPS 👇
_________________________________________________________________
🙌 Be the first to know - SUBSCRIBE now → https://bit.ly/sub-to-sbl-yt
🎧 Tune in to our Weekly PODCAST → https://sblpodcast.buzzsprout.com/share
📱 Try our free GrooveTrainer APP → https://scottsbasslessons.com/groove-trainer-app 


ABOUT SCOTT’S BASS LESSONS (SBL)
_________________________________________________________________
As the largest online bass education platform in the world, with an ever-expanding course library and 40,000+ active members, Scott’s Bass Lessons (SBL) has everything you need to master the bass, all in one place. 

With beginner-friendly bass lessons, interactive courses led by industry experts, structured learning paths, personalized feedback, real-time mentorship from top bassists, and a vibrant, supportive community, SBL is the ultimate destination to enhance your bass playing—whether you're starting out or already a professional.

Try SBL Membership today! → https://sbl.link/join-sbl


RECOMMENDED BASS PLAYLIST
_________________________________________________________________
Catch up with SBL Content you’ve missed:
➡️ https://youtube.com/playlist?list=PLq5Wss5r1Cvvplt7z7O45JHk2TaJ3NT53  

#bassguitarlessons #bassforbeginners #easybasslines","{'default': {'url': 'https://i.ytimg.com/vi/go6CfSD0f10/default.jpg', 'width': 120, 'height': 90}, 'medium': {'url': 'https://i.ytimg.com/vi/go6CfSD0f10/mqdefault.jpg', 'width': 320, 'height': 180}, 'high': {'url': 'https://i.ytimg.com/vi/go6CfSD0f10/hqdefault.jpg', 'width': 480, 'height': 360}, 'standard': {'url': 'https://i.ytimg.com/vi/go6CfSD0f10/sddefault.jpg', 'width': 640, 'height': 480}, 'maxres': {'url': 'https://i.ytimg.com/vi/go6CfSD0f10/maxresdefault.jpg', 'width': 1280, 'height': 720}}",Scott's Bass Lessons,"['scott devine', 'bass lessons', 'bass guitar', 'beginner', 'beginners', 'scottsbasslessons', 'scotts bass lessons', 'sbl', 'electric bass', 'bass lesson', 'beginner bass lesson', 'beginner bass lessons']",10,none,en,"{'title': 'Jazz Fusion Trio Covers The Police on the spot (ft. Hadrien Feraud, Cory Henry & Ronald Bruner Jr.)', 'description': ""🔥 Try the SBL Bass Academy FREE for 14 Days: https://sbl.link/join-sbl\n🚀 Get 1-1 Bass Coaching (enrollment open now!): https://sbl.link/the-blueprint\n\nWhat happens when Hadrien Feraud, Cory Henry, and Ronald Bruner Jr. take on a Police tune—and flip it into a brand-new arrangement on the spot? Ian and Scott watch in awe as the trio crack the harmony, lock in the groove, and bring the whole thing to life right in front of you.\n\n===\n\nVideo Breakdown:\n\n00:00 - Introduction\n01:07 - The Track Reveal (The Police - King of Pain)\n02:34 - Figuring Out The Harmony\n03:25 - Finding The Groove\n05:40 - Last Verse Variant\n07:08 - King of Pain - Full Take\n15:50 - Q&A\n\n===\n\nGET MORE BASS TIPS 👇\n_________________________________________________________________\n🙌 Be the first to know - SUBSCRIBE now → https://bit.ly/sub-to-sbl-yt\n🎧 Tune in to our Weekly PODCAST → https://sblpodcast.buzzsprout.com/share\n📱 Try our free GrooveTrainer APP → https://scottsbasslessons.com/groove-trainer-app \n\n\nABOUT SCOTT’S BASS LESSONS (SBL)\n_________________________________________________________________\nAs the largest online bass education platform in the world, with an ever-expanding course library and 40,000+ active members, Scott’s Bass Lessons (SBL) has everything you need to master the bass, all in one place. \n\nWith beginner-friendly bass lessons, interactive courses led by industry experts, structured learning paths, personalized feedback, real-time mentorship from top bassists, and a vibrant, supportive community, SBL is the ultimate destination to enhance your bass playing—whether you're starting out or already a professional.\n\nTry SBL Membership today! → https://sbl.link/join-sbl\n\n\nRECOMMENDED BASS PLAYLIST\n_________________________________________________________________\nCatch up with SBL Content you’ve missed:\n➡️ https://youtube.com/playlist?list=PLq5Wss5r1Cvvplt7z7O45JHk2TaJ3NT53  \n\n#bassguitarlessons #bassforbeginners #easybasslines""}",en,"{'blocked': ['BY', 'RU']}"
Gbm9Zg5ww5A,2026-09-05,715,145744,5682,0,630,PT11M55S,2d,hd,false,False,{},rectangular,2025-08-20T15:00:33Z,UCWTj3vCqkQIsrTGSm4kM34g,Is this the Greatest GRUNGE Bass Line of 1992?,"👉 Grab the FREE Tab & Notation here: https://sbl.link/47avtJf
🔥 Try the SBL Bass Academy FREE for 14 Days: https://sbl.link/join-sbl
🚀 Get 1-1 Bass Coaching (enrollment open now!): https://sbl.link/the-blueprint

Is Would? The ultimate grunge bass line? Scott and Ian explore the riffs, tone, and production tricks that turned this Alice in Chains anthem into one of the most unforgettable bass moments of the '90s. Grab your bass, tune down, and play along as they unpack every detail.

===

Video Breakdown:

00:00 - Introduction
00:53 - Verse
02:25 - The Isolated Bass Part
03:00 - Verse (Continued)
04:35 - The Tone
05:34 - The Lollapalooza Soundcheck 1993
06:15 - The Art SGX Nightbass
07:33 - Chorus
08:40 - The Secret Revealed!
11:00 - Final Thoughts
11:23 - Outtakes

===

GET MORE BASS TIPS 👇
_________________________________________________________________
🙌 Be the first to know - SUBSCRIBE now → https://bit.ly/sub-to-sbl-yt
🎧 Tune in to our Weekly PODCAST → https://sblpodcast.buzzsprout.com/share
📱 Try our free GrooveTrainer APP → https://scottsbasslessons.com/groove-trainer-app 


ABOUT SCOTT'S BASS LESSONS (SBL)
_________________________________________________________________
As the largest online bass education platform in the world, with an ever-expanding course library and 40,000+ active members, Scott's Bass Lessons (SBL) has everything you need to master the bass, all in one place. 

With beginner-friendly bass lessons, interactive courses led by industry experts, structured learning paths, personalized feedback, real-time mentorship from top bassists, and a vibrant, supportive community, SBL is the ultimate destination to enhance your bass playing—whether you're starting out or already a professional.

Try SBL Membership today! → https://sbl.link/join-sbl


RECOMMENDED BASS PLAYLIST
_________________________________________________________________
Catch up with SBL Content you've missed:
➡️ https://youtube.com/playlist?list=PLq5Wss5r1Cvvplt7z7O45JHk2TaJ3NT53  

#bassguitarlessons #bassforbeginners #easybasslines","{'default': {'url': 'https://i.ytimg.com/vi/Gbm9Zg5ww5A/default.jpg', 'width': 120, 'height': 90}, 'medium': {'url': 'https://i.ytimg.com/vi/Gbm9Zg5ww5A/mqdefault.jpg', 'width': 320, 'height': 180}, 'high': {'url': 'https://i.ytimg.com/vi/Gbm9Zg5ww5A/hqdefault.jpg', 'width': 480, 'height': 360}, 'standard': {'url': 'https://i.ytimg.com/vi/Gbm9Zg5ww5A/sddefault.jpg', 'width': 640, 'height': 480}, 'maxres': {'url': 'https://i.ytimg.com/vi/Gbm9Zg5ww5A/maxresdefault.jpg', 'width': 1280, 'height': 720}}",Scott's Bass Lessons,"['bass guitar', 'bass lesson', 'bass lessons', 'beginner', 'beginner bass lesson', 'beginner bass lessons', 'beginners', 'electric bass', 'sbl', 'scott devine', ""scott's bass lessons"", 'scotts bass lessons', 'scottsbasslessons']",10,none,en,"{'title': 'Is this the Greatest GRUNGE Bass Line of 1992?', 'description': ""👉 Grab the FREE Tab & Notation here: https://sbl.link/47avtJf\n🔥 Try the SBL Bass Academy FREE for 14 Days: https://sbl.link/join-sbl\n🚀 Get 1-1 Bass Coaching (enrollment open now!): https://sbl.link/the-blueprint\n\nIs Would? The ultimate grunge bass line? Scott and Ian explore the riffs, tone, and production tricks that turned this Alice in Chains anthem into one of the most unforgettable bass moments of the '90s. Grab your bass, tune down, and play along as they unpack every detail.\n\n===\n\nVideo Breakdown:\n\n00:00 - Introduction\n00:53 - Verse\n02:25 - The Isolated Bass Part\n03:00 - Verse (Continued)\n04:35 - The Tone\n05:34 - The Lollapalooza Soundcheck 1993\n06:15 - The Art SGX Nightbass\n07:33 - Chorus\n08:40 - The Secret Revealed!\n11:00 - Final Thoughts\n11:23 - Outtakes\n\n===\n\nGET MORE BASS TIPS 👇\n_________________________________________________________________\n🙌 Be the first to know - SUBSCRIBE now → https://bit.ly/sub-to-sbl-yt\n🎧 Tune in to our Weekly PODCAST → https://sblpodcast.buzzsprout.com/share\n📱 Try our free GrooveTrainer APP → https://scottsbasslessons.com/groove-trainer-app \n\n\nABOUT SCOTT'S BASS LESSONS (SBL)\n_________________________________________________________________\nAs the largest online bass education platform in the world, with an ever-expanding course library and 40,000+ active members, Scott's Bass Lessons (SBL) has everything you need to master the bass, all in one place. \n\nWith beginner-friendly bass lessons, interactive courses led by industry experts, structured learning paths, personalized feedback, real-time mentorship from top bassists, and a vibrant, supportive community, SBL is the ultimate destination to enhance your bass playing—whether you're starting out or already a professional.\n\nTry SBL Membership today! → https://sbl.link/join-sbl\n\n\nRECOMMENDED BASS PLAYLIST\n_________________________________________________________________\nCatch up with SBL Content you've missed:\n➡️ https://youtube.com/playlist?list=PLq5Wss5r1Cvvplt7z7O45JHk2TaJ3NT53  \n\n#bassguitarlessons #bassforbeginners #easybasslines""}",en-US,{'blocked': ['RU']}
KQQJN_YUYAQ,2026-09-05,4141,17771,397,0,79,PT1H9M1S,2d,hd,false,True,{},rectangular,2025-08-22T15:00:38Z,UCWTj3vCqkQIsrTGSm4kM34g,What if one program could solve all of your bass troubles?,"🚀 Get 1-1 Bass Coaching (enrollment open now!): http://thesblblueprint.com/
🔥 Try the SBL Bass Academy FREE for 14 Days: https://sbl.link/join-sbl

For the past three years, the Blueprint has quietly been helping bass players work through the same hurdles we all face. In this episode, Scott and Ian bring on the coaches who’ve been working one-on-one with students every week to talk about what the program’s really like, the common problems that keep showing up, and how players move past them. If you’ve ever felt stuck on your bass journey, this one’s for you.

===

Video Breakdown:

00:00:00 - Introduction
00:02:13 - Simon King (Head of Coaching)
00:06:13 - Keith Peberdy (Coach)
00:12:49 - Jim Moore (Head of Program)
00:13:46 - The Development of the Program
00:16:00 - Assessments
00:19:00 - The Pillars & Onboarding Process
00:21:30 - Awareness of Problem Areas
00:24:40 - Common Problems
00:29:20 - Pressure
00:33:45 - Dedication
00:36:00 - Group Learning & The Blueprint Live
00:37:25 - Awareness of Problem Areas (continued)
00:45:00 - How much time does the program take?
00:49:55 - Identifying the Spark 
00:52:54 - Masterclasses
00:58:33 - Blueprint Live
01:01:00 - Community
01:02:25 - Before & After
01:04:00 - Final Thoughts

===

GET MORE BASS TIPS 👇
_________________________________________________________________
🙌 Be the first to know - SUBSCRIBE now → https://bit.ly/sub-to-sbl-yt
🎧 Tune in to our Weekly PODCAST → https://sblpodcast.buzzsprout.com/share
📱 Try our free GrooveTrainer APP → https://scottsbasslessons.com/groove-trainer-app 


ABOUT SCOTT'S BASS LESSONS (SBL)
_________________________________________________________________
As the largest online bass education platform in the world, with an ever-expanding course library and 40,000+ active members, Scott's Bass Lessons (SBL) has everything you need to master the bass, all in one place. 

With beginner-friendly bass lessons, interactive courses led by industry experts, structured learning paths, personalized feedback, real-time mentorship from top bassists, and a vibrant, supportive community, SBL is the ultimate destination to enhance your bass playing—whether you're starting out or already a professional.

Try SBL Membership today! → https://sbl.link/join-sbl


RECOMMENDED BASS PLAYLIST
_________________________________________________________________
Catch up with SBL Content you've missed:
➡️ https://youtube.com/playlist?list=PLq5Wss5r1Cvvplt7z7O45JHk2TaJ3NT53  

#bassguitarlessons #bassforbeginners #easybasslines","{'default': {'url': 'https://i.ytimg.com/vi/KQQJN_YUYAQ/default.jpg', 'width': 120, 'height': 90}, 'medium': {'url': 'https://i.ytimg.com/vi/KQQJN_YUYAQ/mqdefault.jpg', 'width': 320, 'height': 180}, 'high': {'url': 'https://i.ytimg.com/vi/KQQJN_YUYAQ/hqdefault.jpg', 'width': 480, 'height': 360}, 'standard': {'url': 'https://i.ytimg.com/vi/KQQJN_YUYAQ/sddefault.jpg', 'width': 640, 'height': 480}, 'maxres': {'url': 'https://i.ytimg.com/vi/KQQJN_YUYAQ/maxresdefault.jpg', 'width': 1280, 'height': 720}}",Scott's Bass Lessons,"['bass guitar', 'bass lesson', 'bass lessons', 'beginner', 'beginner bass lesson', 'beginner bass lessons', 'beginners', 'electric bass', 'sbl', 'scott devine', ""scott's bass lessons"", 'scotts bass lessons', 'scottsbasslessons']",10,none,en,"{'title': 'What if one program could solve all of your bass troubles?', 'description': ""🚀 Get 1-1 Bass Coaching (enrollment open now!): http://thesblblueprint.com/\n🔥 Try the SBL Bass Academy FREE for 14 Days: https://sbl.link/join-sbl\n\nFor the past three years, the Blueprint has quietly been helping bass players work through the same hurdles we all face. In this episode, Scott and Ian bring on the coaches who’ve been working one-on-one with students every week to talk about what the program’s really like, the common problems that keep showing up, and how players move past them. If you’ve ever felt stuck on your bass journey, this one’s for you.\n\n===\n\nVideo Breakdown:\n\n00:00:00 - Introduction\n00:02:13 - Simon King (Head of Coaching)\n00:06:13 - Keith Peberdy (Coach)\n00:12:49 - Jim Moore (Head of Program)\n00:13:46 - The Development of the Program\n00:16:00 - Assessments\n00:19:00 - The Pillars & Onboarding Process\n00:21:30 - Awareness of Problem Areas\n00:24:40 - Common Problems\n00:29:20 - Pressure\n00:33:45 - Dedication\n00:36:00 - Group Learning & The Blueprint Live\n00:37:25 - Awareness of Problem Areas (continued)\n00:45:00 - How much time does the program take?\n00:49:55 - Identifying the Spark \n00:52:54 - Masterclasses\n00:58:33 - Blueprint Live\n01:01:00 - Community\n01:02:25 - Before & After\n01:04:00 - Final Thoughts\n\n===\n\nGET MORE BASS TIPS 👇\n_________________________________________________________________\n🙌 Be the first to know - SUBSCRIBE now → https://bit.ly/sub-to-sbl-yt\n🎧 Tune in to our Weekly PODCAST → https://sblpodcast.buzzsprout.com/share\n📱 Try our free GrooveTrainer APP → https://scottsbasslessons.com/groove-trainer-app \n\n\nABOUT SCOTT'S BASS LESSONS (SBL)\n_________________________________________________________________\nAs the largest online bass education platform in the world, with an ever-expanding course library and 40,000+ active members, Scott's Bass Lessons (SBL) has everything you need to master the bass, all in one place. \n\nWith beginner-friendly bass lessons, interactive courses led by industry experts, structured learning paths, personalized feedback, real-time mentorship from top bassists, and a vibrant, supportive community, SBL is the ultimate destination to enhance your bass playing—whether you're starting out or already a professional.\n\nTry SBL Membership today! → https://sbl.link/join-sbl\n\n\nRECOMMENDED BASS PLAYLIST\n_________________________________________________________________\nCatch up with SBL Content you've missed:\n➡️ https://youtube.com/playlist?list=PLq5Wss5r1Cvvplt7z7O45JHk2TaJ3NT53  \n\n#bassguitarlessons #bassforbeginners #easybasslines""}",en-US,
UlcWLU1o_yI,2026-09-05,3495,143327,4762,0,682,PT58M15S,2d,hd,false,False,{},rectangular,2025-08-26T15:00:50Z,UCWTj3vCqkQIsrTGSm4kM34g,MXR Bass Synth: The Bass Pedal that BROKE the internet,"🔥 Try the SBL Bass Academy FREE for 14 Days: https://sbl.link/join-sbl
🚀 Get 1-1 Bass Coaching (enrollment open now!): https://sbl.link/the-blueprint

What happens when you’re not just handed a brand-new bass pedal, but asked to help design the sounds inside it? That’s where Ian found himself with the MXR Synth Pedal. In this episode, he and Sharon finally spill the story - from the first prototype that blew him away, to the sounds he programmed, and why this pedal left every other synth in the dust.
===

Video Breakdown:

00:00 - Introduction
04:41 - The Dunlop Team
05:30 - Tracking & Latency
08:30 - Will Birckhead & Andrew Gouche
09:20 - The Controls / Product Design
12:32 - The Release
17:00 - Green 1
25:50 - Green 2
29:50 - Green 3
33:00 - Green 4
36:00 - Red 1
38:30 - Red 2
43:00 - Red 3
44:30 - Red 4
47:00 - Playing Synth Bass
50:00 - The Prototype
53:00 - Final Thoughts

===

GET MORE BASS TIPS 👇
_________________________________________________________________
🙌 Be the first to know - SUBSCRIBE now → https://bit.ly/sub-to-sbl-yt
🎧 Tune in to our Weekly PODCAST → https://sblpodcast.buzzsprout.com/share
📱 Try our free GrooveTrainer APP → https://scottsbasslessons.com/groove-trainer-app 


ABOUT SCOTT'S BASS LESSONS (SBL)
_________________________________________________________________
As the largest online bass education platform in the world, with an ever-expanding course library and 40,000+ active members, Scott's Bass Lessons (SBL) has everything you need to master the bass, all in one place. 

With beginner-friendly bass lessons, interactive courses led by industry experts, structured learning paths, personalized feedback, real-time mentorship from top bassists, and a vibrant, supportive community, SBL is the ultimate destination to enhance your bass playing—whether you're starting out or already a professional.

Try SBL Membership today! → https://sbl.link/join-sbl


RECOMMENDED BASS PLAYLIST
_________________________________________________________________
Catch up with SBL Content you've missed:
➡️ https://youtube.com/playlist?list=PLq5Wss5r1Cvvplt7z7O45JHk2TaJ3NT53  

#bassguitarlessons #bassforbeginners #easybasslines","{'default': {'url': 'https://i.ytimg.com/vi/UlcWLU1o_yI/default.jpg', 'width': 120, 'height': 90}, 'medium': {'url': 'https://i.ytimg.com/vi/UlcWLU1o_yI/mqdefault.jpg', 'width': 320, 'height': 180}, 'high': {'url': 'https://i.ytimg.com/vi/UlcWLU1o_yI/hqdefault.jpg', 'width': 480, 'height': 360}, 'standard': {'url': 'https://i.ytimg.com/vi/UlcWLU1o_yI/sddefault.jpg', 'width': 640, 'height': 480}, 'maxres': {'url': 'https://i.ytimg.com/vi/UlcWLU1o_yI/maxresdefault.jpg', 'width': 1280, 'height': 720}}",Scott's Bass Lessons,"['bass guitar', 'bass lesson', 'bass lessons', 'beginner', 'beginner bass lesson', 'beginner bass lessons', 'beginners', 'electric bass', 'sbl', 'scott devine', ""scott's bass lessons"", 'scotts bass lessons', 'scottsbasslessons']",10,none,en,"{'title': 'MXR Bass Synth: The Bass Pedal that BROKE the internet', 'description': ""🔥 Try the SBL Bass Academy FREE for 14 Days: https://sbl.link/join-sbl\n🚀 Get 1-1 Bass Coaching (enrollment open now!): https://sbl.link/the-blueprint\n\nWhat happens when you’re not just handed a brand-new bass pedal, but asked to help design the sounds inside it? That’s where Ian found himself with the MXR Synth Pedal. In this episode, he and Sharon finally spill the story - from the first prototype that blew him away, to the sounds he programmed, and why this pedal left every other synth in the dust.\n===\n\nVideo Breakdown:\n\n00:00 - Introduction\n04:41 - The Dunlop Team\n05:30 - Tracking & Latency\n08:30 - Will Birckhead & Andrew Gouche\n09:20 - The Controls / Product Design\n12:32 - The Release\n17:00 - Green 1\n25:50 - Green 2\n29:50 - Green 3\n33:00 - Green 4\n36:00 - Red 1\n38:30 - Red 2\n43:00 - Red 3\n44:30 - Red 4\n47:00 - Playing Synth Bass\n50:00 - The Prototype\n53:00 - Final Thoughts\n\n===\n\nGET MORE BASS TIPS 👇\n_________________________________________________________________\n🙌 Be the first to know - SUBSCRIBE now → https://bit.ly/sub-to-sbl-yt\n🎧 Tune in to our Weekly PODCAST → https://sblpodcast.buzzsprout.com/share\n📱 Try our free GrooveTrainer APP → https://scottsbasslessons.com/groove-trainer-app \n\n\nABOUT SCOTT'S BASS LESSONS (SBL)\n_________________________________________________________________\nAs the largest online bass education platform in the world, with an ever-expanding course library and 40,000+ active members, Scott's Bass Lessons (SBL) has everything you need to master the bass, all in one place. \n\nWith beginner-friendly bass lessons, interactive courses led by industry experts, structured learning paths, personalized feedback, real-time mentorship from top bassists, and a vibrant, supportive community, SBL is the ultimate destination to enhance your bass playing—whether you're starting out or already a professional.\n\nTry SBL Membership today! → https://sbl.link/join-sbl\n\n\nRECOMMENDED BASS PLAYLIST\n_________________________________________________________________\nCatch up with SBL Content you've missed:\n➡️ https://youtube.com/playlist?list=PLq5Wss5r1Cvvplt7z7O45JHk2TaJ3NT53  \n\n#bassguitarlessons #bassforbeginners #easybasslines""}",en-US,{'blocked': ['RU']}
PQk1VondNws,2026-09-05,406,122327,7096,0,483,PT6M46S,2d,hd,false,False,{},rectangular,2025-08-29T15:00:49Z,UCWTj3vCqkQIsrTGSm4kM34g,Danny Sapko Learns Spinal Tap As Fast As Possible,"👉 Grab the FREE Tab & Notation here: https://sbl.link/4mF8Npn
🔥 Try the SBL Bass Academy FREE for 14 Days: https://sbl.link/join-sbl
🚀 Get 1-1 Bass Coaching (enrollment open now!): https://sbl.link/the-blueprint

===

Video Breakdown:

00:00 - Introduction
00:48 - First Listen (Stonehenge - Spinal Tap Feat. Elton John)
02:22 - Relative Pitch
02:50 - Figuring It Out
03:40 - Placing The Dipstick Lick
04:00 - Final Tehk
05:58 - How to Dipstick
06:30 - Outtakes

===

GET MORE BASS TIPS 👇
_________________________________________________________________
🙌 Be the first to know - SUBSCRIBE now → https://bit.ly/sub-to-sbl-yt
🎧 Tune in to our Weekly PODCAST → https://sblpodcast.buzzsprout.com/share
📱 Try our free GrooveTrainer APP → https://scottsbasslessons.com/groove-trainer-app 


ABOUT SCOTT'S BASS LESSONS (SBL)
_________________________________________________________________
As the largest online bass education platform in the world, with an ever-expanding course library and 40,000+ active members, Scott's Bass Lessons (SBL) has everything you need to master the bass, all in one place. 

With beginner-friendly bass lessons, interactive courses led by industry experts, structured learning paths, personalized feedback, real-time mentorship from top bassists, and a vibrant, supportive community, SBL is the ultimate destination to enhance your bass playing—whether you're starting out or already a professional.

Try SBL Membership today! → https://sbl.link/join-sbl


RECOMMENDED BASS PLAYLIST
_________________________________________________________________
Catch up with SBL Content you've missed:
➡️ https://youtube.com/playlist?list=PLq5Wss5r1Cvvplt7z7O45JHk2TaJ3NT53  

#bassguitarlessons #bassforbeginners #easybasslines","{'default': {'url': 'https://i.ytimg.com/vi/PQk1VondNws/default.jpg', 'width': 120, 'height': 90}, 'medium': {'url': 'https://i.ytimg.com/vi/PQk1VondNws/mqdefault.jpg', 'width': 320, 'height': 180}, 'high': {'url': 'https://i.ytimg.com/vi/PQk1VondNws/hqdefault.jpg', 'width': 480, 'height': 360}, 'standard': {'url': 'https://i.ytimg.com/vi/PQk1VondNws/sddefault.jpg', 'width': 640, 'height': 480}, 'maxres': {'url': 'https://i.ytimg.com/vi/PQk1VondNws/maxresdefault.jpg', 'width': 1280, 'height': 720}}",Scott's Bass Lessons,"['bass guitar', 'bass lesson', 'bass lessons', 'beginner', 'beginner bass lesson', 'beginner bass lessons', 'beginners', 'electric bass', 'sbl', 'scott devine', ""scott's bass lessons"", 'scotts bass lessons', 'scottsbasslessons']",10,none,en,"{'title': 'Danny Sapko Learns Spinal Tap As Fast As Possible', 'description': ""👉 Grab the FREE Tab & Notation here: https://sbl.link/4mF8Npn\n🔥 Try the SBL Bass Academy FREE for 14 Days: https://sbl.link/join-sbl\n🚀 Get 1-1 Bass Coaching (enrollment open now!): https://sbl.link/the-blueprint\n\n===\n\nVideo Breakdown:\n\n00:00 - Introduction\n00:48 - First Listen (Stonehenge - Spinal Tap Feat. Elton John)\n02:22 - Relative Pitch\n02:50 - Figuring It Out\n03:40 - Placing The Dipstick Lick\n04:00 - Final Tehk\n05:58 - How to Dipstick\n06:30 - Outtakes\n\n===\n\nGET MORE BASS TIPS 👇\n_________________________________________________________________\n🙌 Be the first to know - SUBSCRIBE now → https://bit.ly/sub-to-sbl-yt\n🎧 Tune in to our Weekly PODCAST → https://sblpodcast.buzzsprout.com/share\n📱 Try our free GrooveTrainer APP → https://scottsbasslessons.com/groove-trainer-app \n\n\nABOUT SCOTT'S BASS LESSONS (SBL)\n_________________________________________________________________\nAs the largest online bass education platform in the world, with an ever-expanding course library and 40,000+ active members, Scott's Bass Lessons (SBL) has everything you need to master the bass, all in one place. \n\nWith beginner-friendly bass lessons, interactive courses led by industry experts, structured learning paths, personalized feedback, real-time mentorship from top bassists, and a vibrant, supportive community, SBL is the ultimate destination to enhance your bass playing—whether you're starting out or already a professional.\n\nTry SBL Membership today! → https://sbl.link/join-sbl\n\n\nRECOMMENDED BASS PLAYLIST\n_________________________________________________________________\nCatch up with SBL Content you've missed:\n➡️ https://youtube.com/playlist?list=PLq5Wss5r1Cvvplt7z7O45JHk2TaJ3NT53  \n\n#bassguitarlessons #bassforbeginners #easybasslines""}",en-US,"{'blocked': ['BY', 'RU']}"
